-- --------------------------------------------------------
-- Host:                         127.0.0.1
-- Server version:               5.5.28 - MySQL Community Server (GPL)
-- Server OS:                    Win64
-- HeidiSQL Version:             7.0.0.4321
-- --------------------------------------------------------

/*!40101 SET @OLD_CHARACTER_SET_CLIENT=@@CHARACTER_SET_CLIENT */;
/*!40101 SET NAMES utf8 */;
/*!40014 SET @OLD_FOREIGN_KEY_CHECKS=@@FOREIGN_KEY_CHECKS, FOREIGN_KEY_CHECKS=0 */;
/*!40101 SET @OLD_SQL_MODE=@@SQL_MODE, SQL_MODE='NO_AUTO_VALUE_ON_ZERO' */;

-- Dumping database structure for naesta_cleanup
DROP DATABASE IF EXISTS `naesta_cleanup`;
CREATE DATABASE IF NOT EXISTS `naesta_cleanup` /*!40100 DEFAULT CHARACTER SET latin1 */;
USE `naesta_cleanup`;


-- Dumping structure for table naesta_cleanup.alarmthreshold
DROP TABLE IF EXISTS `alarmthreshold`;
CREATE TABLE IF NOT EXISTS `alarmthreshold` (
  `id` int(10) NOT NULL AUTO_INCREMENT,
  `assettype` int(2) NOT NULL,
  `param` varchar(45) NOT NULL,
  `comparisonType` int(2) NOT NULL,
  `value1` varchar(45) NOT NULL,
  `value2` varchar(45) DEFAULT NULL,
  `paramType` int(2) NOT NULL,
  `alarmType` int(2) NOT NULL,
  `alarmAction` int(2) NOT NULL,
  `message` varchar(256) DEFAULT NULL,
  `param_id` int(11) NOT NULL,
  PRIMARY KEY (`id`)
) ENGINE=InnoDB AUTO_INCREMENT=22 DEFAULT CHARSET=latin1;

-- Dumping data for table naesta_cleanup.alarmthreshold: ~21 rows (approximately)
DELETE FROM `alarmthreshold`;
/*!40000 ALTER TABLE `alarmthreshold` DISABLE KEYS */;
INSERT INTO `alarmthreshold` (`id`, `assettype`, `param`, `comparisonType`, `value1`, `value2`, `paramType`, `alarmType`, `alarmAction`, `message`, `param_id`) VALUES
	(1, 2, 'CcrOprStatus', 1, '0', '0', 1, 2, 2, 'CCR OPERATIONAL STATUS - NO', 100),
	(2, 3, 'KsrOperStatus', 1, '0', '0', 1, 2, 2, 'KSR OPERATIONAL STATUS - NO', 101),
	(3, 5, 'GsmStatus', 1, '0', '0', 1, 2, 2, 'GSM STATUS - DISCONNECTED', 200),
	(4, 5, 'GsmAntennaSignalStrength', 4, '15', '0', 1, 1, 2, 'GSM ANTENNA SIGNAL STRENGTH', 201),
	(5, 6, 'DoorSensorstatus', 1, '0', '0', 1, 1, 2, 'DOOR SENSOR STATUS - OPEN WITH KEY', 300),
	(6, 6, 'DoorSensorstatus', 1, '1', '0', 3, 2, 2, 'DOOR SENSOR STATUS - OPEN WITH NO KEY', 301),
	(7, 7, 'PdmBatteryVoltage', 5, '12.0', '12.2', 2, 1, 2, 'PDM BATTER VOLTAGE', 400),
	(8, 7, 'PdmBatteryVoltage', 5, '11.8', '12.0', 2, 2, 2, 'MSG', 401),
	(9, 7, 'PdmScmOutputVoltage', 1, '0', '0', 2, 1, 2, 'PDM SCM OUTPUT VOLTAGE - No Voltage', 402),
	(10, 8, 'PtrPaperSensor', 1, '0', '0', 1, 1, 2, 'PTR PAPER SENSOR - LOW PAPER', 500),
	(11, 8, 'PtrPaperSensor', 1, '1', '0', 1, 2, 2, 'PTR PAPER SENSOR -OUT OF PAPER', 501),
	(12, 8, 'PtrPaperJam', 1, '0', '0', 1, 2, 2, 'PTR PAPER JAM', 502),
	(13, 8, 'PtrOperationalStatus', 1, '0', '0', 1, 2, 2, 'PTR OPERATIONAL STATUS - ERR MSG', 503),
	(14, 9, 'ScmOperationalStatus', 1, '0', '0', 1, 2, 2, 'SCM OPERATIONAL STATUS - ERR MSG', 600),
	(15, 9, 'ScmPvTubeVoltageInput', 4, '13.0', '0', 2, 1, 2, 'MSG', 601),
	(16, 9, 'ScmOutputVoltage', 4, '10.0', '0', 2, 1, 2, 'MSG', 602),
	(17, 9, 'ScmTemperature', 3, '70.0', '0', 2, 2, 2, 'MSG', 603),
	(18, 10, 'ScuOperationalStatus', 1, '0', '0', 1, 2, 2, 'SCUOPERATIONAL STATUS - ERR MSG', 700),
	(19, 10, 'ScuDisplayUnitOperationalStatus', 1, '0', '0', 1, 2, 2, 'SCU DISPLAY UNIT OPERATIONAL STATUS - ERR MSG', 701),
	(20, 10, 'ScuDisplayUnitOperatingTemperature', 3, '170.0', '0', 2, 1, 2, 'MSG', 702),
	(21, 11, 'WimOperationalstatus', 1, '0', '0', 1, 2, 2, 'WIM OPERATIONAL STATUS - ERR MSG', 800);
/*!40000 ALTER TABLE `alarmthreshold` ENABLE KEYS */;


-- Dumping structure for table naesta_cleanup.alarm_events
DROP TABLE IF EXISTS `alarm_events`;
CREATE TABLE IF NOT EXISTS `alarm_events` (
  `id` int(11) NOT NULL AUTO_INCREMENT,
  `date` timestamp NOT NULL DEFAULT CURRENT_TIMESTAMP,
  `alarmAction` int(11) NOT NULL,
  `paramId` int(11) NOT NULL,
  `kiosid` int(11) NOT NULL,
  `stationid` int(11) NOT NULL,
  `heartbeatId` int(11) NOT NULL,
  PRIMARY KEY (`id`),
  KEY `FK_Heartbeat_Id` (`heartbeatId`),
  KEY `date` (`date`)
) ENGINE=InnoDB DEFAULT CHARSET=latin1;

-- Dumping data for table naesta_cleanup.alarm_events: ~0 rows (approximately)
DELETE FROM `alarm_events`;
/*!40000 ALTER TABLE `alarm_events` DISABLE KEYS */;
/*!40000 ALTER TABLE `alarm_events` ENABLE KEYS */;


-- Dumping structure for table naesta_cleanup.api_keys
DROP TABLE IF EXISTS `api_keys`;
CREATE TABLE IF NOT EXISTS `api_keys` (
  `id` bigint(20) unsigned NOT NULL AUTO_INCREMENT,
  `api_key` varchar(40) NOT NULL,
  `date_created` datetime NOT NULL,
  `client_id` int(11) unsigned DEFAULT NULL,
  `session_id` varchar(40) DEFAULT NULL,
  `is_approved` tinyint(1) NOT NULL DEFAULT '0',
  PRIMARY KEY (`id`),
  UNIQUE KEY `unique_transaction_id` (`session_id`)
) ENGINE=InnoDB AUTO_INCREMENT=2 DEFAULT CHARSET=latin1;

-- Dumping data for table naesta_cleanup.api_keys: ~1 rows (approximately)
DELETE FROM `api_keys`;
/*!40000 ALTER TABLE `api_keys` DISABLE KEYS */;
INSERT INTO `api_keys` (`id`, `api_key`, `date_created`, `client_id`, `session_id`, `is_approved`) VALUES
	(1, 'qv0oxZd8791Pi5EP6QSwT76Wi1BRMvPM', '2010-10-15 15:00:00', 1, NULL, 1);
/*!40000 ALTER TABLE `api_keys` ENABLE KEYS */;


-- Dumping structure for table naesta_cleanup.bike
DROP TABLE IF EXISTS `bike`;
CREATE TABLE IF NOT EXISTS `bike` (
  `id` int(10) NOT NULL AUTO_INCREMENT,
  `uaid` varchar(15) DEFAULT NULL,
  `publictag` varchar(10) DEFAULT NULL,
  `dpid` int(10) DEFAULT NULL,
  `msnbc` varchar(100) DEFAULT NULL,
  `last_dp_update` datetime DEFAULT NULL,
  `customer` int(10) DEFAULT NULL,
  `technician` int(10) DEFAULT NULL,
  `statusBKOperative` int(2) DEFAULT NULL,
  `msnemb` varchar(100) DEFAULT NULL,
  `obcn` varchar(100) DEFAULT NULL,
  `registeredOn` datetime DEFAULT NULL,
  `activatedOn` datetime DEFAULT NULL,
  `statusBKDepl` int(2) DEFAULT NULL,
  `statusBKUbi` int(2) DEFAULT NULL,
  `bktype` int(1) DEFAULT NULL,
  `isdeleted` tinyint(1) NOT NULL DEFAULT '0',
  `is_missing` tinyint(1) NOT NULL DEFAULT '0',
  PRIMARY KEY (`id`),
  UNIQUE KEY `uaid` (`uaid`),
  UNIQUE KEY `msnbc` (`msnbc`),
  UNIQUE KEY `msnemb` (`msnemb`),
  UNIQUE KEY `dpid_UNIQUE` (`dpid`),
  KEY `bikedockingpointid` (`dpid`),
  KEY `FK2E23E17E609E1D` (`technician`),
  KEY `FK2E23E12043C1AA` (`customer`),
  KEY `FK2E23E1764F2CDD` (`id`),
  CONSTRAINT `bikedockingpointid` FOREIGN KEY (`dpid`) REFERENCES `dockingpoint` (`id`) ON DELETE CASCADE ON UPDATE CASCADE,
  CONSTRAINT `FK2E23E12043C1AA` FOREIGN KEY (`customer`) REFERENCES `customer` (`id`),
  CONSTRAINT `FK2E23E17E609E1D` FOREIGN KEY (`technician`) REFERENCES `user` (`id`)
) ENGINE=InnoDB AUTO_INCREMENT=14844 DEFAULT CHARSET=latin1;

-- Dumping data for table naesta_cleanup.bike: ~318 rows (approximately)
DELETE FROM `bike`;
/*!40000 ALTER TABLE `bike` DISABLE KEYS */;
INSERT INTO `bike` (`id`, `uaid`, `publictag`, `dpid`, `msnbc`, `last_dp_update`, `customer`, `technician`, `statusBKOperative`, `msnemb`, `obcn`, `registeredOn`, `activatedOn`, `statusBKDepl`, `statusBKUbi`, `bktype`, `isdeleted`, `is_missing`) VALUES
	(14517, '0004433', '', NULL, '1235', NULL, NULL, NULL, 10, '000023ECCD07000304E0', '1235', '2012-09-24 17:03:16', NULL, 8, 0, NULL, 0, 0),
	(14518, '0004436', '', NULL, '1236', '2013-02-24 10:14:37', NULL, NULL, 10, '00009A53CD07000304E0', '1236', '2012-09-24 17:03:35', NULL, 8, 0, NULL, 0, 0),
	(14519, '0004439', '', NULL, '1237', '2013-02-21 18:43:07', NULL, NULL, 10, '00008FBBCD07000304E0', '1237', '2012-09-24 17:04:48', NULL, 8, 0, NULL, 0, 0),
	(14520, '0004442', '', NULL, '1238', '2013-02-21 16:10:14', NULL, NULL, 10, '0000396CCD07000304E0', '1238', '2012-09-24 17:05:07', NULL, 8, 0, NULL, 0, 0),
	(14524, '0004452', '', NULL, '1242', NULL, NULL, NULL, 10, '00007D6DCD07000304E0', '1242', '2012-09-24 17:06:22', NULL, 1, 0, NULL, 0, 0),
	(14525, '0004455', '', NULL, '1243', NULL, NULL, NULL, 10, '000006D3CD07000304E0', '1243', '2012-09-24 17:06:41', NULL, 1, 0, NULL, 0, 0),
	(14527, '0004459', '', NULL, '1241', '2013-02-21 18:40:11', NULL, NULL, 10, '0000C7D2CD07000304E0', '1241', '2012-09-24 17:09:42', NULL, 8, 0, NULL, 0, 0),
	(14529, '0004462', NULL, NULL, 'Y02449', NULL, NULL, NULL, 10, '00006BEACD07000304E0', 'Y02449', '2012-10-12 14:00:00', NULL, 8, 0, NULL, 0, 0),
	(14530, '0004463', NULL, NULL, 'Y00472', NULL, NULL, NULL, 10, '0000B26CAF08000304E0', 'Y00472', '2012-10-12 14:00:00', NULL, 8, 0, NULL, 0, 0),
	(14531, '0004464', NULL, NULL, 'Y02691', NULL, NULL, NULL, 10, '0000E5A8CD07000304E0', 'Y02691', '2012-10-12 14:00:00', NULL, 8, 0, NULL, 0, 0),
	(14532, '0004465', NULL, NULL, 'Y01830', NULL, NULL, NULL, 10, '0000896BCD07000304E0', 'Y01830', '2012-10-12 14:00:00', NULL, 8, 0, NULL, 0, 0),
	(14533, '0004466', NULL, NULL, 'Y02282', NULL, NULL, NULL, 10, '0000AFB9CD07000304E0', 'Y02282', '2012-10-12 14:00:00', NULL, 8, 0, NULL, 0, 0),
	(14534, '0004467', NULL, NULL, 'Y00889', NULL, NULL, NULL, 10, '0000B483CD07000304E0', 'Y00889', '2012-10-12 14:00:00', NULL, 8, 0, NULL, 0, 0),
	(14535, '0004468', NULL, NULL, 'Y02419', NULL, NULL, NULL, 10, '0000DE6DCD07000304E0', 'Y02419', '2012-10-12 14:00:00', NULL, 8, 0, NULL, 0, 0),
	(14536, '0004469', NULL, NULL, 'Y01521', NULL, NULL, NULL, 10, '000013EECD07000304E0', 'Y01521', '2012-10-12 14:00:00', NULL, 8, 0, NULL, 0, 0),
	(14537, '0004470', NULL, NULL, 'Y00489', NULL, NULL, NULL, 10, '0000DED5CD07000304E0', 'Y00489', '2012-10-12 14:00:00', NULL, 8, 0, NULL, 0, 0),
	(14538, '0004471', NULL, NULL, 'Y01853', NULL, NULL, NULL, 10, '00009D52CD07000304E0', 'Y01853', '2012-10-12 14:00:00', NULL, 8, 0, NULL, 0, 0),
	(14539, '0004472', NULL, NULL, 'Y02441', NULL, NULL, NULL, 10, '0000A2D1CD07000304E0', 'Y02441', '2012-10-12 14:00:00', NULL, 8, 0, NULL, 0, 0),
	(14540, '0004473', NULL, NULL, 'Y02424', NULL, NULL, NULL, 10, '00007CFFCD07000304E0', 'Y02424', '2012-10-12 14:00:00', NULL, 8, 0, NULL, 0, 0),
	(14541, '0004474', NULL, NULL, 'Y01029', NULL, NULL, NULL, 10, '0000B1A6CD07000304E0', 'Y01029', '2012-10-12 14:00:00', NULL, 8, 0, NULL, 0, 0),
	(14542, '0004475', NULL, NULL, 'Y01488', NULL, NULL, NULL, 10, '00000207CD07000304E0', 'Y01488', '2012-10-12 14:00:00', NULL, 8, 0, NULL, 0, 0),
	(14543, '0004476', NULL, NULL, 'Y00094', NULL, NULL, NULL, 10, '000068B0AF08000304E0', 'Y00094', '2012-10-12 14:00:00', NULL, 8, 0, NULL, 0, 0),
	(14544, '0004477', NULL, NULL, 'Y00482', NULL, NULL, NULL, 10, '0000E76ACD07000304E0', 'Y00482', '2012-10-12 14:00:00', NULL, 8, 0, NULL, 0, 0),
	(14545, '0004478', NULL, NULL, 'Y00803', NULL, NULL, NULL, 10, '00002ED7CD07000304E0', 'Y00803', '2012-10-12 14:00:00', NULL, 8, 0, NULL, 0, 0),
	(14546, '0004479', NULL, NULL, 'Y00265', NULL, NULL, NULL, 10, '00008CD0AF08000304E0', 'Y00265', '2012-10-12 14:00:00', NULL, 8, 0, NULL, 0, 0),
	(14547, '0004480', NULL, NULL, 'Y00256', NULL, NULL, NULL, 10, '00008BE9CC07000304E0', 'Y00256', '2012-10-12 14:00:00', NULL, 8, 0, NULL, 0, 0),
	(14548, '0004481', NULL, NULL, 'Y00433', NULL, NULL, NULL, 10, '000014C6AF08000304E0', 'Y00433', '2012-10-12 14:00:00', NULL, 8, 0, NULL, 0, 0),
	(14549, '0004482', NULL, NULL, 'Y00426', NULL, NULL, NULL, 10, '0000C61ACD07000304E0', 'Y00426', '2012-10-12 14:00:00', NULL, 8, 0, NULL, 0, 0),
	(14550, '0004483', NULL, NULL, 'Y01195', NULL, NULL, NULL, 10, '0000DFD5CD07000304E0', 'Y01195', '2012-10-12 14:00:00', NULL, 8, 0, NULL, 0, 0),
	(14551, '0004484', NULL, NULL, 'Y01014', NULL, NULL, NULL, 10, '000079ECCD07000304E0', 'Y01014', '2012-10-12 14:00:00', NULL, 8, 0, NULL, 0, 0),
	(14552, '0004485', NULL, NULL, 'Y01205', NULL, NULL, NULL, 10, '00005FEACD07000304E0', 'Y01205', '2012-10-12 14:00:00', NULL, 8, 0, NULL, 0, 0),
	(14553, '0004486', NULL, NULL, 'Y00271', NULL, NULL, NULL, 10, '000042D0AF08000304E0', 'Y00271', '2012-10-12 14:00:00', NULL, 8, 0, NULL, 0, 0),
	(14554, '0004487', NULL, NULL, 'Y02532', NULL, NULL, NULL, 10, '00000CBACD07000304E0', 'Y02532', '2012-10-12 14:00:00', NULL, 8, 0, NULL, 0, 0),
	(14555, '0004488', NULL, NULL, 'Y02542', NULL, NULL, NULL, 10, '0000C1ECCD07000304E0', 'Y02542', '2012-10-12 14:00:00', NULL, 8, 0, NULL, 0, 0),
	(14556, '0004489', NULL, NULL, 'Y01072', NULL, NULL, NULL, 10, '0000CBBACD07000304E0', 'Y01072', '2012-10-12 14:00:00', NULL, 8, 0, NULL, 0, 0),
	(14557, '0004490', NULL, NULL, 'Y02746', NULL, NULL, NULL, 10, '0000A6EBCD07000304E0', 'Y02746', '2012-10-12 14:00:00', NULL, 8, 0, NULL, 0, 0),
	(14558, '0004491', NULL, NULL, 'Y02758', NULL, NULL, NULL, 10, '0000983BCD07000304E0', 'Y02758', '2012-10-12 14:00:00', NULL, 8, 0, NULL, 0, 0),
	(14559, '0004492', NULL, NULL, 'Y02726', NULL, NULL, NULL, 10, '0000B56DCD07000304E0', 'Y02726', '2012-10-12 14:00:00', NULL, 8, 0, NULL, 0, 0),
	(14560, '0004493', NULL, NULL, 'Y02737', NULL, NULL, NULL, 10, '0000F1FFCD07000304E0', 'Y02737', '2012-10-12 14:00:00', NULL, 8, 0, NULL, 0, 0),
	(14561, '0004494', NULL, NULL, 'Y02755', NULL, NULL, NULL, 10, '0000EC84CD07000304E0', 'Y02755', '2012-10-12 14:00:00', NULL, 8, 0, NULL, 0, 0),
	(14562, '0004495', NULL, NULL, 'Y02677', NULL, NULL, NULL, 10, '0000D3D6CD07000304E0', 'Y02677', '2012-10-12 14:00:00', NULL, 8, 0, NULL, 0, 0),
	(14563, '0004496', NULL, NULL, 'Y02694', NULL, NULL, NULL, 10, '0000AD83CD07000304E0', 'Y02694', '2012-10-12 14:00:00', NULL, 8, 0, NULL, 0, 0),
	(14564, '0004497', NULL, NULL, 'Y02701', NULL, NULL, NULL, 10, '0000833CCD07000304E0', 'Y02701', '2012-10-12 14:00:00', NULL, 8, 0, NULL, 0, 0),
	(14565, '0004498', NULL, NULL, 'Y00838', NULL, NULL, NULL, 10, '0000E0BBCD07000304E0', 'Y00838', '2012-10-12 14:00:00', NULL, 8, 0, NULL, 0, 0),
	(14566, '0004499', NULL, NULL, 'Y00565', NULL, NULL, NULL, 10, '000045EACD07000304E0', 'Y00565', '2012-10-12 14:00:00', NULL, 8, 0, NULL, 0, 0),
	(14567, '0004500', NULL, NULL, 'Y00996', NULL, NULL, NULL, 10, '00007B3DCD07000304E0', 'Y00996', '2012-10-12 14:00:00', NULL, 8, 0, NULL, 0, 0),
	(14568, '0004501', NULL, NULL, 'Y01844', NULL, NULL, NULL, 10, '0000E583CD07000304E0', 'Y01844', '2012-10-12 14:00:00', NULL, 8, 0, NULL, 0, 0),
	(14569, '0004502', NULL, NULL, 'Y00895', NULL, NULL, NULL, 10, '00005D83CD07000304E0', 'Y00895', '2012-10-12 14:00:00', NULL, 8, 0, NULL, 0, 0),
	(14570, '0004503', NULL, NULL, 'Y02099', NULL, NULL, NULL, 10, '00000D6BCD07000304E0', 'Y02099', '2012-10-12 14:00:00', NULL, 8, 0, NULL, 0, 0),
	(14571, '0004504', NULL, NULL, 'Y01845', NULL, NULL, NULL, 10, '0000416BCD07000304E0', 'Y01845', '2012-10-12 14:00:00', NULL, 8, 0, NULL, 0, 0),
	(14572, '0004505', NULL, NULL, 'Y02410', NULL, NULL, NULL, 10, '0000C3BACD07000304E0', 'Y02410', '2012-10-12 14:00:00', NULL, 8, 0, NULL, 0, 0),
	(14573, '0004506', NULL, NULL, 'Y02071', NULL, NULL, NULL, 10, '0000C9BCCD07000304E0', 'Y02071', '2012-10-12 14:00:00', NULL, 8, 0, NULL, 0, 0),
	(14574, '0004507', NULL, NULL, 'Y02380', NULL, NULL, NULL, 10, '000048D1CD07000304E0', 'Y02380', '2012-10-12 14:00:00', NULL, 8, 0, NULL, 0, 0),
	(14575, '0004508', NULL, NULL, 'Y01002', NULL, NULL, NULL, 10, '0000A3BACD07000304E0', 'Y01002', '2012-10-12 14:00:00', NULL, 8, 0, NULL, 0, 0),
	(14576, '0004509', NULL, NULL, 'Y01011', NULL, NULL, NULL, 10, '0000AAA6CD07000304E0', 'Y01011', '2012-10-12 14:00:00', NULL, 8, 0, NULL, 0, 0),
	(14577, '0004510', NULL, NULL, 'Y01017', NULL, NULL, NULL, 10, '000073D5CD07000304E0', 'Y01017', '2012-10-12 14:00:00', NULL, 8, 0, NULL, 0, 0),
	(14578, '0004511', NULL, NULL, 'Y02745', NULL, NULL, NULL, 10, '00002CD0CD07000304E0', 'Y02745', '2012-10-12 14:00:00', NULL, 8, 0, NULL, 0, 0),
	(14579, '0004512', NULL, NULL, 'Y02744', NULL, NULL, NULL, 10, '000001A6CD07000304E0', 'Y02744', '2012-10-12 14:00:00', NULL, 8, 0, NULL, 0, 0),
	(14580, '0004513', NULL, NULL, 'Y01400', NULL, NULL, NULL, 10, '0000441BCD07000304E0', 'Y01400', '2012-10-12 14:00:00', NULL, 8, 0, NULL, 0, 0),
	(14581, '0004514', NULL, NULL, 'Y02683', NULL, NULL, NULL, 10, '0000126CCD07000304E0', 'Y02683', '2012-10-12 14:00:00', NULL, 8, 0, NULL, 0, 0),
	(14582, '0004515', NULL, NULL, 'Y00941', NULL, NULL, NULL, 10, '0000568BAF08000304E0', 'Y00941', '2012-10-12 14:00:00', NULL, 8, 0, NULL, 0, 0),
	(14583, '0004516', NULL, NULL, 'Y02672', NULL, NULL, NULL, 10, '0000A200CE07000304E0', 'Y02672', '2012-10-12 14:00:00', NULL, 8, 0, NULL, 0, 0),
	(14584, '0004517', NULL, NULL, 'Y02481', NULL, NULL, NULL, 10, '000042A8CD07000304E0', 'Y02481', '2012-10-12 14:00:00', NULL, 8, 0, NULL, 0, 0),
	(14585, '0004518', NULL, NULL, 'Y02457', NULL, NULL, NULL, 10, '000098D6CD07000304E0', 'Y02457', '2012-10-12 14:00:00', NULL, 8, 0, NULL, 0, 0),
	(14586, '0004519', NULL, NULL, 'Y02435', NULL, NULL, NULL, 10, '0000A3D0CD07000304E0', 'Y02435', '2012-10-12 14:00:00', NULL, 8, 0, NULL, 0, 0),
	(14587, '0004520', NULL, NULL, 'Y02475', NULL, NULL, NULL, 10, '0000783DCD07000304E0', 'Y02475', '2012-10-12 14:00:00', NULL, 8, 0, NULL, 0, 0),
	(14588, '0004521', NULL, NULL, 'Y02482', NULL, NULL, NULL, 10, '000001D3CD07000304E0', 'Y02482', '2012-10-12 14:00:00', NULL, 8, 0, NULL, 0, 0),
	(14589, '0004522', NULL, NULL, 'Y01050', NULL, NULL, NULL, 10, '0000186BCD07000304E0', 'Y01050', '2012-10-12 14:00:00', NULL, 8, 0, NULL, 0, 0),
	(14590, '0004523', NULL, NULL, 'Y00972', NULL, NULL, NULL, 10, '0000CCD4CD07000304E0', 'Y00972', '2012-10-12 14:00:00', NULL, 8, 0, NULL, 0, 0),
	(14591, '0004524', NULL, NULL, 'Y00961', NULL, NULL, NULL, 10, '0000B352CD07000304E0', 'Y00961', '2012-10-12 14:00:00', NULL, 8, 0, NULL, 0, 0),
	(14592, '0004525', NULL, NULL, 'Y02517', NULL, NULL, NULL, 10, '000064EDCD07000304E0', 'Y02517', '2012-10-12 14:00:00', NULL, 8, 0, NULL, 0, 0),
	(14593, '0004526', NULL, NULL, 'Y01925', NULL, NULL, NULL, 10, '00002183CD07000304E0', 'Y01925', '2012-10-12 14:00:00', NULL, 8, 0, NULL, 0, 0),
	(14594, '0004527', NULL, NULL, 'Y01907', NULL, NULL, NULL, 10, '0000F8A6CD07000304E0', 'Y01907', '2012-10-12 14:00:00', NULL, 8, 0, NULL, 0, 0),
	(14595, '0004528', NULL, NULL, 'Y00979', NULL, NULL, NULL, 10, '0000C76CCD07000304E0', 'Y00979', '2012-10-12 14:00:00', NULL, 8, 0, NULL, 0, 0),
	(14596, '0004529', NULL, NULL, 'Y01211', NULL, NULL, NULL, 10, '000038B9CD07000304E0', 'Y01211', '2012-10-12 14:00:00', NULL, 8, 0, NULL, 0, 0),
	(14597, '0004530', NULL, NULL, 'Y00828', NULL, NULL, NULL, 10, '0000A5AFAF08000304E0', 'Y00828', '2012-10-12 14:00:00', NULL, 8, 0, NULL, 0, 0),
	(14598, '0004531', NULL, NULL, 'Y01203', NULL, NULL, NULL, 10, '000048D6CD07000304E0', 'Y01203', '2012-10-12 14:00:00', NULL, 8, 0, NULL, 0, 0),
	(14599, '0004532', NULL, NULL, 'Y01226', NULL, NULL, NULL, 10, '0000B6E9CD07000304E0', 'Y01226', '2012-10-12 14:00:00', NULL, 8, 0, NULL, 0, 0),
	(14600, '0004533', NULL, NULL, 'Y01176', NULL, NULL, NULL, 10, '000011A8CD07000304E0', 'Y01176', '2012-10-12 14:00:00', NULL, 8, 0, NULL, 0, 0),
	(14601, '0004534', NULL, NULL, 'Y01480', NULL, NULL, NULL, 10, '0000B100CE07000304E0', 'Y01480', '2012-10-12 14:00:00', NULL, 8, 0, NULL, 0, 0),
	(14602, '0004535', NULL, NULL, 'Y01505', NULL, NULL, NULL, 10, '0000DEB9CD07000304E0', 'Y01505', '2012-10-12 14:00:00', NULL, 8, 0, NULL, 0, 0),
	(14603, '0004536', NULL, NULL, 'Y00434', NULL, NULL, NULL, 10, '0000EEEACD07000304E0', 'Y00434', '2012-10-12 14:00:00', NULL, 8, 0, NULL, 0, 0),
	(14604, '0004537', NULL, NULL, 'Y00968', NULL, NULL, NULL, 10, '000061B9CD07000304E0', 'Y00968', '2012-10-12 14:00:00', NULL, 8, 0, NULL, 0, 0),
	(14605, '0004538', NULL, NULL, 'Y00919', NULL, NULL, NULL, 10, '0000B2D5CC07000304E0', 'Y00919', '2012-10-12 14:00:00', NULL, 8, 0, NULL, 0, 0),
	(14606, '0004539', NULL, NULL, 'Y00825', NULL, NULL, NULL, 10, '0000EFA3AF08000304E0', 'Y00825', '2012-10-12 14:00:00', NULL, 8, 0, NULL, 0, 0),
	(14607, '0004540', NULL, NULL, 'Y00902', NULL, NULL, NULL, 10, '00002B18CD07000304E0', 'Y00902', '2012-10-12 14:00:00', NULL, 8, 0, NULL, 0, 0),
	(14608, '0004541', NULL, NULL, 'Y02118', NULL, NULL, NULL, 10, '00006AB9CD07000304E0', 'Y02118', '2012-10-12 14:00:00', NULL, 8, 0, NULL, 0, 0),
	(14609, '0004542', NULL, NULL, 'Y00582', NULL, NULL, NULL, 10, '000081EBCD07000304E0', 'Y00582', '2012-10-12 14:00:00', NULL, 8, 0, NULL, 0, 0),
	(14610, '0004543', NULL, NULL, 'Y00553', NULL, NULL, NULL, 10, '0000C4A3AF08000304E0', 'Y00553', '2012-10-12 14:00:00', NULL, 8, 0, NULL, 0, 0),
	(14611, '0004544', NULL, NULL, 'Y01225', NULL, NULL, NULL, 10, '000048D2CD07000304E0', 'Y01225', '2012-10-12 14:00:00', NULL, 8, 0, NULL, 0, 0),
	(14612, '0004545', NULL, NULL, 'Y01012', NULL, NULL, NULL, 10, '00003DEDCD07000304E0', 'Y01012', '2012-10-12 14:00:00', NULL, 8, 0, NULL, 0, 0),
	(14613, '0004546', NULL, NULL, 'Y00491', NULL, NULL, NULL, 10, '0000B2EDCD07000304E0', 'Y00491', '2012-10-12 14:00:00', NULL, 8, 0, NULL, 0, 0),
	(14614, '0004547', NULL, NULL, 'Y02747', NULL, NULL, NULL, 10, '0000BDD3CD07000304E0', 'Y02747', '2012-10-12 14:00:00', NULL, 8, 0, NULL, 0, 0),
	(14615, '0004548', NULL, NULL, 'Y02754', NULL, NULL, NULL, 10, '0000796BCD07000304E0', 'Y02754', '2012-10-12 14:00:00', NULL, 8, 0, NULL, 0, 0),
	(14616, '0004549', NULL, NULL, 'Y01236', NULL, NULL, NULL, 9, '0000E6D4CD07000304E0', 'Y01236', '2012-10-12 14:00:00', NULL, 7, 0, NULL, 0, 0),
	(14617, '0004550', NULL, NULL, 'Y01177', NULL, NULL, NULL, 10, '00000D54CD07000304E0', 'Y01177', '2012-10-12 14:00:00', NULL, 8, 0, NULL, 0, 0),
	(14618, '0004551', NULL, NULL, 'Y00556', NULL, NULL, NULL, 9, '0000E6D1CD07000304E0', 'Y00556', '2012-10-12 14:00:00', NULL, 7, 0, NULL, 0, 0),
	(14619, '0004552', NULL, NULL, 'Y01006', NULL, NULL, NULL, 9, '0000E4D1CD07000304E0', 'Y01006', '2012-10-12 14:00:00', NULL, 7, 0, NULL, 0, 0),
	(14620, '0004553', NULL, NULL, 'Y01190', NULL, NULL, NULL, 10, '00001DEACD07000304E0', 'Y01190', '2012-10-12 14:00:00', NULL, 8, 0, NULL, 0, 0),
	(14621, '0004554', NULL, NULL, 'Y02679', NULL, NULL, NULL, 10, '0000EB3CCD07000304E0', 'Y02679', '2012-10-12 14:00:00', NULL, 8, 0, NULL, 0, 0),
	(14622, '0004555', NULL, NULL, 'Y01233', NULL, NULL, NULL, 10, '000054D2CD07000304E0', 'Y01233', '2012-10-12 14:00:00', NULL, 8, 0, NULL, 0, 0),
	(14623, '0004556', NULL, NULL, 'Y02134', NULL, NULL, NULL, 10, '0000B9FFCD07000304E0', 'Y02134', '2012-10-12 14:00:00', NULL, 8, 0, NULL, 0, 0),
	(14624, '0004557', NULL, NULL, 'Y01599', NULL, NULL, NULL, 9, '00001CEBCD07000304E0', 'Y01599', '2012-10-12 14:00:00', NULL, 7, 0, NULL, 0, 0),
	(14625, '0004558', NULL, NULL, 'Y01234', NULL, NULL, NULL, 9, '0000AE01CE07000304E0', 'Y01234', '2012-10-12 14:00:00', NULL, 7, 0, NULL, 0, 0),
	(14626, '0004559', NULL, NULL, 'Y02159', NULL, NULL, NULL, 10, '0000490ECE07000304E0', 'Y02159', '2012-10-12 14:00:00', NULL, 8, 0, NULL, 0, 0),
	(14627, '0004560', NULL, NULL, 'Y01201', NULL, NULL, NULL, 9, '0000F4D5CD07000304E0', 'Y01201', '2012-10-12 14:00:00', NULL, 7, 0, NULL, 0, 0),
	(14628, '0004561', NULL, NULL, 'Y01196', NULL, NULL, NULL, 9, '00002502CE07000304E0', 'Y01196', '2012-10-12 14:00:00', NULL, 7, 0, NULL, 0, 0),
	(14629, '0004562', NULL, NULL, 'Y01243', NULL, NULL, NULL, 10, '000063BCCD07000304E0', 'Y01243', '2012-10-12 14:00:00', NULL, 8, 0, NULL, 0, 0),
	(14630, '0004563', NULL, NULL, 'Y01197', NULL, NULL, NULL, 10, '000058A6CD07000304E0', 'Y01197', '2012-10-12 14:00:00', NULL, 8, 0, NULL, 0, 0),
	(14631, '0004564', NULL, NULL, 'Y00498', NULL, NULL, NULL, 10, '000048A7CD07000304E0', 'Y00498', '2012-10-12 14:00:00', NULL, 8, 0, NULL, 0, 0),
	(14632, '0004565', NULL, NULL, 'Y02189', NULL, NULL, NULL, 10, '000078FFCD07000304E0', 'Y02189', '2012-10-12 14:00:00', NULL, 8, 0, NULL, 0, 0),
	(14633, '0004566', NULL, NULL, 'Y00938', NULL, NULL, NULL, 9, '0000F2BDCD07000304E0', 'Y00938', '2012-10-12 14:00:00', NULL, 7, 0, NULL, 0, 0),
	(14634, '0004567', NULL, NULL, 'Y02444', NULL, NULL, NULL, 10, '000041D5CD07000304E0', 'Y02444', '2012-10-12 14:00:00', NULL, 8, 0, NULL, 0, 0),
	(14635, '0004568', NULL, NULL, 'Y00495', NULL, NULL, NULL, 10, '00005AEDCD07000304E0', 'Y00495', '2012-10-12 14:00:00', NULL, 8, 0, NULL, 0, 0),
	(14636, '0004569', NULL, NULL, 'Y01313', NULL, NULL, NULL, 10, '0000E3A8CD07000304E0', 'Y01313', '2012-10-12 14:00:00', NULL, 8, 0, NULL, 0, 0),
	(14637, '0004570', NULL, NULL, 'Y01224', NULL, NULL, NULL, 10, '00000ABDCD07000304E0', 'Y01224', '2012-10-12 14:00:00', NULL, 8, 0, NULL, 0, 0),
	(14638, '0004571', NULL, NULL, 'Y00462', NULL, NULL, NULL, 10, '0000FD02CD07000304E0', 'Y00462', '2012-10-12 14:00:00', NULL, 8, 0, NULL, 0, 0),
	(14639, '0004572', NULL, NULL, 'Y00477', NULL, NULL, NULL, 10, '0000A3D3CD07000304E0', 'Y00477', '2012-10-12 14:00:00', NULL, 8, 0, NULL, 0, 0),
	(14640, '0004573', NULL, NULL, 'Y00421', NULL, NULL, NULL, 10, '0000DD18CD07000304E0', 'Y00421', '2012-10-12 14:00:00', NULL, 8, 0, NULL, 0, 0),
	(14641, '0004574', NULL, NULL, 'Y00470', NULL, NULL, NULL, 10, '0000C200CE07000304E0', 'Y00470', '2012-10-12 14:00:00', NULL, 8, 0, NULL, 0, 0),
	(14642, '0004575', NULL, NULL, 'Y01198', NULL, NULL, NULL, 10, '000045A7CD07000304E0', 'Y01198', '2012-10-12 14:00:00', NULL, 8, 0, NULL, 0, 0),
	(14643, '0004576', NULL, NULL, 'Y02427', NULL, NULL, NULL, 10, '00009EBDCD07000304E0', 'Y02427', '2012-10-12 14:00:00', NULL, 8, 0, NULL, 0, 0),
	(14644, '0004577', NULL, NULL, 'Y00493', NULL, NULL, NULL, 9, '000008D6CD07000304E0', 'Y00493', '2012-10-12 14:00:00', NULL, 7, 0, NULL, 0, 0),
	(14645, '0004578', NULL, NULL, 'Y00492', NULL, NULL, NULL, 9, '00007D01CE07000304E0', 'Y00492', '2012-10-12 14:00:00', NULL, 7, 0, NULL, 0, 0),
	(14646, '0004579', NULL, NULL, 'Y00483', NULL, NULL, NULL, 9, '0000B9D5AF08000304E0', 'Y00483', '2012-10-12 14:00:00', NULL, 7, 0, NULL, 0, 0),
	(14647, '0004580', NULL, NULL, 'Y01041', NULL, NULL, NULL, 9, '00003AEBCD07000304E0', 'Y01041', '2012-10-12 14:00:00', NULL, 7, 0, NULL, 0, 0),
	(14648, '0004581', NULL, NULL, 'Y02184', NULL, NULL, NULL, 9, '0000A652CD07000304E0', 'Y02184', '2012-10-12 14:00:00', NULL, 7, 0, NULL, 0, 0),
	(14649, '0004582', NULL, NULL, 'Y00453', NULL, NULL, NULL, 9, '00002227CD07000304E0', 'Y00453', '2012-10-12 14:00:00', NULL, 7, 0, NULL, 0, 0),
	(14650, '0004583', NULL, NULL, 'Y02406', NULL, NULL, NULL, 9, '0000E9B9CD07000304E0', 'Y02406', '2012-10-12 14:00:00', NULL, 7, 0, NULL, 0, 0),
	(14651, '0004584', NULL, NULL, 'Y02414', NULL, NULL, NULL, 10, '0000AED4CD07000304E0', 'Y02414', '2012-10-12 14:00:00', NULL, 8, 0, NULL, 0, 0),
	(14652, '0004585', NULL, NULL, 'Y02343', NULL, NULL, NULL, 9, '0000F6A7CD07000304E0', 'Y02343', '2012-10-12 14:00:00', NULL, 7, 0, NULL, 0, 0),
	(14653, '0004586', NULL, NULL, 'Y02448', NULL, NULL, NULL, 9, '0000A6BACD07000304E0', 'Y02448', '2012-10-12 14:00:00', NULL, 7, 0, NULL, 0, 0),
	(14654, '0004587', NULL, NULL, 'Y00835', NULL, NULL, NULL, 9, '000022BCAF08000304E0', 'Y00835', '2012-10-12 14:00:00', NULL, 7, 0, NULL, 0, 0),
	(14655, '0004588', NULL, NULL, 'Y00579', NULL, NULL, NULL, 9, '00006800CE07000304E0', 'Y00579', '2012-10-12 14:00:00', NULL, 7, 0, NULL, 0, 0),
	(14656, '0004589', NULL, NULL, 'Y00583', NULL, NULL, NULL, 9, '000083C5AF08000304E0', 'Y00583', '2012-10-12 14:00:00', NULL, 7, 0, NULL, 0, 0),
	(14657, '0004590', NULL, NULL, 'Y01127', NULL, NULL, NULL, 9, '0000FE52CD07000304E0', 'Y01127', '2012-10-12 14:00:00', NULL, 7, 0, NULL, 0, 0),
	(14658, '0004591', NULL, NULL, 'Y00167', NULL, NULL, NULL, 9, '00000B75AF08000304E0', 'Y00167', '2012-10-12 14:00:00', NULL, 7, 0, NULL, 0, 0),
	(14659, '0004592', NULL, NULL, 'Y01021', NULL, NULL, NULL, 9, '00007601CE07000304E0', 'Y01021', '2012-10-12 14:00:00', NULL, 7, 0, NULL, 0, 0),
	(14660, '0004593', NULL, NULL, 'Y00855', NULL, NULL, NULL, 10, '0000D16CCD07000304E0', 'Y00855', '2012-10-12 14:00:00', NULL, 8, 0, NULL, 0, 0),
	(14661, '0004594', NULL, NULL, 'Y00164', NULL, NULL, NULL, 10, '0000F9BBAF08000304E0', 'Y00164', '2012-10-12 14:00:00', NULL, 8, 0, NULL, 0, 0),
	(14662, '0004595', NULL, NULL, 'Y00456', NULL, NULL, NULL, 10, '00008EBBAF08000304E0', 'Y00456', '2012-10-12 14:00:00', NULL, 8, 0, NULL, 0, 0),
	(14663, '0004596', NULL, NULL, 'Y02676', NULL, NULL, NULL, 10, '0000466FCD07000304E0', 'Y02676', '2012-10-12 14:00:00', NULL, 8, 0, NULL, 0, 0),
	(14664, '0004597', NULL, NULL, 'Y02757', NULL, NULL, NULL, 10, '0000ADECCD07000304E0', 'Y02757', '2012-10-12 14:00:00', NULL, 8, 0, NULL, 0, 0),
	(14665, '0004598', NULL, NULL, 'Y01023', NULL, NULL, NULL, 9, '00005FBACD07000304E0', 'Y01023', '2012-10-12 14:00:00', NULL, 7, 0, NULL, 0, 0),
	(14666, '0004599', NULL, NULL, 'Y00978', NULL, NULL, NULL, 10, '000028D3CD07000304E0', 'Y00978', '2012-10-12 14:00:00', NULL, 8, 0, NULL, 0, 0),
	(14667, '0004600', NULL, NULL, 'Y00969', NULL, NULL, NULL, 9, '0000BDEACD07000304E0', 'Y00969', '2012-10-12 14:00:00', NULL, 7, 0, NULL, 0, 0),
	(14668, '0004601', NULL, NULL, 'Y00992', NULL, NULL, NULL, 9, '0000956BCD07000304E0', 'Y00992', '2012-10-12 14:00:00', NULL, 7, 0, NULL, 0, 0),
	(14669, '0004602', NULL, NULL, 'Y01513', NULL, NULL, NULL, 9, '0000DA53CD07000304E0', 'Y01513', '2012-10-12 14:00:00', NULL, 7, 0, NULL, 0, 0),
	(14670, '0004603', NULL, NULL, 'Y01778', NULL, NULL, NULL, 10, '0000E153CD07000304E0', 'Y01778', '2012-10-12 14:00:00', NULL, 8, 0, NULL, 0, 0),
	(14671, '0004604', NULL, NULL, 'Y01511', NULL, NULL, NULL, 9, '0000B6B9CD07000304E0', 'Y01511', '2012-10-12 14:00:00', NULL, 7, 0, NULL, 0, 0),
	(14672, '0004605', NULL, NULL, 'Y02639', NULL, NULL, NULL, 10, '00009CBBAF08000304E0', 'Y02639', '2012-10-12 14:00:00', NULL, 8, 0, NULL, 0, 0),
	(14673, '0004606', NULL, NULL, 'Y00349', NULL, NULL, NULL, 10, '00007ED0AF08000304E0', 'Y00349', '2012-10-12 14:00:00', NULL, 8, 0, NULL, 0, 0),
	(14674, '0004607', NULL, NULL, 'Y00461', NULL, NULL, NULL, 10, '0000F996AF08000304E0', 'Y00461', '2012-10-12 14:00:00', NULL, 8, 0, NULL, 0, 0),
	(14675, '0004608', NULL, NULL, 'Y01315', NULL, NULL, NULL, 10, '0000FED0CD07000304E0', 'Y01315', '2012-10-12 14:00:00', NULL, 8, 0, NULL, 0, 0),
	(14676, '0004609', NULL, NULL, 'Y01863', NULL, NULL, NULL, 10, '000006EFCD07000304E0', 'Y01863', '2012-10-12 14:00:00', NULL, 8, 0, NULL, 0, 0),
	(14677, '0004610', NULL, NULL, 'Y02173', NULL, NULL, NULL, 10, '00008A0ECE07000304E0', 'Y02173', '2012-10-12 14:00:00', NULL, 8, 0, NULL, 0, 0),
	(14678, '0004611', NULL, NULL, 'Y01531', NULL, NULL, NULL, 10, '0000C4EECC07000304E0', 'Y01531', '2012-10-12 14:00:00', NULL, 8, 0, NULL, 0, 0),
	(14679, '0004612', NULL, NULL, 'Y01533', NULL, NULL, NULL, 10, '00000D8BAF08000304E0', 'Y01533', '2012-10-12 14:00:00', NULL, 8, 0, NULL, 0, 0),
	(14680, '0004613', NULL, NULL, 'Y01004', NULL, NULL, NULL, 10, '00007AEDCD07000304E0', 'Y01004', '2012-10-12 14:00:00', NULL, 8, 0, NULL, 0, 0),
	(14681, '0004614', NULL, NULL, 'Y00991', NULL, NULL, NULL, 9, '0000CB54CD07000304E0', 'Y00991', '2012-10-12 14:00:00', NULL, 7, 0, NULL, 0, 0),
	(14682, '0004615', NULL, NULL, 'Y01060', NULL, NULL, NULL, 10, '000094EECD07000304E0', 'Y01060', '2012-10-12 14:00:00', NULL, 8, 0, NULL, 0, 0),
	(14683, '0004616', NULL, NULL, 'Y01064', NULL, NULL, NULL, 10, '00004E01CE07000304E0', 'Y01064', '2012-10-12 14:00:00', NULL, 8, 0, NULL, 0, 0),
	(14684, '0004617', NULL, NULL, 'Y02739', NULL, NULL, NULL, 10, '00002A53CD07000304E0', 'Y02739', '2012-10-12 14:00:00', NULL, 8, 0, NULL, 0, 0),
	(14685, '0004618', NULL, NULL, 'Y01386', NULL, NULL, NULL, 10, '0000B5AFAF08000304E0', 'Y01386', '2012-10-12 14:00:00', NULL, 8, 0, NULL, 0, 0),
	(14686, '0004619', NULL, NULL, 'Y00241', NULL, NULL, NULL, 10, '0000A218CD07000304E0', 'Y00241', '2012-10-12 14:00:00', NULL, 8, 0, NULL, 0, 0),
	(14687, '0004620', NULL, NULL, 'Y00129', NULL, NULL, NULL, 10, '00001F6CAF08000304E0', 'Y00129', '2012-10-12 14:00:00', NULL, 8, 0, NULL, 0, 0),
	(14688, '0004621', NULL, NULL, 'Y00144', NULL, NULL, NULL, 10, '00003875AF08000304E0', 'Y00144', '2012-10-12 14:00:00', NULL, 8, 0, NULL, 0, 0),
	(14689, '0004622', NULL, NULL, 'Y00125', NULL, NULL, NULL, 9, '0000F2A3AF08000304E0', 'Y00125', '2012-10-12 14:00:00', NULL, 7, 0, NULL, 0, 0),
	(14690, '0004623', NULL, NULL, 'Y01204', NULL, NULL, NULL, 9, '000018BDCD07000304E0', 'Y01204', '2012-10-12 14:00:00', NULL, 7, 0, NULL, 0, 0),
	(14691, '0004624', NULL, NULL, 'Y00851', NULL, NULL, NULL, 10, '0000E7EACD07000304E0', 'Y00851', '2012-10-12 14:00:00', NULL, 8, 0, NULL, 0, 0),
	(14692, '0004625', NULL, NULL, 'Y01008', NULL, NULL, NULL, 9, '000024BDCD07000304E0', 'Y01008', '2012-10-12 14:00:00', NULL, 7, 0, NULL, 0, 0),
	(14693, '0004626', NULL, NULL, 'Y01231', NULL, NULL, NULL, 9, '00001F00CE07000304E0', 'Y01231', '2012-10-12 14:00:00', NULL, 7, 0, NULL, 0, 0),
	(14694, '0004627', NULL, NULL, 'Y01005', NULL, NULL, NULL, 9, '000045B9CD07000304E0', 'Y01005', '2012-10-12 14:00:00', NULL, 7, 0, NULL, 0, 0),
	(14695, '0004628', NULL, NULL, 'Y02104', NULL, NULL, NULL, 10, '00005C6ECD07000304E0', 'Y02104', '2012-10-12 14:00:00', NULL, 8, 0, NULL, 0, 0),
	(14696, '0004629', NULL, NULL, 'Y02175', NULL, NULL, NULL, 10, '0000C452CD07000304E0', 'Y02175', '2012-10-12 14:00:00', NULL, 8, 0, NULL, 0, 0),
	(14697, '0004630', NULL, NULL, 'Y00578', NULL, NULL, NULL, 9, '0000E18AAF08000304E0', 'Y00578', '2012-10-12 14:00:00', NULL, 7, 0, NULL, 0, 0),
	(14698, '0004631', NULL, NULL, 'Y00535', NULL, NULL, NULL, 9, '00006EA7CD07000304E0', 'Y00535', '2012-10-12 14:00:00', NULL, 7, 0, NULL, 0, 0),
	(14699, '0004632', NULL, NULL, 'Y02105', NULL, NULL, NULL, 10, '0000756ECD07000304E0', 'Y02105', '2012-10-12 14:00:00', NULL, 8, 0, NULL, 0, 0),
	(14700, '0004633', NULL, NULL, 'Y02152', NULL, NULL, NULL, 10, '0000C3BDCD07000304E0', 'Y02152', '2012-10-12 14:00:00', NULL, 8, 0, NULL, 0, 0),
	(14701, '0004634', NULL, NULL, 'Y01039', NULL, NULL, NULL, 10, '0000EAB9CD07000304E0', 'Y01039', '2012-10-12 14:00:00', NULL, 8, 0, NULL, 0, 0),
	(14702, '0004635', NULL, NULL, 'Y00973', NULL, NULL, NULL, 10, '00005FB8CD07000304E0', 'Y00973', '2012-10-12 14:00:00', NULL, 8, 0, NULL, 0, 0),
	(14703, '0004636', NULL, NULL, 'Y00990', NULL, NULL, NULL, 10, '00006483CD07000304E0', 'Y00990', '2012-10-12 14:00:00', NULL, 8, 0, NULL, 0, 0),
	(14704, '0004637', NULL, NULL, 'Y01031', NULL, NULL, NULL, 10, '000091ECCD07000304E0', 'Y01031', '2012-10-12 14:00:00', NULL, 8, 0, NULL, 0, 0),
	(14705, '0004638', NULL, NULL, 'Y01010', NULL, NULL, NULL, 10, '0000B600CE07000304E0', 'Y01010', '2012-10-12 14:00:00', NULL, 8, 0, NULL, 0, 0),
	(14706, '0004639', NULL, NULL, 'Y00984', NULL, NULL, NULL, 10, '000059BBCD07000304E0', 'Y00984', '2012-10-12 14:00:00', NULL, 8, 0, NULL, 0, 0),
	(14707, '0004640', NULL, NULL, 'Y01061', NULL, NULL, NULL, 10, '0000D9ECCD07000304E0', 'Y01061', '2012-10-12 14:00:00', NULL, 8, 0, NULL, 0, 0),
	(14708, '0004641', NULL, NULL, 'Y01018', NULL, NULL, NULL, 10, '00004BD1CD07000304E0', 'Y01018', '2012-10-12 14:00:00', NULL, 8, 0, NULL, 0, 0),
	(14709, '0004642', NULL, NULL, 'Y02464', NULL, NULL, NULL, 10, '00005A6ECD07000304E0', 'Y02464', '2012-10-12 14:00:00', NULL, 8, 0, NULL, 0, 0),
	(14710, '0004643', NULL, NULL, 'Y02433', NULL, NULL, NULL, 10, '00001FECCD07000304E0', 'Y02433', '2012-10-12 14:00:00', NULL, 8, 0, NULL, 0, 0),
	(14711, '0004644', NULL, NULL, 'Y02456', NULL, NULL, NULL, 10, '0000AB6CCD07000304E0', 'Y02456', '2012-10-12 14:00:00', NULL, 8, 0, NULL, 0, 0),
	(14712, '0004645', NULL, NULL, 'Y02455', NULL, NULL, NULL, 10, '0000B63DCD07000304E0', 'Y02455', '2012-10-12 14:00:00', NULL, 8, 0, NULL, 0, 0),
	(14713, '0004646', NULL, NULL, 'Y02461', NULL, NULL, NULL, 10, '0000EC83CD07000304E0', 'Y02461', '2012-10-12 14:00:00', NULL, 8, 0, NULL, 0, 0),
	(14714, '0004647', NULL, NULL, 'Y02430', NULL, NULL, NULL, 10, '0000EAECCD07000304E0', 'Y02430', '2012-10-12 14:00:00', NULL, 8, 0, NULL, 0, 0),
	(14715, '0004648', NULL, NULL, 'Y02470', NULL, NULL, NULL, 10, '0000823CCD07000304E0', 'Y02470', '2012-10-12 14:00:00', NULL, 8, 0, NULL, 0, 0),
	(14716, '0004649', NULL, NULL, 'Y02520', NULL, NULL, NULL, 10, '000043D2CD07000304E0', 'Y02520', '2012-10-12 14:00:00', NULL, 8, 0, NULL, 0, 0),
	(14717, '0004650', NULL, NULL, 'Y02552', NULL, NULL, NULL, 10, '00006EBACD07000304E0', 'Y02552', '2012-10-12 14:00:00', NULL, 8, 0, NULL, 0, 0),
	(14718, '0004651', NULL, NULL, 'Y02543', NULL, NULL, NULL, 10, '0000EACFCD07000304E0', 'Y02543', '2012-10-12 14:00:00', NULL, 8, 0, NULL, 0, 0),
	(14719, '0004652', NULL, NULL, 'Y00259', NULL, NULL, NULL, 10, '0000D3CFAF08000304E0', 'Y00259', '2012-10-12 14:00:00', NULL, 8, 0, NULL, 0, 0),
	(14720, '0004653', NULL, NULL, 'Y01517', NULL, NULL, NULL, 10, '0000AB7FAF08000304E0', 'Y01517', '2012-10-12 14:00:00', NULL, 8, 0, NULL, 0, 0),
	(14721, '0004654', NULL, NULL, 'Y01410', NULL, NULL, NULL, 10, '000006C6AF08000304E0', 'Y01410', '2012-10-12 14:00:00', NULL, 8, 0, NULL, 0, 0),
	(14722, '0004655', NULL, NULL, 'Y00238', NULL, NULL, NULL, 10, '00000BA4AF08000304E0', 'Y00238', '2012-10-12 14:00:00', NULL, 8, 0, NULL, 0, 0),
	(14723, '0004656', NULL, NULL, 'Y02540', NULL, NULL, NULL, 10, '000018D0CD07000304E0', 'Y02540', '2012-10-12 14:00:00', NULL, 8, 0, NULL, 0, 0),
	(14724, '0004657', NULL, NULL, 'Y02551', NULL, NULL, NULL, 10, '00006BFFCD07000304E0', 'Y02551', '2012-10-12 14:00:00', NULL, 8, 0, NULL, 0, 0),
	(14725, '0004658', NULL, NULL, 'Y00499', NULL, NULL, NULL, 10, '0000C6E9CD07000304E0', 'Y00499', '2012-10-12 14:00:00', NULL, 8, 0, NULL, 0, 0),
	(14726, '0004659', NULL, NULL, 'Y01525', NULL, NULL, NULL, 10, '000031BCAF08000304E0', 'Y01525', '2012-10-12 14:00:00', NULL, 8, 0, NULL, 0, 0),
	(14727, '0004660', NULL, NULL, 'Y00501', NULL, NULL, NULL, 10, '00004101CE07000304E0', 'Y00501', '2012-10-12 14:00:00', NULL, 8, 0, NULL, 0, 0),
	(14728, '0004661', NULL, NULL, 'Y00939', NULL, NULL, NULL, 10, '000052B8CD07000304E0', 'Y00939', '2012-10-12 14:00:00', NULL, 8, 0, NULL, 0, 0),
	(14729, '0004662', NULL, NULL, 'Y00500', NULL, NULL, NULL, 10, '00001FD6CD07000304E0', 'Y00500', '2012-10-12 14:00:00', NULL, 8, 0, NULL, 0, 0),
	(14730, '0004663', NULL, NULL, 'Y00528', NULL, NULL, NULL, 10, '0000EDFFCD07000304E0', 'Y00528', '2012-10-12 14:00:00', NULL, 8, 0, NULL, 0, 0),
	(14731, '0004664', NULL, NULL, 'Y02432', NULL, NULL, NULL, 10, '00005B52CD07000304E0', 'Y02432', '2012-10-12 14:00:00', NULL, 8, 0, NULL, 0, 0),
	(14732, '0004665', NULL, NULL, 'Y02465', NULL, NULL, NULL, 10, '0000EC3BCD07000304E0', 'Y02465', '2012-10-12 14:00:00', NULL, 8, 0, NULL, 0, 0),
	(14733, '0004666', NULL, NULL, 'Y02652', NULL, NULL, NULL, 9, '0000EDB8CD07000304E0', 'Y02652', '2012-10-12 14:00:00', NULL, 7, 0, NULL, 0, 0),
	(14734, '0004667', NULL, NULL, 'Y02665', NULL, NULL, NULL, 9, '0000AD3CCD07000304E0', 'Y02665', '2012-10-12 14:00:00', NULL, 7, 0, NULL, 0, 0),
	(14735, '0004668', NULL, NULL, 'Y02671', NULL, NULL, NULL, 9, '00006AECCD07000304E0', 'Y02671', '2012-10-12 14:00:00', NULL, 7, 0, NULL, 0, 0),
	(14736, '0004669', NULL, NULL, 'Y02468', NULL, NULL, NULL, 9, '0000CD6DCD07000304E0', 'Y02468', '2012-10-12 14:00:00', NULL, 7, 0, NULL, 0, 0),
	(14737, '0004670', NULL, NULL, 'Y02467', NULL, NULL, NULL, 10, '000054D0CD07000304E0', 'Y02467', '2012-10-12 14:00:00', NULL, 8, 0, NULL, 0, 0),
	(14738, '0004671', NULL, NULL, 'Y00924', NULL, NULL, NULL, 9, '0000DDFFCD07000304E0', 'Y00924', '2012-10-12 14:00:00', NULL, 7, 0, NULL, 0, 0),
	(14739, '0004672', NULL, NULL, 'Y01928', NULL, NULL, NULL, 10, '0000416CCD07000304E0', 'Y01928', '2012-10-12 14:00:00', NULL, 8, 0, NULL, 0, 0),
	(14740, '0004673', NULL, NULL, 'Y01081', NULL, NULL, NULL, 10, '00006ED5CD07000304E0', 'Y01081', '2012-10-12 14:00:00', NULL, 8, 0, NULL, 0, 0),
	(14741, '0004674', NULL, NULL, 'Y01908', NULL, NULL, NULL, 10, '0000CBA5CD07000304E0', 'Y01908', '2012-10-12 14:00:00', NULL, 8, 0, NULL, 0, 0),
	(14742, '0004675', NULL, NULL, 'Y02120', NULL, NULL, NULL, 9, '000066A6CD07000304E0', 'Y02120', '2012-10-12 14:00:00', NULL, 7, 0, NULL, 0, 0),
	(14743, '0004676', NULL, NULL, 'Y01912', NULL, NULL, NULL, 10, '000059D1CD07000304E0', 'Y01912', '2012-10-12 14:00:00', NULL, 8, 0, NULL, 0, 0),
	(14744, '0004677', NULL, NULL, 'Y02101', NULL, NULL, NULL, 10, '00005BA6CD07000304E0', 'Y02101', '2012-10-12 14:00:00', NULL, 8, 0, NULL, 0, 0),
	(14745, '0004678', NULL, NULL, 'Y01371', NULL, NULL, NULL, 10, '0000A5EECC07000304E0', 'Y01371', '2012-10-12 14:00:00', NULL, 8, 0, NULL, 0, 0),
	(14748, '0004680', NULL, 24325, '1245', '2013-03-13 09:50:01', NULL, 2, 10, '00008854CD07000304E0', '1245', '2012-10-15 00:00:00', NULL, 7, 0, NULL, 0, 0),
	(14751, '0004681', NULL, NULL, 'C00217', NULL, NULL, NULL, 10, '000037A1CD74000104E0', 'C00217', '2012-10-25 12:00:00', NULL, 8, 0, NULL, 0, 0),
	(14752, '0004682', NULL, NULL, 'C00258', NULL, NULL, NULL, 10, '0000997DCD74000104E0', 'C00258', '2012-10-25 12:00:00', NULL, 8, 0, NULL, 0, 0),
	(14753, '0004683', NULL, NULL, 'C00101', NULL, NULL, NULL, 10, '0000D190CB74000104E0', 'C00101', '2012-10-25 12:00:00', NULL, 8, 0, NULL, 0, 0),
	(14754, '0004684', NULL, NULL, '807448', '2013-02-21 15:21:34', NULL, NULL, 10, '0000143DCD07000304E0', '807448', '2012-10-25 12:00:00', NULL, 8, 0, NULL, 0, 0),
	(14755, '0004685', NULL, NULL, 'C00144', NULL, NULL, NULL, 10, '0000196CCD07000304E0', 'C00144', '2012-10-25 12:00:00', NULL, 8, 0, NULL, 0, 0),
	(14756, '0004686', NULL, NULL, 'N00829', '2013-02-21 16:47:41', NULL, NULL, 10, '0000DA6BCD07000304E0', 'N00829', '2012-10-25 12:00:00', NULL, 8, 0, NULL, 0, 0),
	(14757, '0004687', NULL, NULL, 'A07672', '2013-02-21 16:47:36', NULL, NULL, 10, '00004E85CD74000104E0', NULL, '2012-11-02 00:00:00', NULL, 8, 0, NULL, 0, 0),
	(14758, '0004688', NULL, NULL, 'A07571', NULL, NULL, NULL, 10, '00000CA7CD74000104E0', '1', '2012-11-02 00:00:00', NULL, 8, 0, NULL, 0, 0),
	(14759, '0004689', NULL, NULL, 'Y00309', NULL, NULL, 100560, 9, '0000A275AF08000304E0', 'Y00309', '2012-12-06 10:00:00', NULL, 7, 0, NULL, 0, 0),
	(14760, '0004690', NULL, NULL, 'Y06021', NULL, NULL, 100618, 9, '0000C653CD07000304E0', 'Y06021', '2012-12-06 10:00:00', NULL, 7, 0, NULL, 0, 0),
	(14761, '0004691', NULL, NULL, 'Y00240', NULL, NULL, 100614, 9, '00004775AF08000304E0', 'Y00240', '2012-12-06 10:00:00', NULL, 7, 0, NULL, 0, 0),
	(14762, '0004692', NULL, NULL, 'Y00079', NULL, NULL, 100614, 9, '00002480AF08000304E0', 'Y00079', '2012-12-06 10:00:00', NULL, 7, 0, NULL, 0, 0),
	(14763, '0004693', NULL, NULL, 'Y00055', NULL, NULL, 100614, 9, '000035C6AF08000304E0', 'Y00055', '2012-12-06 10:00:00', NULL, 7, 0, NULL, 0, 0),
	(14764, '0004694', NULL, NULL, 'Y00067', NULL, NULL, 100614, 9, '0000FFA3AF08000304E0', 'Y00067', '2012-12-06 10:00:00', NULL, 7, 0, NULL, 0, 0),
	(14765, '0004695', NULL, NULL, 'Y05985', NULL, NULL, 100614, 10, '0000163DCD07000304E0', 'Y05985', '2012-12-06 10:00:00', NULL, 7, 0, NULL, 0, 0),
	(14766, '0004696', NULL, NULL, 'Y00147', NULL, NULL, NULL, 10, '0000EBBBAF08000304E0', 'Y00147', '2012-12-06 10:00:00', NULL, 8, 0, NULL, 0, 0),
	(14767, '0004697', NULL, NULL, 'Y00011', NULL, NULL, 100554, 9, '0000ADC5AF08000304E0', 'Y00011', '2012-12-06 10:00:00', NULL, 7, 0, NULL, 0, 0),
	(14768, '0004698', NULL, NULL, 'Y00439', NULL, NULL, 100631, 10, '0000B6A3AF08000304E0', 'Y00439', '2012-12-06 10:00:00', NULL, 7, 0, NULL, 0, 0),
	(14769, '0004699', NULL, NULL, 'Y00379', NULL, NULL, 100554, 9, '00004A8BAF08000304E0', 'Y00379', '2012-12-06 10:00:00', NULL, 7, 0, NULL, 0, 0),
	(14770, '0004700', NULL, NULL, 'Y05704', NULL, NULL, 100618, 9, '00003055CD07000304E0', 'Y05704', '2012-12-06 10:00:00', NULL, 7, 0, NULL, 0, 0),
	(14771, '0004701', NULL, NULL, 'Y00267', NULL, NULL, 100531, 9, '0000F3CFAF08000304E0', 'Y00267', '2012-12-06 10:00:00', NULL, 7, 0, NULL, 0, 0),
	(14772, '0004702', NULL, NULL, 'Y00073', NULL, NULL, 100614, 9, '0000D08AAF08000304E0', 'Y00073', '2012-12-06 10:00:00', NULL, 7, 0, NULL, 0, 0),
	(14773, '0004703', NULL, NULL, 'Y00605', NULL, NULL, 100614, 9, '00008A6CAF08000304E0', 'Y00605', '2012-12-06 10:00:00', NULL, 7, 0, NULL, 0, 0),
	(14774, '0004704', NULL, NULL, 'Y00322', NULL, NULL, 100618, 9, '000044D0AF08000304E0', 'Y00322', '2012-12-06 10:00:00', NULL, 7, 0, NULL, 0, 0),
	(14775, '0004705', NULL, NULL, 'Y00236', NULL, NULL, 100626, 9, '000026BCAF08000304E0', 'Y00236', '2012-12-06 10:00:00', NULL, 7, 0, NULL, 0, 0),
	(14776, '0004706', NULL, NULL, 'Y00371', NULL, NULL, 100614, 9, '0000CDBBAF08000304E0', 'Y00371', '2012-12-06 10:00:00', NULL, 7, 0, NULL, 0, 0),
	(14777, '0004707', NULL, NULL, 'Y01144', NULL, NULL, 100614, 9, '0000D897AF08000304E0', 'Y01144', '2012-12-06 10:00:00', NULL, 7, 0, NULL, 0, 0),
	(14778, '0004708', NULL, NULL, 'Y00507', NULL, NULL, 100531, 9, '000062EECC07000304E0', 'Y00507', '2012-12-06 10:00:00', NULL, 7, 0, NULL, 0, 0),
	(14779, '0004709', NULL, NULL, 'Y00035', NULL, NULL, 100614, 9, '00006397AF08000304E0', 'Y00035', '2012-12-06 10:00:00', NULL, 7, 0, NULL, 0, 0),
	(14780, '0004710', NULL, NULL, 'Y00707', NULL, NULL, 100626, 9, '00004CB0AF08000304E0', 'Y00707', '2012-12-06 10:00:00', NULL, 7, 0, NULL, 0, 0),
	(14781, '0004711', NULL, NULL, 'Y00531', NULL, NULL, 100614, 9, '00008CD5AF08000304E0', 'Y00531', '2012-12-06 10:00:00', NULL, 7, 0, NULL, 0, 0),
	(14782, '0004712', NULL, NULL, 'Y00516', NULL, NULL, 100531, 9, '0000FC96AF08000304E0', 'Y00516', '2012-12-06 10:00:00', NULL, 7, 0, NULL, 0, 0),
	(14783, '0004713', NULL, NULL, 'Y00206', NULL, NULL, 100626, 9, '0000BC7FAF08000304E0', 'Y00206', '2012-12-06 10:00:00', NULL, 7, 0, NULL, 0, 0),
	(14784, '0004714', NULL, NULL, 'Y00208', NULL, NULL, 100618, 9, '000000A4AF08000304E0', 'Y00208', '2012-12-06 10:00:00', NULL, 7, 0, NULL, 0, 0),
	(14785, '0004715', NULL, NULL, 'Y04754', NULL, NULL, 100560, 9, '0000BCBACD07000304E0', 'Y04754', '2012-12-06 10:00:00', NULL, 7, 0, NULL, 0, 0),
	(14786, '0004716', NULL, NULL, 'Y00091', NULL, NULL, 100554, 9, '0000E2D5AF08000304E0', 'Y00091', '2012-12-06 10:00:00', NULL, 7, 0, NULL, 0, 0),
	(14787, '0004717', NULL, NULL, 'Y00320', NULL, NULL, 100618, 9, '0000F9C5AF08000304E0', 'Y00320', '2012-12-06 10:00:00', NULL, 7, 0, NULL, 0, 0),
	(14788, '0004718', NULL, NULL, 'Y00370', NULL, NULL, 100626, 9, '00000C75AF08000304E0', 'Y00370', '2012-12-06 10:00:00', NULL, 7, 0, NULL, 0, 0),
	(14789, '0004719', NULL, NULL, 'Y00064', NULL, NULL, 100614, 9, '0000AFC5AF08000304E0', 'Y00064', '2012-12-06 10:00:00', NULL, 7, 0, NULL, 0, 0),
	(14790, '0004720', NULL, NULL, 'Y06083', NULL, NULL, 100618, 9, '0000346DCD07000304E0', 'Y06083', '2012-12-06 10:00:00', NULL, 7, 0, NULL, 0, 0),
	(14791, '0004721', NULL, NULL, 'Y00288', NULL, NULL, 100531, 9, '0000617FAF08000304E0', 'Y00288', '2012-12-06 10:00:00', NULL, 7, 0, NULL, 0, 0),
	(14792, '0004722', NULL, NULL, 'Y00347', NULL, NULL, 100531, 9, '000025BCAF08000304E0', 'Y00347', '2012-12-06 10:00:00', NULL, 7, 0, NULL, 0, 0),
	(14793, '0004723', NULL, NULL, 'Y00253', NULL, NULL, 100531, 9, '0000D5AFAF08000304E0', 'Y00253', '2012-12-06 10:00:00', NULL, 7, 0, NULL, 0, 0),
	(14794, '0004724', NULL, NULL, 'Y00235', NULL, NULL, 100531, 9, '0000488BAF08000304E0', 'Y00235', '2012-12-06 10:00:00', NULL, 7, 0, NULL, 0, 0),
	(14795, '0004725', NULL, NULL, 'Y00066', NULL, NULL, 100531, 9, '0000CB97AF08000304E0', 'Y00066', '2012-12-06 10:00:00', NULL, 7, 0, NULL, 0, 0),
	(14796, '0004726', NULL, NULL, 'Y00233', NULL, NULL, 100554, 9, '00001580AF08000304E0', 'Y00233', '2012-12-06 10:00:00', NULL, 7, 0, NULL, 0, 0),
	(14797, '0004727', NULL, NULL, 'Y01581', NULL, NULL, 100618, 9, '0000EB01CE07000304E0', 'Y01581', '2012-12-06 10:00:00', NULL, 7, 0, NULL, 0, 0),
	(14798, '0004728', NULL, NULL, 'Y00078', NULL, NULL, 100614, 9, '00000FD0AF08000304E0', 'Y00078', '2012-12-06 10:00:00', NULL, 7, 0, NULL, 0, 0),
	(14799, '0004729', NULL, NULL, 'Y00161', NULL, NULL, 100531, 9, '000000D0AF08000304E0', 'Y00161', '2012-12-06 10:00:00', NULL, 7, 0, NULL, 0, 0),
	(14800, '0004730', NULL, NULL, 'Y00229', NULL, NULL, 100531, 9, '0000C96BAF08000304E0', 'Y00229', '2012-12-06 10:00:00', NULL, 7, 0, NULL, 0, 0),
	(14801, '0004731', NULL, NULL, 'Y00523', NULL, NULL, NULL, 10, '0000B766AF08000304E0', 'Y00523', '2012-12-06 10:00:00', NULL, 8, 0, NULL, 0, 0),
	(14802, '0004732', NULL, NULL, 'Y00406', NULL, NULL, NULL, 10, '0000DC75AF08000304E0', 'Y00406', '2012-12-06 10:00:00', NULL, 8, 0, NULL, 0, 0),
	(14803, '0004733', NULL, NULL, 'Y00046', NULL, NULL, NULL, 10, '00007097AF08000304E0', 'Y00046', '2012-12-06 10:00:00', NULL, 8, 0, NULL, 0, 0),
	(14804, '0004734', NULL, NULL, 'Y00365', NULL, NULL, NULL, 10, '000010B0AF08000304E0', 'Y00365', '2012-12-06 10:00:00', NULL, 8, 0, NULL, 0, 0),
	(14805, '0004735', NULL, NULL, 'Y00168', NULL, NULL, NULL, 10, '00004280AF08000304E0', 'Y00168', '2012-12-06 10:00:00', NULL, 8, 0, NULL, 0, 0),
	(14806, '0004736', NULL, NULL, 'Y00105', NULL, NULL, NULL, 10, '000008BCAF08000304E0', 'Y00105', '2012-12-06 10:00:00', NULL, 8, 0, NULL, 0, 0),
	(14807, '0004737', NULL, NULL, 'Y06067', NULL, NULL, NULL, 10, '0000FF82CD07000304E0', 'Y06067', '2012-12-06 10:00:00', NULL, 8, 0, NULL, 0, 0),
	(14808, '0004738', NULL, NULL, 'Y01094', NULL, NULL, NULL, 10, '00000580AF08000304E0', 'Y01094', '2012-12-06 10:00:00', NULL, 8, 0, NULL, 0, 0),
	(14809, '0004739', NULL, NULL, 'Y01100', NULL, NULL, NULL, 10, '000087B0AF08000304E0', 'Y01100', '2012-12-06 10:00:00', NULL, 8, 0, NULL, 0, 0),
	(14810, '0004740', NULL, NULL, 'Y06026', NULL, NULL, NULL, 10, '0000F652CD07000304E0', 'Y06026', '2012-12-06 10:00:00', NULL, 8, 0, NULL, 0, 0),
	(14811, '0004741', NULL, NULL, 'Y00083', NULL, NULL, NULL, 10, '00005B6CAF08000304E0', 'Y00083', '2012-12-06 10:00:00', NULL, 8, 0, NULL, 0, 0),
	(14812, '0004742', NULL, NULL, 'Y00319', NULL, NULL, NULL, 10, '0000A46CAF08000304E0', 'Y00319', '2012-12-06 10:00:00', NULL, 8, 0, NULL, 0, 0),
	(14813, '0004743', NULL, NULL, 'Y00464', NULL, NULL, NULL, 10, '00000A97AF08000304E0', 'Y00464', '2012-12-06 10:00:00', NULL, 8, 0, NULL, 0, 0),
	(14814, '0004744', NULL, NULL, 'Y01163', NULL, NULL, NULL, 10, '00005602CD07000304E0', 'Y01163', '2012-12-06 10:00:00', NULL, 8, 0, NULL, 0, 0),
	(14815, '0004745', NULL, NULL, 'Y06058', NULL, NULL, NULL, 10, '000081D7CD07000304E0', 'Y06058', '2012-12-06 10:00:00', NULL, 8, 0, NULL, 0, 0),
	(14816, '0004746', NULL, NULL, 'Y00005', NULL, NULL, NULL, 10, '00008DD5AF08000304E0', 'Y00005', '2012-12-06 10:00:00', NULL, 8, 0, NULL, 0, 0),
	(14817, '0004747', NULL, NULL, 'Y00200', NULL, NULL, NULL, 10, '000085C5AF08000304E0', 'Y00200', '2012-12-06 10:00:00', NULL, 8, 0, NULL, 0, 0),
	(14818, '0004748', NULL, NULL, 'Y00084', NULL, NULL, NULL, 10, '00005B67AF08000304E0', 'Y00084', '2012-12-06 10:00:00', NULL, 8, 0, NULL, 0, 0),
	(14819, '0004749', NULL, NULL, 'Y00526', NULL, NULL, NULL, 10, '0000707FAF08000304E0', 'Y00526', '2012-12-06 10:00:00', NULL, 8, 0, NULL, 0, 0),
	(14820, '0004750', NULL, NULL, 'Y00630', NULL, NULL, NULL, 10, '00009B97AF08000304E0', 'Y00630', '2012-12-06 10:00:00', NULL, 8, 0, NULL, 0, 0),
	(14821, '0004751', NULL, NULL, 'Y00179', NULL, NULL, NULL, 10, '0000AEC5AF08000304E0', 'Y00179', '2012-12-06 10:00:00', NULL, 8, 0, NULL, 0, 0),
	(14822, '0004752', NULL, NULL, 'Y00103', NULL, NULL, NULL, 10, '0000CF75AF08000304E0', 'Y00103', '2012-12-06 10:00:00', NULL, 8, 0, NULL, 0, 0),
	(14823, '0004753', NULL, NULL, 'Y01122', NULL, NULL, NULL, 10, '00000A8BAF08000304E0', 'Y01122', '2012-12-06 10:00:00', NULL, 8, 0, NULL, 0, 0),
	(14824, '0004754', NULL, NULL, 'Y00201', NULL, NULL, NULL, 10, '0000DCC5AF08000304E0', 'Y00201', '2012-12-06 10:00:00', NULL, 8, 0, NULL, 0, 0),
	(14825, '0004755', NULL, NULL, 'Y00252', NULL, NULL, NULL, 10, '000021B0AF08000304E0', 'Y00252', '2012-12-06 10:00:00', NULL, 8, 0, NULL, 0, 0),
	(14826, '0004756', NULL, NULL, 'Y00180', NULL, NULL, NULL, 10, '00006867AF08000304E0', 'Y00180', '2012-12-06 10:00:00', NULL, 8, 0, NULL, 0, 0),
	(14827, '0004757', NULL, NULL, 'Y00049', NULL, NULL, NULL, 10, '0000768BAF08000304E0', 'Y00049', '2012-12-06 10:00:00', NULL, 8, 0, NULL, 0, 0),
	(14828, '0004758', NULL, NULL, 'Y01113', NULL, NULL, NULL, 10, '0000CF18CD07000304E0', 'Y01113', '2012-12-06 10:00:00', NULL, 8, 0, NULL, 0, 0),
	(14829, '0004759', NULL, NULL, 'Y00165', NULL, NULL, NULL, 10, '000044BCAF08000304E0', 'Y00165', '2012-12-06 10:00:00', NULL, 8, 0, NULL, 0, 0),
	(14830, '0004760', NULL, NULL, 'Y00037', NULL, NULL, NULL, 10, '00003B67AF08000304E0', 'Y00037', '2012-12-06 10:00:00', NULL, 8, 0, NULL, 0, 0),
	(14831, '0004761', NULL, NULL, 'Y06088', NULL, NULL, NULL, 10, '0000F9D4CD07000304E0', 'Y06088', '2012-12-06 10:00:00', NULL, 8, 0, NULL, 0, 0),
	(14832, '0004762', NULL, NULL, 'Y00139', NULL, NULL, NULL, 10, '0000D86BAF08000304E0', 'Y00139', '2012-12-06 10:00:00', NULL, 8, 0, NULL, 0, 0),
	(14833, '0004763', NULL, NULL, 'Y00025', NULL, NULL, NULL, 10, '00003BA4AF08000304E0', 'Y00025', '2012-12-06 10:00:00', NULL, 8, 0, NULL, 0, 0),
	(14834, '0004764', NULL, NULL, 'Y00142', NULL, NULL, NULL, 10, '0000D7CFAF08000304E0', 'Y00142', '2012-12-06 10:00:00', NULL, 8, 0, NULL, 0, 0),
	(14835, '0004765', NULL, NULL, 'Y00222', NULL, NULL, NULL, 10, '000053D0AF08000304E0', 'Y00222', '2012-12-06 10:00:00', NULL, 8, 0, NULL, 0, 0),
	(14836, '0004766', NULL, NULL, 'Y06018', NULL, NULL, NULL, 10, '0000C553CD07000304E0', 'Y06018', '2012-12-06 10:00:00', NULL, 8, 0, NULL, 0, 0),
	(14837, '0004767', NULL, NULL, 'Y00113', NULL, NULL, NULL, 10, '0000BD97AF08000304E0', 'Y00113', '2012-12-06 10:00:00', NULL, 8, 0, NULL, 0, 0),
	(14838, '0004768', NULL, NULL, 'Y00163', NULL, NULL, NULL, 10, '000062D0AF08000304E0', 'Y00163', '2012-12-06 10:00:00', NULL, 8, 0, NULL, 0, 0),
	(14839, '0004769', NULL, NULL, 'Y04801', NULL, NULL, NULL, 10, '00002952CD07000304E0', 'Y04801', '2012-12-06 10:00:00', NULL, 8, 0, NULL, 0, 0),
	(14840, '0004770', NULL, NULL, 'Y00258', NULL, NULL, NULL, 10, '0000796CAF08000304E0', 'Y00258', '2012-12-06 10:00:00', NULL, 8, 0, NULL, 0, 0),
	(14841, '0004771', NULL, NULL, 'Y00173', NULL, NULL, NULL, 10, '00001897AF08000304E0', 'Y00173', '2012-12-06 10:00:00', NULL, 8, 0, NULL, 0, 0),
	(14842, '0004772', NULL, NULL, 'Y00522', NULL, NULL, NULL, 10, '00005606CD07000304E0', 'Y00522', '2012-12-06 10:00:00', NULL, 8, 0, NULL, 0, 0),
	(14843, '0004773', NULL, NULL, 'Y05990', NULL, NULL, NULL, 10, '00009755CD07000304E0', 'Y05990', '2012-12-06 10:00:00', NULL, 8, 0, NULL, 0, 0);
/*!40000 ALTER TABLE `bike` ENABLE KEYS */;


-- Dumping structure for table naesta_cleanup.biketriangle
DROP TABLE IF EXISTS `biketriangle`;
CREATE TABLE IF NOT EXISTS `biketriangle` (
  `id` int(10) NOT NULL AUTO_INCREMENT,
  `uaid` varchar(15) DEFAULT NULL,
  `msnbc` varchar(100) DEFAULT NULL,
  `msnemb` varchar(100) DEFAULT NULL,
  `obcn` varchar(100) DEFAULT NULL,
  `registeredOn` datetime DEFAULT NULL,
  `activatedOn` datetime DEFAULT NULL,
  `statusBKTOperative` int(1) DEFAULT NULL,
  `bikeid` int(10) DEFAULT NULL,
  `enabled` varchar(1) DEFAULT NULL,
  `isdeleted` tinyint(1) NOT NULL DEFAULT '0',
  PRIMARY KEY (`id`),
  UNIQUE KEY `uaid` (`uaid`),
  UNIQUE KEY `msnbc` (`msnbc`),
  UNIQUE KEY `msnemb` (`msnemb`),
  UNIQUE KEY `obcn` (`obcn`),
  KEY `bikeid_INDEX` (`bikeid`)
) ENGINE=InnoDB AUTO_INCREMENT=881 DEFAULT CHARSET=latin1;

-- Dumping data for table naesta_cleanup.biketriangle: ~320 rows (approximately)
DELETE FROM `biketriangle`;
/*!40000 ALTER TABLE `biketriangle` DISABLE KEYS */;
INSERT INTO `biketriangle` (`id`, `uaid`, `msnbc`, `msnemb`, `obcn`, `registeredOn`, `activatedOn`, `statusBKTOperative`, `bikeid`, `enabled`, `isdeleted`) VALUES
	(561, '0004433', '000023ECCD07000304E0', '000023ECCD07000304E0', '000023ECCD07000304E0', '2012-09-24 17:03:16', NULL, 1, 14517, '1', 0),
	(562, '0004436', '00009A53CD07000304E0', '00009A53CD07000304E0', '00009A53CD07000304E0', '2012-09-24 17:03:35', NULL, 1, 14518, '1', 0),
	(563, '0004439', '00008FBBCD07000304E0', '00008FBBCD07000304E0', '00008FBBCD07000304E0', '2012-09-24 17:04:48', NULL, 1, 14519, '1', 0),
	(564, '0004442', '0000396CCD07000304E0', '0000396CCD07000304E0', '0000396CCD07000304E0', '2012-09-24 17:05:07', NULL, 1, 14520, '1', 0),
	(565, '0004445', '0000526CCD07000304E0', '0000526CCD07000304E0', '0000526CCD07000304E0', '2012-09-24 17:05:33', NULL, 1, 14521, '1', 0),
	(566, '0004449', '0000856DCD07000304E0', '0000856DCD07000304E0', '0000856DCD07000304E0', '2012-09-24 17:05:51', NULL, 1, 14523, '1', 0),
	(567, '0004452', '00007D6DCD07000304E0', '00007D6DCD07000304E0', '00007D6DCD07000304E0', '2012-09-24 17:06:22', NULL, 1, 14524, '1', 0),
	(568, '0004455', '000006D3CD07000304E0', '000006D3CD07000304E0', '000006D3CD07000304E0', '2012-09-24 17:06:41', NULL, 1, 14525, '1', 0),
	(569, '0004459', '0000C7D2CD07000304E0', '0000C7D2CD07000304E0', '0000C7D2CD07000304E0', '2012-09-24 17:09:42', NULL, 1, 14527, '1', 0),
	(570, '0004462', '00006BEACD07000304E0', '00006BEACD07000304E0', '00006BEACD07000304E0', '2012-10-12 14:00:00', NULL, 1, 14529, '1', 0),
	(571, '0004463', '0000B26CAF08000304E0', '0000B26CAF08000304E0', '0000B26CAF08000304E0', '2012-10-12 14:00:00', NULL, 1, 14530, '1', 0),
	(572, '0004464', '0000E5A8CD07000304E0', '0000E5A8CD07000304E0', '0000E5A8CD07000304E0', '2012-10-12 14:00:00', NULL, 1, 14531, '1', 0),
	(573, '0004465', '0000896BCD07000304E0', '0000896BCD07000304E0', '0000896BCD07000304E0', '2012-10-12 14:00:00', NULL, 1, 14532, '1', 0),
	(574, '0004466', '0000AFB9CD07000304E0', '0000AFB9CD07000304E0', '0000AFB9CD07000304E0', '2012-10-12 14:00:00', NULL, 1, 14533, '1', 0),
	(575, '0004467', '0000B483CD07000304E0', '0000B483CD07000304E0', '0000B483CD07000304E0', '2012-10-12 14:00:00', NULL, 1, 14534, '1', 0),
	(576, '0004468', '0000DE6DCD07000304E0', '0000DE6DCD07000304E0', '0000DE6DCD07000304E0', '2012-10-12 14:00:00', NULL, 1, 14535, '1', 0),
	(577, '0004469', '000013EECD07000304E0', '000013EECD07000304E0', '000013EECD07000304E0', '2012-10-12 14:00:00', NULL, 1, 14536, '1', 0),
	(578, '0004470', '0000DED5CD07000304E0', '0000DED5CD07000304E0', '0000DED5CD07000304E0', '2012-10-12 14:00:00', NULL, 1, 14537, '1', 0),
	(579, '0004471', '00009D52CD07000304E0', '00009D52CD07000304E0', '00009D52CD07000304E0', '2012-10-12 14:00:00', NULL, 1, 14538, '1', 0),
	(580, '0004472', '0000A2D1CD07000304E0', '0000A2D1CD07000304E0', '0000A2D1CD07000304E0', '2012-10-12 14:00:00', NULL, 1, 14539, '1', 0),
	(581, '0004473', '00007CFFCD07000304E0', '00007CFFCD07000304E0', '00007CFFCD07000304E0', '2012-10-12 14:00:00', NULL, 1, 14540, '1', 0),
	(582, '0004474', '0000B1A6CD07000304E0', '0000B1A6CD07000304E0', '0000B1A6CD07000304E0', '2012-10-12 14:00:00', NULL, 1, 14541, '1', 0),
	(583, '0004475', '00000207CD07000304E0', '00000207CD07000304E0', '00000207CD07000304E0', '2012-10-12 14:00:00', NULL, 1, 14542, '1', 0),
	(584, '0004476', '000068B0AF08000304E0', '000068B0AF08000304E0', '000068B0AF08000304E0', '2012-10-12 14:00:00', NULL, 1, 14543, '1', 0),
	(585, '0004477', '0000E76ACD07000304E0', '0000E76ACD07000304E0', '0000E76ACD07000304E0', '2012-10-12 14:00:00', NULL, 1, 14544, '1', 0),
	(586, '0004478', '00002ED7CD07000304E0', '00002ED7CD07000304E0', '00002ED7CD07000304E0', '2012-10-12 14:00:00', NULL, 1, 14545, '1', 0),
	(587, '0004479', '00008CD0AF08000304E0', '00008CD0AF08000304E0', '00008CD0AF08000304E0', '2012-10-12 14:00:00', NULL, 1, 14546, '1', 0),
	(588, '0004480', '00008BE9CC07000304E0', '00008BE9CC07000304E0', '00008BE9CC07000304E0', '2012-10-12 14:00:00', NULL, 1, 14547, '1', 0),
	(589, '0004481', '000014C6AF08000304E0', '000014C6AF08000304E0', '000014C6AF08000304E0', '2012-10-12 14:00:00', NULL, 1, 14548, '1', 0),
	(590, '0004482', '0000C61ACD07000304E0', '0000C61ACD07000304E0', '0000C61ACD07000304E0', '2012-10-12 14:00:00', NULL, 1, 14549, '1', 0),
	(591, '0004483', '0000DFD5CD07000304E0', '0000DFD5CD07000304E0', '0000DFD5CD07000304E0', '2012-10-12 14:00:00', NULL, 1, 14550, '1', 0),
	(592, '0004484', '000079ECCD07000304E0', '000079ECCD07000304E0', '000079ECCD07000304E0', '2012-10-12 14:00:00', NULL, 1, 14551, '1', 0),
	(593, '0004485', '00005FEACD07000304E0', '00005FEACD07000304E0', '00005FEACD07000304E0', '2012-10-12 14:00:00', NULL, 1, 14552, '1', 0),
	(594, '0004486', '000042D0AF08000304E0', '000042D0AF08000304E0', '000042D0AF08000304E0', '2012-10-12 14:00:00', NULL, 1, 14553, '1', 0),
	(595, '0004487', '00000CBACD07000304E0', '00000CBACD07000304E0', '00000CBACD07000304E0', '2012-10-12 14:00:00', NULL, 1, 14554, '1', 0),
	(596, '0004488', '0000C1ECCD07000304E0', '0000C1ECCD07000304E0', '0000C1ECCD07000304E0', '2012-10-12 14:00:00', NULL, 1, 14555, '1', 0),
	(597, '0004489', '0000CBBACD07000304E0', '0000CBBACD07000304E0', '0000CBBACD07000304E0', '2012-10-12 14:00:00', NULL, 1, 14556, '1', 0),
	(598, '0004490', '0000A6EBCD07000304E0', '0000A6EBCD07000304E0', '0000A6EBCD07000304E0', '2012-10-12 14:00:00', NULL, 1, 14557, '1', 0),
	(599, '0004491', '0000983BCD07000304E0', '0000983BCD07000304E0', '0000983BCD07000304E0', '2012-10-12 14:00:00', NULL, 1, 14558, '1', 0),
	(600, '0004492', '0000B56DCD07000304E0', '0000B56DCD07000304E0', '0000B56DCD07000304E0', '2012-10-12 14:00:00', NULL, 1, 14559, '1', 0),
	(601, '0004493', '0000F1FFCD07000304E0', '0000F1FFCD07000304E0', '0000F1FFCD07000304E0', '2012-10-12 14:00:00', NULL, 1, 14560, '1', 0),
	(602, '0004494', '0000EC84CD07000304E0', '0000EC84CD07000304E0', '0000EC84CD07000304E0', '2012-10-12 14:00:00', NULL, 1, 14561, '1', 0),
	(603, '0004495', '0000D3D6CD07000304E0', '0000D3D6CD07000304E0', '0000D3D6CD07000304E0', '2012-10-12 14:00:00', NULL, 1, 14562, '1', 0),
	(604, '0004496', '0000AD83CD07000304E0', '0000AD83CD07000304E0', '0000AD83CD07000304E0', '2012-10-12 14:00:00', NULL, 1, 14563, '1', 0),
	(605, '0004497', '0000833CCD07000304E0', '0000833CCD07000304E0', '0000833CCD07000304E0', '2012-10-12 14:00:00', NULL, 1, 14564, '1', 0),
	(606, '0004498', '0000E0BBCD07000304E0', '0000E0BBCD07000304E0', '0000E0BBCD07000304E0', '2012-10-12 14:00:00', NULL, 1, 14565, '1', 0),
	(607, '0004499', '000045EACD07000304E0', '000045EACD07000304E0', '000045EACD07000304E0', '2012-10-12 14:00:00', NULL, 1, 14566, '1', 0),
	(608, '0004500', '00007B3DCD07000304E0', '00007B3DCD07000304E0', '00007B3DCD07000304E0', '2012-10-12 14:00:00', NULL, 1, 14567, '1', 0),
	(609, '0004501', '0000E583CD07000304E0', '0000E583CD07000304E0', '0000E583CD07000304E0', '2012-10-12 14:00:00', NULL, 1, 14568, '1', 0),
	(610, '0004502', '00005D83CD07000304E0', '00005D83CD07000304E0', '00005D83CD07000304E0', '2012-10-12 14:00:00', NULL, 1, 14569, '1', 0),
	(611, '0004503', '00000D6BCD07000304E0', '00000D6BCD07000304E0', '00000D6BCD07000304E0', '2012-10-12 14:00:00', NULL, 1, 14570, '1', 0),
	(612, '0004504', '0000416BCD07000304E0', '0000416BCD07000304E0', '0000416BCD07000304E0', '2012-10-12 14:00:00', NULL, 1, 14571, '1', 0),
	(613, '0004505', '0000C3BACD07000304E0', '0000C3BACD07000304E0', '0000C3BACD07000304E0', '2012-10-12 14:00:00', NULL, 1, 14572, '1', 0),
	(614, '0004506', '0000C9BCCD07000304E0', '0000C9BCCD07000304E0', '0000C9BCCD07000304E0', '2012-10-12 14:00:00', NULL, 1, 14573, '1', 0),
	(615, '0004507', '000048D1CD07000304E0', '000048D1CD07000304E0', '000048D1CD07000304E0', '2012-10-12 14:00:00', NULL, 1, 14574, '1', 0),
	(616, '0004508', '0000A3BACD07000304E0', '0000A3BACD07000304E0', '0000A3BACD07000304E0', '2012-10-12 14:00:00', NULL, 1, 14575, '1', 0),
	(617, '0004509', '0000AAA6CD07000304E0', '0000AAA6CD07000304E0', '0000AAA6CD07000304E0', '2012-10-12 14:00:00', NULL, 1, 14576, '1', 0),
	(618, '0004510', '000073D5CD07000304E0', '000073D5CD07000304E0', '000073D5CD07000304E0', '2012-10-12 14:00:00', NULL, 1, 14577, '1', 0),
	(619, '0004511', '00002CD0CD07000304E0', '00002CD0CD07000304E0', '00002CD0CD07000304E0', '2012-10-12 14:00:00', NULL, 1, 14578, '1', 0),
	(620, '0004512', '000001A6CD07000304E0', '000001A6CD07000304E0', '000001A6CD07000304E0', '2012-10-12 14:00:00', NULL, 1, 14579, '1', 0),
	(621, '0004513', '0000441BCD07000304E0', '0000441BCD07000304E0', '0000441BCD07000304E0', '2012-10-12 14:00:00', NULL, 1, 14580, '1', 0),
	(622, '0004514', '0000126CCD07000304E0', '0000126CCD07000304E0', '0000126CCD07000304E0', '2012-10-12 14:00:00', NULL, 1, 14581, '1', 0),
	(623, '0004515', '0000568BAF08000304E0', '0000568BAF08000304E0', '0000568BAF08000304E0', '2012-10-12 14:00:00', NULL, 1, 14582, '1', 0),
	(624, '0004516', '0000A200CE07000304E0', '0000A200CE07000304E0', '0000A200CE07000304E0', '2012-10-12 14:00:00', NULL, 1, 14583, '1', 0),
	(625, '0004517', '000042A8CD07000304E0', '000042A8CD07000304E0', '000042A8CD07000304E0', '2012-10-12 14:00:00', NULL, 1, 14584, '1', 0),
	(626, '0004518', '000098D6CD07000304E0', '000098D6CD07000304E0', '000098D6CD07000304E0', '2012-10-12 14:00:00', NULL, 1, 14585, '1', 0),
	(627, '0004519', '0000A3D0CD07000304E0', '0000A3D0CD07000304E0', '0000A3D0CD07000304E0', '2012-10-12 14:00:00', NULL, 1, 14586, '1', 0),
	(628, '0004520', '0000783DCD07000304E0', '0000783DCD07000304E0', '0000783DCD07000304E0', '2012-10-12 14:00:00', NULL, 1, 14587, '1', 0),
	(629, '0004521', '000001D3CD07000304E0', '000001D3CD07000304E0', '000001D3CD07000304E0', '2012-10-12 14:00:00', NULL, 1, 14588, '1', 0),
	(630, '0004522', '0000186BCD07000304E0', '0000186BCD07000304E0', '0000186BCD07000304E0', '2012-10-12 14:00:00', NULL, 1, 14589, '1', 0),
	(631, '0004523', '0000CCD4CD07000304E0', '0000CCD4CD07000304E0', '0000CCD4CD07000304E0', '2012-10-12 14:00:00', NULL, 1, 14590, '1', 0),
	(632, '0004524', '0000B352CD07000304E0', '0000B352CD07000304E0', '0000B352CD07000304E0', '2012-10-12 14:00:00', NULL, 1, 14591, '1', 0),
	(633, '0004525', '000064EDCD07000304E0', '000064EDCD07000304E0', '000064EDCD07000304E0', '2012-10-12 14:00:00', NULL, 1, 14592, '1', 0),
	(634, '0004526', '00002183CD07000304E0', '00002183CD07000304E0', '00002183CD07000304E0', '2012-10-12 14:00:00', NULL, 1, 14593, '1', 0),
	(635, '0004527', '0000F8A6CD07000304E0', '0000F8A6CD07000304E0', '0000F8A6CD07000304E0', '2012-10-12 14:00:00', NULL, 1, 14594, '1', 0),
	(636, '0004528', '0000C76CCD07000304E0', '0000C76CCD07000304E0', '0000C76CCD07000304E0', '2012-10-12 14:00:00', NULL, 1, 14595, '1', 0),
	(637, '0004529', '000038B9CD07000304E0', '000038B9CD07000304E0', '000038B9CD07000304E0', '2012-10-12 14:00:00', NULL, 1, 14596, '1', 0),
	(638, '0004530', '0000A5AFAF08000304E0', '0000A5AFAF08000304E0', '0000A5AFAF08000304E0', '2012-10-12 14:00:00', NULL, 1, 14597, '1', 0),
	(639, '0004531', '000048D6CD07000304E0', '000048D6CD07000304E0', '000048D6CD07000304E0', '2012-10-12 14:00:00', NULL, 1, 14598, '1', 0),
	(640, '0004532', '0000B6E9CD07000304E0', '0000B6E9CD07000304E0', '0000B6E9CD07000304E0', '2012-10-12 14:00:00', NULL, 1, 14599, '1', 0),
	(641, '0004533', '000011A8CD07000304E0', '000011A8CD07000304E0', '000011A8CD07000304E0', '2012-10-12 14:00:00', NULL, 1, 14600, '1', 0),
	(642, '0004534', '0000B100CE07000304E0', '0000B100CE07000304E0', '0000B100CE07000304E0', '2012-10-12 14:00:00', NULL, 1, 14601, '1', 0),
	(643, '0004535', '0000DEB9CD07000304E0', '0000DEB9CD07000304E0', '0000DEB9CD07000304E0', '2012-10-12 14:00:00', NULL, 1, 14602, '1', 0),
	(644, '0004536', '0000EEEACD07000304E0', '0000EEEACD07000304E0', '0000EEEACD07000304E0', '2012-10-12 14:00:00', NULL, 1, 14603, '1', 0),
	(645, '0004537', '000061B9CD07000304E0', '000061B9CD07000304E0', '000061B9CD07000304E0', '2012-10-12 14:00:00', NULL, 1, 14604, '1', 0),
	(646, '0004538', '0000B2D5CC07000304E0', '0000B2D5CC07000304E0', '0000B2D5CC07000304E0', '2012-10-12 14:00:00', NULL, 1, 14605, '1', 0),
	(647, '0004539', '0000EFA3AF08000304E0', '0000EFA3AF08000304E0', '0000EFA3AF08000304E0', '2012-10-12 14:00:00', NULL, 1, 14606, '1', 0),
	(648, '0004540', '00002B18CD07000304E0', '00002B18CD07000304E0', '00002B18CD07000304E0', '2012-10-12 14:00:00', NULL, 1, 14607, '1', 0),
	(649, '0004541', '00006AB9CD07000304E0', '00006AB9CD07000304E0', '00006AB9CD07000304E0', '2012-10-12 14:00:00', NULL, 1, 14608, '1', 0),
	(650, '0004542', '000081EBCD07000304E0', '000081EBCD07000304E0', '000081EBCD07000304E0', '2012-10-12 14:00:00', NULL, 1, 14609, '1', 0),
	(651, '0004543', '0000C4A3AF08000304E0', '0000C4A3AF08000304E0', '0000C4A3AF08000304E0', '2012-10-12 14:00:00', NULL, 1, 14610, '1', 0),
	(652, '0004544', '000048D2CD07000304E0', '000048D2CD07000304E0', '000048D2CD07000304E0', '2012-10-12 14:00:00', NULL, 1, 14611, '1', 0),
	(653, '0004545', '00003DEDCD07000304E0', '00003DEDCD07000304E0', '00003DEDCD07000304E0', '2012-10-12 14:00:00', NULL, 1, 14612, '1', 0),
	(654, '0004546', '0000B2EDCD07000304E0', '0000B2EDCD07000304E0', '0000B2EDCD07000304E0', '2012-10-12 14:00:00', NULL, 1, 14613, '1', 0),
	(655, '0004547', '0000BDD3CD07000304E0', '0000BDD3CD07000304E0', '0000BDD3CD07000304E0', '2012-10-12 14:00:00', NULL, 1, 14614, '1', 0),
	(656, '0004548', '0000796BCD07000304E0', '0000796BCD07000304E0', '0000796BCD07000304E0', '2012-10-12 14:00:00', NULL, 1, 14615, '1', 0),
	(657, '0004549', '0000E6D4CD07000304E0', '0000E6D4CD07000304E0', '0000E6D4CD07000304E0', '2012-10-12 14:00:00', NULL, 1, 14616, '1', 0),
	(658, '0004550', '00000D54CD07000304E0', '00000D54CD07000304E0', '00000D54CD07000304E0', '2012-10-12 14:00:00', NULL, 1, 14617, '1', 0),
	(659, '0004551', '0000E6D1CD07000304E0', '0000E6D1CD07000304E0', '0000E6D1CD07000304E0', '2012-10-12 14:00:00', NULL, 1, 14618, '1', 0),
	(660, '0004552', '0000E4D1CD07000304E0', '0000E4D1CD07000304E0', '0000E4D1CD07000304E0', '2012-10-12 14:00:00', NULL, 1, 14619, '1', 0),
	(661, '0004553', '00001DEACD07000304E0', '00001DEACD07000304E0', '00001DEACD07000304E0', '2012-10-12 14:00:00', NULL, 1, 14620, '1', 0),
	(662, '0004554', '0000EB3CCD07000304E0', '0000EB3CCD07000304E0', '0000EB3CCD07000304E0', '2012-10-12 14:00:00', NULL, 1, 14621, '1', 0),
	(663, '0004555', '000054D2CD07000304E0', '000054D2CD07000304E0', '000054D2CD07000304E0', '2012-10-12 14:00:00', NULL, 1, 14622, '1', 0),
	(664, '0004556', '0000B9FFCD07000304E0', '0000B9FFCD07000304E0', '0000B9FFCD07000304E0', '2012-10-12 14:00:00', NULL, 1, 14623, '1', 0),
	(665, '0004557', '00001CEBCD07000304E0', '00001CEBCD07000304E0', '00001CEBCD07000304E0', '2012-10-12 14:00:00', NULL, 1, 14624, '1', 0),
	(666, '0004558', '0000AE01CE07000304E0', '0000AE01CE07000304E0', '0000AE01CE07000304E0', '2012-10-12 14:00:00', NULL, 1, 14625, '1', 0),
	(667, '0004559', '0000490ECE07000304E0', '0000490ECE07000304E0', '0000490ECE07000304E0', '2012-10-12 14:00:00', NULL, 1, 14626, '1', 0),
	(668, '0004560', '0000F4D5CD07000304E0', '0000F4D5CD07000304E0', '0000F4D5CD07000304E0', '2012-10-12 14:00:00', NULL, 1, 14627, '1', 0),
	(669, '0004561', '00002502CE07000304E0', '00002502CE07000304E0', '00002502CE07000304E0', '2012-10-12 14:00:00', NULL, 1, 14628, '1', 0),
	(670, '0004562', '000063BCCD07000304E0', '000063BCCD07000304E0', '000063BCCD07000304E0', '2012-10-12 14:00:00', NULL, 1, 14629, '1', 0),
	(671, '0004563', '000058A6CD07000304E0', '000058A6CD07000304E0', '000058A6CD07000304E0', '2012-10-12 14:00:00', NULL, 1, 14630, '1', 0),
	(672, '0004564', '000048A7CD07000304E0', '000048A7CD07000304E0', '000048A7CD07000304E0', '2012-10-12 14:00:00', NULL, 1, 14631, '1', 0),
	(673, '0004565', '000078FFCD07000304E0', '000078FFCD07000304E0', '000078FFCD07000304E0', '2012-10-12 14:00:00', NULL, 1, 14632, '1', 0),
	(674, '0004566', '0000F2BDCD07000304E0', '0000F2BDCD07000304E0', '0000F2BDCD07000304E0', '2012-10-12 14:00:00', NULL, 1, 14633, '1', 0),
	(675, '0004567', '000041D5CD07000304E0', '000041D5CD07000304E0', '000041D5CD07000304E0', '2012-10-12 14:00:00', NULL, 1, 14634, '1', 0),
	(676, '0004568', '00005AEDCD07000304E0', '00005AEDCD07000304E0', '00005AEDCD07000304E0', '2012-10-12 14:00:00', NULL, 1, 14635, '1', 0),
	(677, '0004569', '0000E3A8CD07000304E0', '0000E3A8CD07000304E0', '0000E3A8CD07000304E0', '2012-10-12 14:00:00', NULL, 1, 14636, '1', 0),
	(678, '0004570', '00000ABDCD07000304E0', '00000ABDCD07000304E0', '00000ABDCD07000304E0', '2012-10-12 14:00:00', NULL, 1, 14637, '1', 0),
	(679, '0004571', '0000FD02CD07000304E0', '0000FD02CD07000304E0', '0000FD02CD07000304E0', '2012-10-12 14:00:00', NULL, 1, 14638, '1', 0),
	(680, '0004572', '0000A3D3CD07000304E0', '0000A3D3CD07000304E0', '0000A3D3CD07000304E0', '2012-10-12 14:00:00', NULL, 1, 14639, '1', 0),
	(681, '0004573', '0000DD18CD07000304E0', '0000DD18CD07000304E0', '0000DD18CD07000304E0', '2012-10-12 14:00:00', NULL, 1, 14640, '1', 0),
	(682, '0004574', '0000C200CE07000304E0', '0000C200CE07000304E0', '0000C200CE07000304E0', '2012-10-12 14:00:00', NULL, 1, 14641, '1', 0),
	(683, '0004575', '000045A7CD07000304E0', '000045A7CD07000304E0', '000045A7CD07000304E0', '2012-10-12 14:00:00', NULL, 1, 14642, '1', 0),
	(684, '0004576', '00009EBDCD07000304E0', '00009EBDCD07000304E0', '00009EBDCD07000304E0', '2012-10-12 14:00:00', NULL, 1, 14643, '1', 0),
	(685, '0004577', '000008D6CD07000304E0', '000008D6CD07000304E0', '000008D6CD07000304E0', '2012-10-12 14:00:00', NULL, 1, 14644, '1', 0),
	(686, '0004578', '00007D01CE07000304E0', '00007D01CE07000304E0', '00007D01CE07000304E0', '2012-10-12 14:00:00', NULL, 1, 14645, '1', 0),
	(687, '0004579', '0000B9D5AF08000304E0', '0000B9D5AF08000304E0', '0000B9D5AF08000304E0', '2012-10-12 14:00:00', NULL, 1, 14646, '1', 0),
	(688, '0004580', '00003AEBCD07000304E0', '00003AEBCD07000304E0', '00003AEBCD07000304E0', '2012-10-12 14:00:00', NULL, 1, 14647, '1', 0),
	(689, '0004581', '0000A652CD07000304E0', '0000A652CD07000304E0', '0000A652CD07000304E0', '2012-10-12 14:00:00', NULL, 1, 14648, '1', 0),
	(690, '0004582', '00002227CD07000304E0', '00002227CD07000304E0', '00002227CD07000304E0', '2012-10-12 14:00:00', NULL, 1, 14649, '1', 0),
	(691, '0004583', '0000E9B9CD07000304E0', '0000E9B9CD07000304E0', '0000E9B9CD07000304E0', '2012-10-12 14:00:00', NULL, 1, 14650, '1', 0),
	(692, '0004584', '0000AED4CD07000304E0', '0000AED4CD07000304E0', '0000AED4CD07000304E0', '2012-10-12 14:00:00', NULL, 1, 14651, '1', 0),
	(693, '0004585', '0000F6A7CD07000304E0', '0000F6A7CD07000304E0', '0000F6A7CD07000304E0', '2012-10-12 14:00:00', NULL, 1, 14652, '1', 0),
	(694, '0004586', '0000A6BACD07000304E0', '0000A6BACD07000304E0', '0000A6BACD07000304E0', '2012-10-12 14:00:00', NULL, 1, 14653, '1', 0),
	(695, '0004587', '000022BCAF08000304E0', '000022BCAF08000304E0', '000022BCAF08000304E0', '2012-10-12 14:00:00', NULL, 1, 14654, '1', 0),
	(696, '0004588', '00006800CE07000304E0', '00006800CE07000304E0', '00006800CE07000304E0', '2012-10-12 14:00:00', NULL, 1, 14655, '1', 0),
	(697, '0004589', '000083C5AF08000304E0', '000083C5AF08000304E0', '000083C5AF08000304E0', '2012-10-12 14:00:00', NULL, 1, 14656, '1', 0),
	(698, '0004590', '0000FE52CD07000304E0', '0000FE52CD07000304E0', '0000FE52CD07000304E0', '2012-10-12 14:00:00', NULL, 1, 14657, '1', 0),
	(699, '0004591', '00000B75AF08000304E0', '00000B75AF08000304E0', '00000B75AF08000304E0', '2012-10-12 14:00:00', NULL, 1, 14658, '1', 0),
	(700, '0004592', '00007601CE07000304E0', '00007601CE07000304E0', '00007601CE07000304E0', '2012-10-12 14:00:00', NULL, 1, 14659, '1', 0),
	(701, '0004593', '0000D16CCD07000304E0', '0000D16CCD07000304E0', '0000D16CCD07000304E0', '2012-10-12 14:00:00', NULL, 1, 14660, '1', 0),
	(702, '0004594', '0000F9BBAF08000304E0', '0000F9BBAF08000304E0', '0000F9BBAF08000304E0', '2012-10-12 14:00:00', NULL, 1, 14661, '1', 0),
	(703, '0004595', '00008EBBAF08000304E0', '00008EBBAF08000304E0', '00008EBBAF08000304E0', '2012-10-12 14:00:00', NULL, 1, 14662, '1', 0),
	(704, '0004596', '0000466FCD07000304E0', '0000466FCD07000304E0', '0000466FCD07000304E0', '2012-10-12 14:00:00', NULL, 1, 14663, '1', 0),
	(705, '0004597', '0000ADECCD07000304E0', '0000ADECCD07000304E0', '0000ADECCD07000304E0', '2012-10-12 14:00:00', NULL, 1, 14664, '1', 0),
	(706, '0004598', '00005FBACD07000304E0', '00005FBACD07000304E0', '00005FBACD07000304E0', '2012-10-12 14:00:00', NULL, 1, 14665, '1', 0),
	(707, '0004599', '000028D3CD07000304E0', '000028D3CD07000304E0', '000028D3CD07000304E0', '2012-10-12 14:00:00', NULL, 1, 14666, '1', 0),
	(708, '0004600', '0000BDEACD07000304E0', '0000BDEACD07000304E0', '0000BDEACD07000304E0', '2012-10-12 14:00:00', NULL, 1, 14667, '1', 0),
	(709, '0004601', '0000956BCD07000304E0', '0000956BCD07000304E0', '0000956BCD07000304E0', '2012-10-12 14:00:00', NULL, 1, 14668, '1', 0),
	(710, '0004602', '0000DA53CD07000304E0', '0000DA53CD07000304E0', '0000DA53CD07000304E0', '2012-10-12 14:00:00', NULL, 1, 14669, '1', 0),
	(711, '0004603', '0000E153CD07000304E0', '0000E153CD07000304E0', '0000E153CD07000304E0', '2012-10-12 14:00:00', NULL, 1, 14670, '1', 0),
	(712, '0004604', '0000B6B9CD07000304E0', '0000B6B9CD07000304E0', '0000B6B9CD07000304E0', '2012-10-12 14:00:00', NULL, 1, 14671, '1', 0),
	(713, '0004605', '00009CBBAF08000304E0', '00009CBBAF08000304E0', '00009CBBAF08000304E0', '2012-10-12 14:00:00', NULL, 1, 14672, '1', 0),
	(714, '0004606', '00007ED0AF08000304E0', '00007ED0AF08000304E0', '00007ED0AF08000304E0', '2012-10-12 14:00:00', NULL, 1, 14673, '1', 0),
	(715, '0004607', '0000F996AF08000304E0', '0000F996AF08000304E0', '0000F996AF08000304E0', '2012-10-12 14:00:00', NULL, 1, 14674, '1', 0),
	(716, '0004608', '0000FED0CD07000304E0', '0000FED0CD07000304E0', '0000FED0CD07000304E0', '2012-10-12 14:00:00', NULL, 1, 14675, '1', 0),
	(717, '0004609', '000006EFCD07000304E0', '000006EFCD07000304E0', '000006EFCD07000304E0', '2012-10-12 14:00:00', NULL, 1, 14676, '1', 0),
	(718, '0004610', '00008A0ECE07000304E0', '00008A0ECE07000304E0', '00008A0ECE07000304E0', '2012-10-12 14:00:00', NULL, 1, 14677, '1', 0),
	(719, '0004611', '0000C4EECC07000304E0', '0000C4EECC07000304E0', '0000C4EECC07000304E0', '2012-10-12 14:00:00', NULL, 1, 14678, '1', 0),
	(720, '0004612', '00000D8BAF08000304E0', '00000D8BAF08000304E0', '00000D8BAF08000304E0', '2012-10-12 14:00:00', NULL, 1, 14679, '1', 0),
	(721, '0004613', '00007AEDCD07000304E0', '00007AEDCD07000304E0', '00007AEDCD07000304E0', '2012-10-12 14:00:00', NULL, 1, 14680, '1', 0),
	(722, '0004614', '0000CB54CD07000304E0', '0000CB54CD07000304E0', '0000CB54CD07000304E0', '2012-10-12 14:00:00', NULL, 1, 14681, '1', 0),
	(723, '0004615', '000094EECD07000304E0', '000094EECD07000304E0', '000094EECD07000304E0', '2012-10-12 14:00:00', NULL, 1, 14682, '1', 0),
	(724, '0004616', '00004E01CE07000304E0', '00004E01CE07000304E0', '00004E01CE07000304E0', '2012-10-12 14:00:00', NULL, 1, 14683, '1', 0),
	(725, '0004617', '00002A53CD07000304E0', '00002A53CD07000304E0', '00002A53CD07000304E0', '2012-10-12 14:00:00', NULL, 1, 14684, '1', 0),
	(726, '0004618', '0000B5AFAF08000304E0', '0000B5AFAF08000304E0', '0000B5AFAF08000304E0', '2012-10-12 14:00:00', NULL, 1, 14685, '1', 0),
	(727, '0004619', '0000A218CD07000304E0', '0000A218CD07000304E0', '0000A218CD07000304E0', '2012-10-12 14:00:00', NULL, 1, 14686, '1', 0),
	(728, '0004620', '00001F6CAF08000304E0', '00001F6CAF08000304E0', '00001F6CAF08000304E0', '2012-10-12 14:00:00', NULL, 1, 14687, '1', 0),
	(729, '0004621', '00003875AF08000304E0', '00003875AF08000304E0', '00003875AF08000304E0', '2012-10-12 14:00:00', NULL, 1, 14688, '1', 0),
	(730, '0004622', '0000F2A3AF08000304E0', '0000F2A3AF08000304E0', '0000F2A3AF08000304E0', '2012-10-12 14:00:00', NULL, 1, 14689, '1', 0),
	(731, '0004623', '000018BDCD07000304E0', '000018BDCD07000304E0', '000018BDCD07000304E0', '2012-10-12 14:00:00', NULL, 1, 14690, '1', 0),
	(732, '0004624', '0000E7EACD07000304E0', '0000E7EACD07000304E0', '0000E7EACD07000304E0', '2012-10-12 14:00:00', NULL, 1, 14691, '1', 0),
	(733, '0004625', '000024BDCD07000304E0', '000024BDCD07000304E0', '000024BDCD07000304E0', '2012-10-12 14:00:00', NULL, 1, 14692, '1', 0),
	(734, '0004626', '00001F00CE07000304E0', '00001F00CE07000304E0', '00001F00CE07000304E0', '2012-10-12 14:00:00', NULL, 1, 14693, '1', 0),
	(735, '0004627', '000045B9CD07000304E0', '000045B9CD07000304E0', '000045B9CD07000304E0', '2012-10-12 14:00:00', NULL, 1, 14694, '1', 0),
	(736, '0004628', '00005C6ECD07000304E0', '00005C6ECD07000304E0', '00005C6ECD07000304E0', '2012-10-12 14:00:00', NULL, 1, 14695, '1', 0),
	(737, '0004629', '0000C452CD07000304E0', '0000C452CD07000304E0', '0000C452CD07000304E0', '2012-10-12 14:00:00', NULL, 1, 14696, '1', 0),
	(738, '0004630', '0000E18AAF08000304E0', '0000E18AAF08000304E0', '0000E18AAF08000304E0', '2012-10-12 14:00:00', NULL, 1, 14697, '1', 0),
	(739, '0004631', '00006EA7CD07000304E0', '00006EA7CD07000304E0', '00006EA7CD07000304E0', '2012-10-12 14:00:00', NULL, 1, 14698, '1', 0),
	(740, '0004632', '0000756ECD07000304E0', '0000756ECD07000304E0', '0000756ECD07000304E0', '2012-10-12 14:00:00', NULL, 1, 14699, '1', 0),
	(741, '0004633', '0000C3BDCD07000304E0', '0000C3BDCD07000304E0', '0000C3BDCD07000304E0', '2012-10-12 14:00:00', NULL, 1, 14700, '1', 0),
	(742, '0004634', '0000EAB9CD07000304E0', '0000EAB9CD07000304E0', '0000EAB9CD07000304E0', '2012-10-12 14:00:00', NULL, 1, 14701, '1', 0),
	(743, '0004635', '00005FB8CD07000304E0', '00005FB8CD07000304E0', '00005FB8CD07000304E0', '2012-10-12 14:00:00', NULL, 1, 14702, '1', 0),
	(744, '0004636', '00006483CD07000304E0', '00006483CD07000304E0', '00006483CD07000304E0', '2012-10-12 14:00:00', NULL, 1, 14703, '1', 0),
	(745, '0004637', '000091ECCD07000304E0', '000091ECCD07000304E0', '000091ECCD07000304E0', '2012-10-12 14:00:00', NULL, 1, 14704, '1', 0),
	(746, '0004638', '0000B600CE07000304E0', '0000B600CE07000304E0', '0000B600CE07000304E0', '2012-10-12 14:00:00', NULL, 1, 14705, '1', 0),
	(747, '0004639', '000059BBCD07000304E0', '000059BBCD07000304E0', '000059BBCD07000304E0', '2012-10-12 14:00:00', NULL, 1, 14706, '1', 0),
	(748, '0004640', '0000D9ECCD07000304E0', '0000D9ECCD07000304E0', '0000D9ECCD07000304E0', '2012-10-12 14:00:00', NULL, 1, 14707, '1', 0),
	(749, '0004641', '00004BD1CD07000304E0', '00004BD1CD07000304E0', '00004BD1CD07000304E0', '2012-10-12 14:00:00', NULL, 1, 14708, '1', 0),
	(750, '0004642', '00005A6ECD07000304E0', '00005A6ECD07000304E0', '00005A6ECD07000304E0', '2012-10-12 14:00:00', NULL, 1, 14709, '1', 0),
	(751, '0004643', '00001FECCD07000304E0', '00001FECCD07000304E0', '00001FECCD07000304E0', '2012-10-12 14:00:00', NULL, 1, 14710, '1', 0),
	(752, '0004644', '0000AB6CCD07000304E0', '0000AB6CCD07000304E0', '0000AB6CCD07000304E0', '2012-10-12 14:00:00', NULL, 1, 14711, '1', 0),
	(753, '0004645', '0000B63DCD07000304E0', '0000B63DCD07000304E0', '0000B63DCD07000304E0', '2012-10-12 14:00:00', NULL, 1, 14712, '1', 0),
	(754, '0004646', '0000EC83CD07000304E0', '0000EC83CD07000304E0', '0000EC83CD07000304E0', '2012-10-12 14:00:00', NULL, 1, 14713, '1', 0),
	(755, '0004647', '0000EAECCD07000304E0', '0000EAECCD07000304E0', '0000EAECCD07000304E0', '2012-10-12 14:00:00', NULL, 1, 14714, '1', 0),
	(756, '0004648', '0000823CCD07000304E0', '0000823CCD07000304E0', '0000823CCD07000304E0', '2012-10-12 14:00:00', NULL, 1, 14715, '1', 0),
	(757, '0004649', '000043D2CD07000304E0', '000043D2CD07000304E0', '000043D2CD07000304E0', '2012-10-12 14:00:00', NULL, 1, 14716, '1', 0),
	(758, '0004650', '00006EBACD07000304E0', '00006EBACD07000304E0', '00006EBACD07000304E0', '2012-10-12 14:00:00', NULL, 1, 14717, '1', 0),
	(759, '0004651', '0000EACFCD07000304E0', '0000EACFCD07000304E0', '0000EACFCD07000304E0', '2012-10-12 14:00:00', NULL, 1, 14718, '1', 0),
	(760, '0004652', '0000D3CFAF08000304E0', '0000D3CFAF08000304E0', '0000D3CFAF08000304E0', '2012-10-12 14:00:00', NULL, 1, 14719, '1', 0),
	(761, '0004653', '0000AB7FAF08000304E0', '0000AB7FAF08000304E0', '0000AB7FAF08000304E0', '2012-10-12 14:00:00', NULL, 1, 14720, '1', 0),
	(762, '0004654', '000006C6AF08000304E0', '000006C6AF08000304E0', '000006C6AF08000304E0', '2012-10-12 14:00:00', NULL, 1, 14721, '1', 0),
	(763, '0004655', '00000BA4AF08000304E0', '00000BA4AF08000304E0', '00000BA4AF08000304E0', '2012-10-12 14:00:00', NULL, 1, 14722, '1', 0),
	(764, '0004656', '000018D0CD07000304E0', '000018D0CD07000304E0', '000018D0CD07000304E0', '2012-10-12 14:00:00', NULL, 1, 14723, '1', 0),
	(765, '0004657', '00006BFFCD07000304E0', '00006BFFCD07000304E0', '00006BFFCD07000304E0', '2012-10-12 14:00:00', NULL, 1, 14724, '1', 0),
	(766, '0004658', '0000C6E9CD07000304E0', '0000C6E9CD07000304E0', '0000C6E9CD07000304E0', '2012-10-12 14:00:00', NULL, 1, 14725, '1', 0),
	(767, '0004659', '000031BCAF08000304E0', '000031BCAF08000304E0', '000031BCAF08000304E0', '2012-10-12 14:00:00', NULL, 1, 14726, '1', 0),
	(768, '0004660', '00004101CE07000304E0', '00004101CE07000304E0', '00004101CE07000304E0', '2012-10-12 14:00:00', NULL, 1, 14727, '1', 0),
	(769, '0004661', '000052B8CD07000304E0', '000052B8CD07000304E0', '000052B8CD07000304E0', '2012-10-12 14:00:00', NULL, 1, 14728, '1', 0),
	(770, '0004662', '00001FD6CD07000304E0', '00001FD6CD07000304E0', '00001FD6CD07000304E0', '2012-10-12 14:00:00', NULL, 1, 14729, '1', 0),
	(771, '0004663', '0000EDFFCD07000304E0', '0000EDFFCD07000304E0', '0000EDFFCD07000304E0', '2012-10-12 14:00:00', NULL, 1, 14730, '1', 0),
	(772, '0004664', '00005B52CD07000304E0', '00005B52CD07000304E0', '00005B52CD07000304E0', '2012-10-12 14:00:00', NULL, 1, 14731, '1', 0),
	(773, '0004665', '0000EC3BCD07000304E0', '0000EC3BCD07000304E0', '0000EC3BCD07000304E0', '2012-10-12 14:00:00', NULL, 1, 14732, '1', 0),
	(774, '0004666', '0000EDB8CD07000304E0', '0000EDB8CD07000304E0', '0000EDB8CD07000304E0', '2012-10-12 14:00:00', NULL, 1, 14733, '1', 0),
	(775, '0004667', '0000AD3CCD07000304E0', '0000AD3CCD07000304E0', '0000AD3CCD07000304E0', '2012-10-12 14:00:00', NULL, 1, 14734, '1', 0),
	(776, '0004668', '00006AECCD07000304E0', '00006AECCD07000304E0', '00006AECCD07000304E0', '2012-10-12 14:00:00', NULL, 1, 14735, '1', 0),
	(777, '0004669', '0000CD6DCD07000304E0', '0000CD6DCD07000304E0', '0000CD6DCD07000304E0', '2012-10-12 14:00:00', NULL, 1, 14736, '1', 0),
	(778, '0004670', '000054D0CD07000304E0', '000054D0CD07000304E0', '000054D0CD07000304E0', '2012-10-12 14:00:00', NULL, 1, 14737, '1', 0),
	(779, '0004671', '0000DDFFCD07000304E0', '0000DDFFCD07000304E0', '0000DDFFCD07000304E0', '2012-10-12 14:00:00', NULL, 1, 14738, '1', 0),
	(780, '0004672', '0000416CCD07000304E0', '0000416CCD07000304E0', '0000416CCD07000304E0', '2012-10-12 14:00:00', NULL, 1, 14739, '1', 0),
	(781, '0004673', '00006ED5CD07000304E0', '00006ED5CD07000304E0', '00006ED5CD07000304E0', '2012-10-12 14:00:00', NULL, 1, 14740, '1', 0),
	(782, '0004674', '0000CBA5CD07000304E0', '0000CBA5CD07000304E0', '0000CBA5CD07000304E0', '2012-10-12 14:00:00', NULL, 1, 14741, '1', 0),
	(783, '0004675', '000066A6CD07000304E0', '000066A6CD07000304E0', '000066A6CD07000304E0', '2012-10-12 14:00:00', NULL, 1, 14742, '1', 0),
	(784, '0004676', '000059D1CD07000304E0', '000059D1CD07000304E0', '000059D1CD07000304E0', '2012-10-12 14:00:00', NULL, 1, 14743, '1', 0),
	(785, '0004677', '00005BA6CD07000304E0', '00005BA6CD07000304E0', '00005BA6CD07000304E0', '2012-10-12 14:00:00', NULL, 1, 14744, '1', 0),
	(786, '0004678', '0000A5EECC07000304E0', '0000A5EECC07000304E0', '0000A5EECC07000304E0', '2012-10-12 14:00:00', NULL, 1, 14745, '1', 0),
	(787, '0004680', '00008854CD07000304E0', '00008854CD07000304E0', '00008854CD07000304E0', '2012-10-15 00:00:00', NULL, 1, 14748, '1', 0),
	(788, '0004681', '000037A1CD74000104E0', '000037A1CD74000104E0', '000037A1CD74000104E0', '2012-10-25 12:00:00', NULL, 1, 14751, '1', 0),
	(789, '0004682', '0000997DCD74000104E0', '0000997DCD74000104E0', '0000997DCD74000104E0', '2012-10-25 12:00:00', NULL, 1, 14752, '1', 0),
	(790, '0004683', '0000D190CB74000104E0', '0000D190CB74000104E0', '0000D190CB74000104E0', '2012-10-25 12:00:00', NULL, 1, 14753, '1', 0),
	(791, '0004684', '0000143DCD07000304E0', '0000143DCD07000304E0', '0000143DCD07000304E0', '2012-10-25 12:00:00', NULL, 1, 14754, '1', 0),
	(792, '0004685', '0000196CCD07000304E0', '0000196CCD07000304E0', '0000196CCD07000304E0', '2012-10-25 12:00:00', NULL, 1, 14755, '1', 0),
	(793, '0004686', '0000DA6BCD07000304E0', '0000DA6BCD07000304E0', '0000DA6BCD07000304E0', '2012-10-25 12:00:00', NULL, 1, 14756, '1', 0),
	(794, '0004687', '00004E85CD74000104E0', '00004E85CD74000104E0', '00004E85CD74000104E0', '2012-11-02 00:00:00', NULL, 1, 14757, '1', 0),
	(795, '0004688', '00000CA7CD74000104E0', '00000CA7CD74000104E0', '00000CA7CD74000104E0', '2012-11-02 00:00:00', NULL, 1, 14758, '1', 0),
	(796, '0004689', '0000A275AF08000304E0', '0000A275AF08000304E0', '0000A275AF08000304E0', '2012-12-06 10:00:00', NULL, 1, 14759, '1', 0),
	(797, '0004690', '0000C653CD07000304E0', '0000C653CD07000304E0', '0000C653CD07000304E0', '2012-12-06 10:00:00', NULL, 1, 14760, '1', 0),
	(798, '0004691', '00004775AF08000304E0', '00004775AF08000304E0', '00004775AF08000304E0', '2012-12-06 10:00:00', NULL, 1, 14761, '1', 0),
	(799, '0004692', '00002480AF08000304E0', '00002480AF08000304E0', '00002480AF08000304E0', '2012-12-06 10:00:00', NULL, 1, 14762, '1', 0),
	(800, '0004693', '000035C6AF08000304E0', '000035C6AF08000304E0', '000035C6AF08000304E0', '2012-12-06 10:00:00', NULL, 1, 14763, '1', 0),
	(801, '0004694', '0000FFA3AF08000304E0', '0000FFA3AF08000304E0', '0000FFA3AF08000304E0', '2012-12-06 10:00:00', NULL, 1, 14764, '1', 0),
	(802, '0004695', '0000163DCD07000304E0', '0000163DCD07000304E0', '0000163DCD07000304E0', '2012-12-06 10:00:00', NULL, 1, 14765, '1', 0),
	(803, '0004696', '0000EBBBAF08000304E0', '0000EBBBAF08000304E0', '0000EBBBAF08000304E0', '2012-12-06 10:00:00', NULL, 1, 14766, '1', 0),
	(804, '0004697', '0000ADC5AF08000304E0', '0000ADC5AF08000304E0', '0000ADC5AF08000304E0', '2012-12-06 10:00:00', NULL, 1, 14767, '1', 0),
	(805, '0004698', '0000B6A3AF08000304E0', '0000B6A3AF08000304E0', '0000B6A3AF08000304E0', '2012-12-06 10:00:00', NULL, 1, 14768, '1', 0),
	(806, '0004699', '00004A8BAF08000304E0', '00004A8BAF08000304E0', '00004A8BAF08000304E0', '2012-12-06 10:00:00', NULL, 1, 14769, '1', 0),
	(807, '0004700', '00003055CD07000304E0', '00003055CD07000304E0', '00003055CD07000304E0', '2012-12-06 10:00:00', NULL, 1, 14770, '1', 0),
	(808, '0004701', '0000F3CFAF08000304E0', '0000F3CFAF08000304E0', '0000F3CFAF08000304E0', '2012-12-06 10:00:00', NULL, 1, 14771, '1', 0),
	(809, '0004702', '0000D08AAF08000304E0', '0000D08AAF08000304E0', '0000D08AAF08000304E0', '2012-12-06 10:00:00', NULL, 1, 14772, '1', 0),
	(810, '0004703', '00008A6CAF08000304E0', '00008A6CAF08000304E0', '00008A6CAF08000304E0', '2012-12-06 10:00:00', NULL, 1, 14773, '1', 0),
	(811, '0004704', '000044D0AF08000304E0', '000044D0AF08000304E0', '000044D0AF08000304E0', '2012-12-06 10:00:00', NULL, 1, 14774, '1', 0),
	(812, '0004705', '000026BCAF08000304E0', '000026BCAF08000304E0', '000026BCAF08000304E0', '2012-12-06 10:00:00', NULL, 1, 14775, '1', 0),
	(813, '0004706', '0000CDBBAF08000304E0', '0000CDBBAF08000304E0', '0000CDBBAF08000304E0', '2012-12-06 10:00:00', NULL, 1, 14776, '1', 0),
	(814, '0004707', '0000D897AF08000304E0', '0000D897AF08000304E0', '0000D897AF08000304E0', '2012-12-06 10:00:00', NULL, 1, 14777, '1', 0),
	(815, '0004708', '000062EECC07000304E0', '000062EECC07000304E0', '000062EECC07000304E0', '2012-12-06 10:00:00', NULL, 1, 14778, '1', 0),
	(816, '0004709', '00006397AF08000304E0', '00006397AF08000304E0', '00006397AF08000304E0', '2012-12-06 10:00:00', NULL, 1, 14779, '1', 0),
	(817, '0004710', '00004CB0AF08000304E0', '00004CB0AF08000304E0', '00004CB0AF08000304E0', '2012-12-06 10:00:00', NULL, 1, 14780, '1', 0),
	(818, '0004711', '00008CD5AF08000304E0', '00008CD5AF08000304E0', '00008CD5AF08000304E0', '2012-12-06 10:00:00', NULL, 1, 14781, '1', 0),
	(819, '0004712', '0000FC96AF08000304E0', '0000FC96AF08000304E0', '0000FC96AF08000304E0', '2012-12-06 10:00:00', NULL, 1, 14782, '1', 0),
	(820, '0004713', '0000BC7FAF08000304E0', '0000BC7FAF08000304E0', '0000BC7FAF08000304E0', '2012-12-06 10:00:00', NULL, 1, 14783, '1', 0),
	(821, '0004714', '000000A4AF08000304E0', '000000A4AF08000304E0', '000000A4AF08000304E0', '2012-12-06 10:00:00', NULL, 1, 14784, '1', 0),
	(822, '0004715', '0000BCBACD07000304E0', '0000BCBACD07000304E0', '0000BCBACD07000304E0', '2012-12-06 10:00:00', NULL, 1, 14785, '1', 0),
	(823, '0004716', '0000E2D5AF08000304E0', '0000E2D5AF08000304E0', '0000E2D5AF08000304E0', '2012-12-06 10:00:00', NULL, 1, 14786, '1', 0),
	(824, '0004717', '0000F9C5AF08000304E0', '0000F9C5AF08000304E0', '0000F9C5AF08000304E0', '2012-12-06 10:00:00', NULL, 1, 14787, '1', 0),
	(825, '0004718', '00000C75AF08000304E0', '00000C75AF08000304E0', '00000C75AF08000304E0', '2012-12-06 10:00:00', NULL, 1, 14788, '1', 0),
	(826, '0004719', '0000AFC5AF08000304E0', '0000AFC5AF08000304E0', '0000AFC5AF08000304E0', '2012-12-06 10:00:00', NULL, 1, 14789, '1', 0),
	(827, '0004720', '0000346DCD07000304E0', '0000346DCD07000304E0', '0000346DCD07000304E0', '2012-12-06 10:00:00', NULL, 1, 14790, '1', 0),
	(828, '0004721', '0000617FAF08000304E0', '0000617FAF08000304E0', '0000617FAF08000304E0', '2012-12-06 10:00:00', NULL, 1, 14791, '1', 0),
	(829, '0004722', '000025BCAF08000304E0', '000025BCAF08000304E0', '000025BCAF08000304E0', '2012-12-06 10:00:00', NULL, 1, 14792, '1', 0),
	(830, '0004723', '0000D5AFAF08000304E0', '0000D5AFAF08000304E0', '0000D5AFAF08000304E0', '2012-12-06 10:00:00', NULL, 1, 14793, '1', 0),
	(831, '0004724', '0000488BAF08000304E0', '0000488BAF08000304E0', '0000488BAF08000304E0', '2012-12-06 10:00:00', NULL, 1, 14794, '1', 0),
	(832, '0004725', '0000CB97AF08000304E0', '0000CB97AF08000304E0', '0000CB97AF08000304E0', '2012-12-06 10:00:00', NULL, 1, 14795, '1', 0),
	(833, '0004726', '00001580AF08000304E0', '00001580AF08000304E0', '00001580AF08000304E0', '2012-12-06 10:00:00', NULL, 1, 14796, '1', 0),
	(834, '0004727', '0000EB01CE07000304E0', '0000EB01CE07000304E0', '0000EB01CE07000304E0', '2012-12-06 10:00:00', NULL, 1, 14797, '1', 0),
	(835, '0004728', '00000FD0AF08000304E0', '00000FD0AF08000304E0', '00000FD0AF08000304E0', '2012-12-06 10:00:00', NULL, 1, 14798, '1', 0),
	(836, '0004729', '000000D0AF08000304E0', '000000D0AF08000304E0', '000000D0AF08000304E0', '2012-12-06 10:00:00', NULL, 1, 14799, '1', 0),
	(837, '0004730', '0000C96BAF08000304E0', '0000C96BAF08000304E0', '0000C96BAF08000304E0', '2012-12-06 10:00:00', NULL, 1, 14800, '1', 0),
	(838, '0004731', '0000B766AF08000304E0', '0000B766AF08000304E0', '0000B766AF08000304E0', '2012-12-06 10:00:00', NULL, 1, 14801, '1', 0),
	(839, '0004732', '0000DC75AF08000304E0', '0000DC75AF08000304E0', '0000DC75AF08000304E0', '2012-12-06 10:00:00', NULL, 1, 14802, '1', 0),
	(840, '0004733', '00007097AF08000304E0', '00007097AF08000304E0', '00007097AF08000304E0', '2012-12-06 10:00:00', NULL, 1, 14803, '1', 0),
	(841, '0004734', '000010B0AF08000304E0', '000010B0AF08000304E0', '000010B0AF08000304E0', '2012-12-06 10:00:00', NULL, 1, 14804, '1', 0),
	(842, '0004735', '00004280AF08000304E0', '00004280AF08000304E0', '00004280AF08000304E0', '2012-12-06 10:00:00', NULL, 1, 14805, '1', 0),
	(843, '0004736', '000008BCAF08000304E0', '000008BCAF08000304E0', '000008BCAF08000304E0', '2012-12-06 10:00:00', NULL, 1, 14806, '1', 0),
	(844, '0004737', '0000FF82CD07000304E0', '0000FF82CD07000304E0', '0000FF82CD07000304E0', '2012-12-06 10:00:00', NULL, 1, 14807, '1', 0),
	(845, '0004738', '00000580AF08000304E0', '00000580AF08000304E0', '00000580AF08000304E0', '2012-12-06 10:00:00', NULL, 1, 14808, '1', 0),
	(846, '0004739', '000087B0AF08000304E0', '000087B0AF08000304E0', '000087B0AF08000304E0', '2012-12-06 10:00:00', NULL, 1, 14809, '1', 0),
	(847, '0004740', '0000F652CD07000304E0', '0000F652CD07000304E0', '0000F652CD07000304E0', '2012-12-06 10:00:00', NULL, 1, 14810, '1', 0),
	(848, '0004741', '00005B6CAF08000304E0', '00005B6CAF08000304E0', '00005B6CAF08000304E0', '2012-12-06 10:00:00', NULL, 1, 14811, '1', 0),
	(849, '0004742', '0000A46CAF08000304E0', '0000A46CAF08000304E0', '0000A46CAF08000304E0', '2012-12-06 10:00:00', NULL, 1, 14812, '1', 0),
	(850, '0004743', '00000A97AF08000304E0', '00000A97AF08000304E0', '00000A97AF08000304E0', '2012-12-06 10:00:00', NULL, 1, 14813, '1', 0),
	(851, '0004744', '00005602CD07000304E0', '00005602CD07000304E0', '00005602CD07000304E0', '2012-12-06 10:00:00', NULL, 1, 14814, '1', 0),
	(852, '0004745', '000081D7CD07000304E0', '000081D7CD07000304E0', '000081D7CD07000304E0', '2012-12-06 10:00:00', NULL, 1, 14815, '1', 0),
	(853, '0004746', '00008DD5AF08000304E0', '00008DD5AF08000304E0', '00008DD5AF08000304E0', '2012-12-06 10:00:00', NULL, 1, 14816, '1', 0),
	(854, '0004747', '000085C5AF08000304E0', '000085C5AF08000304E0', '000085C5AF08000304E0', '2012-12-06 10:00:00', NULL, 1, 14817, '1', 0),
	(855, '0004748', '00005B67AF08000304E0', '00005B67AF08000304E0', '00005B67AF08000304E0', '2012-12-06 10:00:00', NULL, 1, 14818, '1', 0),
	(856, '0004749', '0000707FAF08000304E0', '0000707FAF08000304E0', '0000707FAF08000304E0', '2012-12-06 10:00:00', NULL, 1, 14819, '1', 0),
	(857, '0004750', '00009B97AF08000304E0', '00009B97AF08000304E0', '00009B97AF08000304E0', '2012-12-06 10:00:00', NULL, 1, 14820, '1', 0),
	(858, '0004751', '0000AEC5AF08000304E0', '0000AEC5AF08000304E0', '0000AEC5AF08000304E0', '2012-12-06 10:00:00', NULL, 1, 14821, '1', 0),
	(859, '0004752', '0000CF75AF08000304E0', '0000CF75AF08000304E0', '0000CF75AF08000304E0', '2012-12-06 10:00:00', NULL, 1, 14822, '1', 0),
	(860, '0004753', '00000A8BAF08000304E0', '00000A8BAF08000304E0', '00000A8BAF08000304E0', '2012-12-06 10:00:00', NULL, 1, 14823, '1', 0),
	(861, '0004754', '0000DCC5AF08000304E0', '0000DCC5AF08000304E0', '0000DCC5AF08000304E0', '2012-12-06 10:00:00', NULL, 1, 14824, '1', 0),
	(862, '0004755', '000021B0AF08000304E0', '000021B0AF08000304E0', '000021B0AF08000304E0', '2012-12-06 10:00:00', NULL, 1, 14825, '1', 0),
	(863, '0004756', '00006867AF08000304E0', '00006867AF08000304E0', '00006867AF08000304E0', '2012-12-06 10:00:00', NULL, 1, 14826, '1', 0),
	(864, '0004757', '0000768BAF08000304E0', '0000768BAF08000304E0', '0000768BAF08000304E0', '2012-12-06 10:00:00', NULL, 1, 14827, '1', 0),
	(865, '0004758', '0000CF18CD07000304E0', '0000CF18CD07000304E0', '0000CF18CD07000304E0', '2012-12-06 10:00:00', NULL, 1, 14828, '1', 0),
	(866, '0004759', '000044BCAF08000304E0', '000044BCAF08000304E0', '000044BCAF08000304E0', '2012-12-06 10:00:00', NULL, 1, 14829, '1', 0),
	(867, '0004760', '00003B67AF08000304E0', '00003B67AF08000304E0', '00003B67AF08000304E0', '2012-12-06 10:00:00', NULL, 1, 14830, '1', 0),
	(868, '0004761', '0000F9D4CD07000304E0', '0000F9D4CD07000304E0', '0000F9D4CD07000304E0', '2012-12-06 10:00:00', NULL, 1, 14831, '1', 0),
	(869, '0004762', '0000D86BAF08000304E0', '0000D86BAF08000304E0', '0000D86BAF08000304E0', '2012-12-06 10:00:00', NULL, 1, 14832, '1', 0),
	(870, '0004763', '00003BA4AF08000304E0', '00003BA4AF08000304E0', '00003BA4AF08000304E0', '2012-12-06 10:00:00', NULL, 1, 14833, '1', 0),
	(871, '0004764', '0000D7CFAF08000304E0', '0000D7CFAF08000304E0', '0000D7CFAF08000304E0', '2012-12-06 10:00:00', NULL, 1, 14834, '1', 0),
	(872, '0004765', '000053D0AF08000304E0', '000053D0AF08000304E0', '000053D0AF08000304E0', '2012-12-06 10:00:00', NULL, 1, 14835, '1', 0),
	(873, '0004766', '0000C553CD07000304E0', '0000C553CD07000304E0', '0000C553CD07000304E0', '2012-12-06 10:00:00', NULL, 1, 14836, '1', 0),
	(874, '0004767', '0000BD97AF08000304E0', '0000BD97AF08000304E0', '0000BD97AF08000304E0', '2012-12-06 10:00:00', NULL, 1, 14837, '1', 0),
	(875, '0004768', '000062D0AF08000304E0', '000062D0AF08000304E0', '000062D0AF08000304E0', '2012-12-06 10:00:00', NULL, 1, 14838, '1', 0),
	(876, '0004769', '00002952CD07000304E0', '00002952CD07000304E0', '00002952CD07000304E0', '2012-12-06 10:00:00', NULL, 1, 14839, '1', 0),
	(877, '0004770', '0000796CAF08000304E0', '0000796CAF08000304E0', '0000796CAF08000304E0', '2012-12-06 10:00:00', NULL, 1, 14840, '1', 0),
	(878, '0004771', '00001897AF08000304E0', '00001897AF08000304E0', '00001897AF08000304E0', '2012-12-06 10:00:00', NULL, 1, 14841, '1', 0),
	(879, '0004772', '00005606CD07000304E0', '00005606CD07000304E0', '00005606CD07000304E0', '2012-12-06 10:00:00', NULL, 1, 14842, '1', 0),
	(880, '0004773', '00009755CD07000304E0', '00009755CD07000304E0', '00009755CD07000304E0', '2012-12-06 10:00:00', NULL, 1, 14843, '1', 0);
/*!40000 ALTER TABLE `biketriangle` ENABLE KEYS */;


-- Dumping structure for table naesta_cleanup.calender
DROP TABLE IF EXISTS `calender`;
CREATE TABLE IF NOT EXISTS `calender` (
  `i` int(11) NOT NULL,
  UNIQUE KEY `i_UNIQUE` (`i`)
) ENGINE=InnoDB DEFAULT CHARSET=latin1;

-- Dumping data for table naesta_cleanup.calender: ~10 rows (approximately)
DELETE FROM `calender`;
/*!40000 ALTER TABLE `calender` DISABLE KEYS */;
INSERT INTO `calender` (`i`) VALUES
	(0),
	(1),
	(2),
	(3),
	(4),
	(5),
	(6),
	(7),
	(8),
	(9);
/*!40000 ALTER TABLE `calender` ENABLE KEYS */;


-- Dumping structure for table naesta_cleanup.ccr
DROP TABLE IF EXISTS `ccr`;
CREATE TABLE IF NOT EXISTS `ccr` (
  `id` int(10) NOT NULL AUTO_INCREMENT,
  `uaid` varchar(45) NOT NULL,
  `msnbc` varchar(100) DEFAULT NULL,
  `msnemb` varchar(100) DEFAULT NULL,
  `obcn` varchar(100) DEFAULT NULL,
  `registeredon` timestamp NULL DEFAULT NULL,
  `kiosk_id` int(10) DEFAULT NULL,
  `status_ccr_operative` int(1) DEFAULT NULL,
  `status_ccr_enabled` varchar(1) DEFAULT NULL,
  PRIMARY KEY (`id`),
  UNIQUE KEY `uaid_UNIQUE` (`uaid`),
  UNIQUE KEY `msnbc` (`msnbc`),
  UNIQUE KEY `msnemb` (`msnemb`),
  UNIQUE KEY `obcn` (`obcn`)
) ENGINE=InnoDB DEFAULT CHARSET=latin1;

-- Dumping data for table naesta_cleanup.ccr: ~0 rows (approximately)
DELETE FROM `ccr`;
/*!40000 ALTER TABLE `ccr` DISABLE KEYS */;
/*!40000 ALTER TABLE `ccr` ENABLE KEYS */;


-- Dumping structure for table naesta_cleanup.companymaster
DROP TABLE IF EXISTS `companymaster`;
CREATE TABLE IF NOT EXISTS `companymaster` (
  `id` bigint(20) NOT NULL AUTO_INCREMENT,
  `companyId` bigint(20) DEFAULT NULL,
  `companyName` varchar(255) DEFAULT NULL,
  `friendlyName` varchar(255) DEFAULT NULL,
  `type` varchar(255) DEFAULT NULL,
  `uaid` varchar(7) DEFAULT NULL,
  `activeInactive` varchar(1) DEFAULT 'Y',
  PRIMARY KEY (`id`)
) ENGINE=InnoDB AUTO_INCREMENT=4 DEFAULT CHARSET=latin1;

-- Dumping data for table naesta_cleanup.companymaster: ~3 rows (approximately)
DELETE FROM `companymaster`;
/*!40000 ALTER TABLE `companymaster` DISABLE KEYS */;
INSERT INTO `companymaster` (`id`, `companyId`, `companyName`, `friendlyName`, `type`, `uaid`, `activeInactive`) VALUES
	(1, NULL, 'Test PBSC', 'fake', NULL, '0000002', NULL),
	(2, NULL, 'TestNY', 'fake too', NULL, '0000003', NULL),
	(3, NULL, 'PBSC', 'fake', NULL, '0000004', NULL);
/*!40000 ALTER TABLE `companymaster` ENABLE KEYS */;


-- Dumping structure for table naesta_cleanup.configuration
DROP TABLE IF EXISTS `configuration`;
CREATE TABLE IF NOT EXISTS `configuration` (
  `id` int(10) NOT NULL AUTO_INCREMENT,
  `category` int(2) NOT NULL,
  `paramname` varchar(45) NOT NULL,
  `paramvalue` varchar(45) NOT NULL,
  `kioskid` int(10) NOT NULL,
  PRIMARY KEY (`id`)
) ENGINE=InnoDB AUTO_INCREMENT=2 DEFAULT CHARSET=latin1;

-- Dumping data for table naesta_cleanup.configuration: ~1 rows (approximately)
DELETE FROM `configuration`;
/*!40000 ALTER TABLE `configuration` DISABLE KEYS */;
INSERT INTO `configuration` (`id`, `category`, `paramname`, `paramvalue`, `kioskid`) VALUES
	(1, 123, '456', '1235', 229);
/*!40000 ALTER TABLE `configuration` ENABLE KEYS */;


-- Dumping structure for table naesta_cleanup.counters
DROP TABLE IF EXISTS `counters`;
CREATE TABLE IF NOT EXISTS `counters` (
  `name` varchar(255) NOT NULL,
  `value` bigint(20) NOT NULL DEFAULT '0',
  PRIMARY KEY (`name`)
) ENGINE=InnoDB DEFAULT CHARSET=latin1;

-- Dumping data for table naesta_cleanup.counters: ~3 rows (approximately)
DELETE FROM `counters`;
/*!40000 ALTER TABLE `counters` DISABLE KEYS */;
INSERT INTO `counters` (`name`, `value`) VALUES
	('ASSET', 15),
	('PRODUCTID', 0),
	('SUBSCRIBERUAID', 0),
	('USERID', 3);
/*!40000 ALTER TABLE `counters` ENABLE KEYS */;


-- Dumping structure for table naesta_cleanup.credit_card
DROP TABLE IF EXISTS `credit_card`;
CREATE TABLE IF NOT EXISTS `credit_card` (
  `ID` int(11) unsigned NOT NULL AUTO_INCREMENT,
  `CC_NUMBER` varchar(100) NOT NULL,
  `CC_NUMBER_PLAIN` char(4) DEFAULT NULL,
  `CC_EXPIRY` date NOT NULL,
  `NAME` varchar(150) DEFAULT NULL,
  `DELETED` tinyint(1) NOT NULL DEFAULT '0',
  `GATEWAY_KEY` varchar(100) DEFAULT NULL,
  `CC_TYPE` int(3) unsigned DEFAULT NULL,
  PRIMARY KEY (`ID`)
) ENGINE=InnoDB AUTO_INCREMENT=1053 DEFAULT CHARSET=latin1;

-- Dumping data for table naesta_cleanup.credit_card: ~17 rows (approximately)
DELETE FROM `credit_card`;
/*!40000 ALTER TABLE `credit_card` DISABLE KEYS */;
INSERT INTO `credit_card` (`ID`, `CC_NUMBER`, `CC_NUMBER_PLAIN`, `CC_EXPIRY`, `NAME`, `DELETED`, `GATEWAY_KEY`, `CC_TYPE`) VALUES
	(1031, '************5014', '875', '2013-10-31', 'SUZELLE FAUBERT', 0, '11136610', NULL),
	(1032, '************1927', '474', '2014-12-31', 'PRATIK DESAI', 0, '11150183', NULL),
	(1033, '************8442', '547', '2016-04-30', 'FOR YOU', 0, '11150231', NULL),
	(1034, '************1927', '121', '2014-12-01', 'PRATIK DESAI', 0, '10935994', NULL),
	(1035, '************9495', '121', '2014-12-01', 'PRATIK DESAI', 0, '11074064', NULL),
	(1036, '************8442', '121', '2016-04-01', 'FOR YOU - POUR VOUS', 0, '10942422', NULL),
	(1037, '************6378', '121', '2017-03-01', 'FOR YOU POUR VOUS', 0, '11150458', NULL),
	(1038, '************2718', '121', '2016-10-01', 'FOR YOU POUR VOUS', 0, '11150550', NULL),
	(1039, '************3440', '636', '2015-09-30', 'FOR YOU', 0, '11150702', NULL),
	(1040, '************3440', '121', '2015-09-01', 'FOR YOU - POUR VOUS', 0, '11150783', NULL),
	(1041, '************6354', '583', '2016-04-30', 'For You', 0, '11150788', NULL),
	(1042, '************2005', '101', '2013-12-01', 'MONIQUE BEYLOUNI', 0, '11152125', NULL),
	(1043, '************6354', '121', '2016-04-01', 'FOR YOU - POUR VOUS', 0, '11156072', NULL),
	(1044, '************7150', '121', '2014-12-01', 'PRATIK DESAI', 0, '10936168', NULL),
	(1046, '************9498', '201', '2013-03-01', 'DOMINIQUE GAUDIN', 0, '11159148', NULL),
	(1048, '************6354', '583', '2016-04-30', 'jhgf', 0, '11172342', NULL),
	(1052, '************6354', '583', '2016-04-30', 'For You', 0, '11172434', NULL);
/*!40000 ALTER TABLE `credit_card` ENABLE KEYS */;


-- Dumping structure for table naesta_cleanup.cst
DROP TABLE IF EXISTS `cst`;
CREATE TABLE IF NOT EXISTS `cst` (
  `id` int(10) NOT NULL AUTO_INCREMENT,
  `uaid` varchar(15) DEFAULT NULL,
  `msnbc` varchar(100) DEFAULT NULL,
  `msnemb` varchar(100) DEFAULT NULL,
  `obcn` varchar(100) DEFAULT NULL,
  `registeredOn` datetime DEFAULT NULL,
  `dpid` int(10) DEFAULT NULL,
  `statusCSTOperative` int(1) DEFAULT NULL,
  `statusCSTEnabled` varchar(1) DEFAULT NULL,
  `isdeleted` tinyint(1) NOT NULL DEFAULT '0',
  PRIMARY KEY (`id`),
  UNIQUE KEY `uaid` (`uaid`),
  UNIQUE KEY `dpid` (`dpid`),
  UNIQUE KEY `uaid_2` (`uaid`),
  UNIQUE KEY `dpid_2` (`dpid`),
  UNIQUE KEY `UNIQUE_MSNBC` (`msnbc`)
) ENGINE=InnoDB AUTO_INCREMENT=6642 DEFAULT CHARSET=latin1;

-- Dumping data for table naesta_cleanup.cst: ~3 rows (approximately)
DELETE FROM `cst`;
/*!40000 ALTER TABLE `cst` DISABLE KEYS */;
INSERT INTO `cst` (`id`, `uaid`, `msnbc`, `msnemb`, `obcn`, `registeredOn`, `dpid`, `statusCSTOperative`, `statusCSTEnabled`, `isdeleted`) VALUES
	(6639, 'U9', '3301124802021548', '3301124802021548', NULL, '2013-03-12 18:32:56', 24324, 1, '1', 0),
	(6640, 'U11', '3301123402007396', '3301123402007396', NULL, '2013-03-12 18:32:56', 24325, 1, '1', 0),
	(6641, 'U13', '3301124602020048', '3301124602020048', NULL, '2013-03-13 09:23:36', 24326, 1, '1', 0);
/*!40000 ALTER TABLE `cst` ENABLE KEYS */;


-- Dumping structure for table naesta_cleanup.customer
DROP TABLE IF EXISTS `customer`;
CREATE TABLE IF NOT EXISTS `customer` (
  `id` int(10) NOT NULL AUTO_INCREMENT,
  `username` varchar(45) NOT NULL,
  `password` varchar(256) NOT NULL,
  `enabled` tinyint(1) NOT NULL,
  `usertype` varchar(45) NOT NULL,
  `customerDetail_customerid` int(11) DEFAULT NULL,
  `createdOn` timestamp NULL DEFAULT CURRENT_TIMESTAMP,
  `security_question_id` int(10) NOT NULL DEFAULT '0',
  `answer` varchar(255) DEFAULT NULL,
  `billing_customer_id` varchar(255) DEFAULT NULL,
  `displayId` varchar(255) DEFAULT NULL,
  `planId` varchar(255) DEFAULT NULL,
  `uaid` varchar(7) DEFAULT NULL,
  `credit_card_id` int(11) unsigned DEFAULT NULL,
  `passwordExpireTime` timestamp NULL DEFAULT NULL,
  PRIMARY KEY (`id`),
  UNIQUE KEY `username_UNIQUE` (`username`),
  UNIQUE KEY `UNIQUE_CUSTOMER_USERNAME` (`username`,`billing_customer_id`),
  KEY `FK24217FDEB4DD346` (`customerDetail_customerid`),
  CONSTRAINT `FK24217FDEB4DD346` FOREIGN KEY (`customerDetail_customerid`) REFERENCES `customerdetail` (`id`)
) ENGINE=InnoDB AUTO_INCREMENT=192 DEFAULT CHARSET=latin1;

-- Dumping data for table naesta_cleanup.customer: ~22 rows (approximately)
DELETE FROM `customer`;
/*!40000 ALTER TABLE `customer` DISABLE KEYS */;
INSERT INTO `customer` (`id`, `username`, `password`, `enabled`, `usertype`, `customerDetail_customerid`, `createdOn`, `security_question_id`, `answer`, `billing_customer_id`, `displayId`, `planId`, `uaid`, `credit_card_id`, `passwordExpireTime`) VALUES
	(164, 'Sfaubert1234', 'e1fe0c77dbf7f43d21da5720b0177f25', 1, 'Subscriber', 164, '2013-01-31 15:36:32', 1, 'St-Joseph', '12127553', '0000251', '179', NULL, 1031, NULL),
	(165, 'Sfaubert789', 'e1fe0c77dbf7f43d21da5720b0177f25', 1, 'Dependent', 165, '2013-01-31 16:38:01', 1, NULL, '12127553', '0000252', NULL, NULL, 1031, NULL),
	(166, 'Bidule', 'e1fe0c77dbf7f43d21da5720b0177f25', 1, 'Dependent', 166, '2013-02-01 09:00:05', 1, NULL, '12127553', '0000253', NULL, NULL, 1031, NULL),
	(167, 'xyz123', '5795ef217f650328046807114c1c3332', 1, 'Subscriber', 167, '2013-02-01 09:33:08', 3, 'NFA', '12141285', '0000254', NULL, NULL, 1032, NULL),
	(168, 'xyz1234', 'a3f7dc31b1e41b5b5e72d58de99f7063', 1, 'Subscriber', 168, '2013-02-01 09:48:05', 1, 'UdeM', '12141331', '0000255', NULL, NULL, 1033, NULL),
	(169, 'SCU_11910243_user', '039787ab3658a9b08be34a6b4aae8590', 1, 'Customer', 169, '2013-02-01 09:55:14', 1, NULL, '11910243', '0000256', NULL, NULL, 1034, NULL),
	(170, 'SCU_12055145_user', '039787ab3658a9b08be34a6b4aae8590', 1, 'Customer', 170, '2013-02-01 09:58:04', 1, NULL, '12055145', '0000257', NULL, NULL, 1035, NULL),
	(171, 'SCU_11916266_user', '039787ab3658a9b08be34a6b4aae8590', 1, 'Customer', 171, '2013-02-01 09:59:35', 1, NULL, '11916266', '0000258', NULL, NULL, 1036, NULL),
	(172, 'abc1234', 'a3f7dc31b1e41b5b5e72d58de99f7063', 1, 'Dependent', 172, '2013-02-01 10:02:32', 1, NULL, '12141285', '0000259', NULL, NULL, 1032, NULL),
	(173, 'SCU_12141619_user', '039787ab3658a9b08be34a6b4aae8590', 1, 'Customer', 173, '2013-02-01 10:13:45', 1, NULL, '12141619', '0000260', NULL, NULL, 1037, NULL),
	(174, 'user1234', 'a3f7dc31b1e41b5b5e72d58de99f7063', 1, 'Dependent', 174, '2013-02-01 10:18:00', 1, NULL, '12141331', '0000261', NULL, NULL, 1033, NULL),
	(176, 'SCU_12141702_user', '039787ab3658a9b08be34a6b4aae8590', 1, 'Customer', 176, '2013-02-01 10:25:41', 1, NULL, '12141702', '0000263', NULL, NULL, 1038, NULL),
	(177, 'ubuntu1', 'a3f7dc31b1e41b5b5e72d58de99f7063', 1, 'Subscriber', 177, '2013-02-01 10:37:04', 1, 'Churn', '12141856', '0000264', NULL, NULL, 1039, NULL),
	(178, 'SCU_12141943_user', '039787ab3658a9b08be34a6b4aae8590', 1, 'Customer', 178, '2013-02-01 10:51:05', 1, NULL, '12141943', '0000265', NULL, NULL, 1040, NULL),
	(179, 'abcd3434', '5795ef217f650328046807114c1c3332', 1, 'Subscriber', 179, '2013-02-01 10:51:48', 1, 'Churn', '12141949', '0000266', NULL, NULL, 1041, NULL),
	(180, 'SCU_12143157_user', '039787ab3658a9b08be34a6b4aae8590', 1, 'Customer', 180, '2013-02-01 11:43:46', 1, NULL, '12143157', '0000267', NULL, NULL, 1042, NULL),
	(181, 'SCU_12146864_user', '039787ab3658a9b08be34a6b4aae8590', 1, 'Customer', 181, '2013-02-01 13:43:55', 1, NULL, '12146864', '0000268', NULL, NULL, 1043, NULL),
	(182, 'SCU_11910413_user', '039787ab3658a9b08be34a6b4aae8590', 1, 'Customer', 182, '2013-02-01 14:53:03', 1, NULL, '11910413', '0000269', NULL, NULL, 1044, NULL),
	(184, 'SCU_12149829_user', '039787ab3658a9b08be34a6b4aae8590', 1, 'Customer', 184, '2013-02-01 16:10:56', 1, NULL, '12149829', '0000271', NULL, NULL, 1046, NULL),
	(186, 'gaotest', '3a494a7773d1b99a977a97ed57b4dd96', 1, 'Subscriber', 186, '2013-02-02 15:35:17', 1, 'avb', '12162368', '0000273', NULL, NULL, 1048, NULL),
	(190, 'gaotest1', 'd0a6f269dfd72e271d57c3fcfb5b06ef', 1, 'Subscriber', 190, '2013-02-02 16:03:31', 1, 'fdfad', '12162460', '0000277', NULL, NULL, 1052, NULL),
	(191, 'abcd', 'd0a6f269dfd72e271d57c3fcfb5b06ef', 1, 'Dependent', 191, '2013-02-21 10:48:42', 3, 'patriots', '12162368', 'U-1', NULL, NULL, 1048, NULL);
/*!40000 ALTER TABLE `customer` ENABLE KEYS */;


-- Dumping structure for table naesta_cleanup.customerdetail
DROP TABLE IF EXISTS `customerdetail`;
CREATE TABLE IF NOT EXISTS `customerdetail` (
  `id` int(10) NOT NULL AUTO_INCREMENT,
  `address1` varchar(45) DEFAULT NULL,
  `address2` varchar(45) DEFAULT NULL,
  `address3` varchar(45) DEFAULT NULL,
  `city` varchar(45) DEFAULT NULL,
  `state` varchar(45) DEFAULT NULL,
  `country` varchar(45) DEFAULT NULL,
  `primarycutomerid` int(10) DEFAULT NULL,
  `gender` int(1) DEFAULT NULL,
  `language` varchar(3) DEFAULT NULL,
  `birthdate` date DEFAULT NULL,
  `phone1` varchar(15) DEFAULT NULL,
  `phone2` varchar(15) DEFAULT NULL,
  `firstname` varchar(45) DEFAULT NULL,
  `middlename` varchar(45) DEFAULT NULL,
  `lastname` varchar(45) DEFAULT NULL,
  `email` varchar(45) DEFAULT NULL,
  `zipcode` varchar(15) DEFAULT NULL,
  `relationwithprimarycustomer` int(1) DEFAULT NULL,
  `customerid` int(11) DEFAULT NULL,
  `phonenumbertype` int(1) DEFAULT NULL,
  `alternatephonenumbertype` int(1) DEFAULT NULL,
  `billing_address` varchar(45) DEFAULT NULL,
  `billing_city` varchar(45) DEFAULT NULL,
  `billing_zipcode` varchar(15) DEFAULT NULL,
  `billing_state` varchar(45) DEFAULT NULL,
  `billing_country` varchar(45) DEFAULT NULL,
  PRIMARY KEY (`id`),
  KEY `customerid` (`id`),
  KEY `primarycustomerid` (`primarycutomerid`)
) ENGINE=InnoDB AUTO_INCREMENT=192 DEFAULT CHARSET=latin1;

-- Dumping data for table naesta_cleanup.customerdetail: ~22 rows (approximately)
DELETE FROM `customerdetail`;
/*!40000 ALTER TABLE `customerdetail` DISABLE KEYS */;
INSERT INTO `customerdetail` (`id`, `address1`, `address2`, `address3`, `city`, `state`, `country`, `primarycutomerid`, `gender`, `language`, `birthdate`, `phone1`, `phone2`, `firstname`, `middlename`, `lastname`, `email`, `zipcode`, `relationwithprimarycustomer`, `customerid`, `phonenumbertype`, `alternatephonenumbertype`, `billing_address`, `billing_city`, `billing_zipcode`, `billing_state`, `billing_country`) VALUES
	(164, '2113, 32e avenue', NULL, NULL, 'Dallas', '374', '92', NULL, 2, '1', '1980-01-01', '5147892494', NULL, 'Test', NULL, 'Subscriber', 'sfaubert@publicbikesystem.com', '90210', NULL, NULL, NULL, NULL, '2113, 32e avenue', 'Montreal', '90210', '374', '92'),
	(165, '1234, Fake Street', NULL, NULL, 'Dallas', '374', '92', 164, 1, '2', '1980-01-21', '5147892494', NULL, 'Test', NULL, 'Dependant', 'sfaubert@publicbikesystem.com', '90210', NULL, NULL, NULL, NULL, NULL, NULL, NULL, NULL, NULL),
	(166, '1234 Rodeo St', NULL, NULL, 'Dallas', '374', '92', 164, 2, '1', '1995-02-01', '5147892494', NULL, 'Test', NULL, 'Dependant Two', 'sfaubert@publicbikesystem.com', '90210', NULL, NULL, NULL, NULL, NULL, NULL, NULL, NULL, NULL),
	(167, '32 St-Catherine', NULL, NULL, 'Dallas', '339', '92', NULL, 1, '1', '1995-02-01', '5143436532', NULL, 'TestA', NULL, 'PBSC', 'abc@xyz.com', '12345', NULL, NULL, NULL, NULL, '32 St-Catherine', 'Dallas', '12345', '339', '92'),
	(168, '32th Street', NULL, NULL, 'Dallas', '339', '92', NULL, 1, '2', '1995-02-01', '5143436532', NULL, 'TestB', NULL, 'PBSC', 'abc@xyz.com', '12345', NULL, NULL, NULL, NULL, '32th Street', 'Dallas', '12345', '339', '92'),
	(169, 'NA', 'NA', NULL, NULL, NULL, NULL, NULL, 0, NULL, NULL, '514222222', NULL, 'PRATIK', NULL, 'DESAI', NULL, '12345', NULL, NULL, 1, NULL, NULL, NULL, NULL, NULL, NULL),
	(170, 'NA', 'NA', NULL, NULL, NULL, NULL, NULL, 0, NULL, NULL, NULL, NULL, 'PRATIK', NULL, 'DESAI', NULL, '12345', NULL, NULL, NULL, NULL, NULL, NULL, NULL, NULL, NULL),
	(171, 'NA', 'NA', NULL, NULL, NULL, NULL, NULL, 0, NULL, NULL, '514222222', NULL, 'FOR', NULL, 'YOU', NULL, '12346', NULL, NULL, 1, NULL, NULL, NULL, NULL, NULL, NULL),
	(172, '310 rte de Sainte-B', NULL, NULL, 'Dallas', '343', '93', 167, 1, '1', '1995-02-01', '5143436532', NULL, 'DependTestA', NULL, 'PBSC', 'abc@cdf.com', '12345', NULL, NULL, NULL, NULL, NULL, NULL, NULL, NULL, NULL),
	(173, 'NA', 'NA', NULL, NULL, NULL, NULL, NULL, 0, NULL, NULL, '514222222', NULL, 'FOR', NULL, 'YOU', NULL, '13456', NULL, NULL, 1, NULL, NULL, NULL, NULL, NULL, NULL),
	(174, '3987 EDNA', NULL, NULL, 'Dallas', '343', '92', 168, 1, '1', '1995-02-01', '5143436532', NULL, 'DependentOnTestB', NULL, 'PBSC', 'abc@cdf.com', '12345', NULL, NULL, NULL, NULL, NULL, NULL, NULL, NULL, NULL),
	(176, 'NA', 'NA', NULL, NULL, NULL, NULL, NULL, 0, NULL, NULL, '514222222', NULL, 'FOR', NULL, 'YOU', NULL, '12345', NULL, NULL, 1, NULL, NULL, NULL, NULL, NULL, NULL),
	(177, '32 Street', NULL, NULL, 'Newyork', '337', '92', NULL, 1, '1', '1995-02-01', '5143436532', NULL, 'TestC', NULL, 'PBSC', 'abc@cdf.com', '12345', NULL, NULL, NULL, NULL, '32 Street', 'Newyork', '12345', '337', '92'),
	(178, 'NA', 'NA', NULL, NULL, NULL, NULL, NULL, 0, NULL, NULL, '514222222', NULL, 'FOR', NULL, 'YOU', NULL, '12345', NULL, NULL, 1, NULL, NULL, NULL, NULL, NULL, NULL),
	(179, '48 Richards Road', NULL, NULL, 'Dallas', '330', '92', NULL, 1, '1', '1995-02-01', '5143436532', NULL, 'TestD', NULL, 'PBSC', 'abc@cdf.com', '12345', NULL, NULL, NULL, NULL, '48 Richards Road', 'Dallas', '12345', '330', '92'),
	(180, 'NA', 'NA', NULL, NULL, NULL, NULL, NULL, 0, NULL, NULL, NULL, NULL, 'MONIQUE', NULL, 'BEYLOUNI', NULL, '11123', NULL, NULL, NULL, NULL, NULL, NULL, NULL, NULL, NULL),
	(181, 'NA', 'NA', NULL, NULL, NULL, NULL, NULL, 0, NULL, NULL, '514222222', NULL, 'FOR', NULL, 'YOU', NULL, '12345', NULL, NULL, 1, NULL, NULL, NULL, NULL, NULL, NULL),
	(182, 'NA', 'NA', NULL, NULL, NULL, NULL, NULL, 0, NULL, NULL, '541', NULL, 'PRATIK', NULL, 'DESAI', NULL, '678', NULL, NULL, 1, NULL, NULL, NULL, NULL, NULL, NULL),
	(184, 'NA', 'NA', NULL, NULL, NULL, NULL, NULL, 0, NULL, NULL, '155555555', NULL, 'DOMINIQUE', NULL, 'GAUDIN', NULL, '45665', NULL, NULL, 1, NULL, NULL, NULL, NULL, NULL, NULL),
	(186, '12 abc', NULL, NULL, 'new York', '362', '92', NULL, 2, '1', '1978-02-02', '1234562345', NULL, 'gaotest', NULL, 'gaotest', 'abcd@abcd.com', '12345', NULL, NULL, NULL, NULL, '12 abc', 'new York', '12345', '362', '92'),
	(190, '12 abc', NULL, NULL, 'new York', '362', '92', NULL, 2, '1', '1995-02-01', '1234564567', NULL, 'gaotest', NULL, 'gaotest\'s', 'hoanghaianh@gmail.com', '12345', NULL, NULL, NULL, NULL, '12 abc', 'new York', '12345', '362', '92'),
	(191, '45 south street', NULL, NULL, 'New York', '362', '92', 186, 1, '1', '1994-10-02', '5555555555', NULL, 'Test', NULL, 'User', 'kbyrne@personica.com', '09080', NULL, NULL, NULL, NULL, NULL, NULL, NULL, NULL, NULL);
/*!40000 ALTER TABLE `customerdetail` ENABLE KEYS */;


-- Dumping structure for table naesta_cleanup.customergroup
DROP TABLE IF EXISTS `customergroup`;
CREATE TABLE IF NOT EXISTS `customergroup` (
  `groupid` int(11) NOT NULL,
  `customerid` int(11) NOT NULL,
  PRIMARY KEY (`groupid`,`customerid`),
  KEY `FK_CUSTOMERGROUP_CUSTOMERID` (`customerid`),
  KEY `FK_CUSTOMERGROUP_GROUPID` (`groupid`),
  CONSTRAINT `FK_CUSTOMERGROUP_CUSTOMERID` FOREIGN KEY (`customerid`) REFERENCES `customer` (`id`) ON DELETE CASCADE ON UPDATE NO ACTION,
  CONSTRAINT `FK_CUSTOMERGROUP_GROUPID` FOREIGN KEY (`groupid`) REFERENCES `groups` (`id`) ON DELETE CASCADE ON UPDATE NO ACTION
) ENGINE=InnoDB DEFAULT CHARSET=latin1;

-- Dumping data for table naesta_cleanup.customergroup: ~130 rows (approximately)
DELETE FROM `customergroup`;
/*!40000 ALTER TABLE `customergroup` DISABLE KEYS */;
INSERT INTO `customergroup` (`groupid`, `customerid`) VALUES
	(4, 5),
	(4, 6),
	(4, 7),
	(4, 8),
	(4, 9),
	(4, 10),
	(4, 14),
	(4, 15),
	(4, 16),
	(4, 17),
	(4, 20),
	(4, 21),
	(4, 22),
	(4, 23),
	(4, 24),
	(4, 25),
	(4, 26),
	(4, 27),
	(4, 28),
	(4, 29),
	(4, 30),
	(4, 31),
	(4, 32),
	(4, 33),
	(4, 34),
	(4, 35),
	(4, 36),
	(4, 37),
	(4, 38),
	(4, 39),
	(4, 40),
	(4, 41),
	(3, 42),
	(4, 43),
	(4, 46),
	(4, 47),
	(4, 48),
	(4, 49),
	(4, 50),
	(4, 51),
	(4, 52),
	(4, 53),
	(4, 54),
	(4, 55),
	(4, 56),
	(4, 57),
	(4, 58),
	(4, 61),
	(3, 63),
	(4, 71),
	(4, 74),
	(4, 75),
	(4, 76),
	(4, 77),
	(4, 78),
	(4, 79),
	(4, 80),
	(4, 81),
	(4, 82),
	(4, 83),
	(4, 84),
	(4, 86),
	(3, 87),
	(3, 88),
	(3, 89),
	(4, 90),
	(4, 91),
	(4, 92),
	(4, 93),
	(4, 94),
	(4, 95),
	(4, 96),
	(4, 97),
	(4, 98),
	(4, 99),
	(4, 100),
	(4, 101),
	(4, 102),
	(4, 103),
	(4, 104),
	(4, 105),
	(4, 106),
	(4, 107),
	(4, 108),
	(4, 109),
	(4, 110),
	(4, 111),
	(4, 112),
	(3, 114),
	(4, 119),
	(3, 120),
	(4, 122),
	(4, 123),
	(4, 124),
	(4, 125),
	(3, 126),
	(4, 127),
	(4, 128),
	(4, 129),
	(4, 130),
	(4, 131),
	(4, 132),
	(4, 133),
	(4, 134),
	(4, 135),
	(4, 136),
	(4, 137),
	(4, 138),
	(4, 142),
	(3, 143),
	(4, 152),
	(3, 154),
	(4, 155),
	(3, 156),
	(4, 160),
	(3, 161),
	(4, 162),
	(3, 163),
	(4, 164),
	(3, 165),
	(3, 166),
	(4, 167),
	(4, 168),
	(3, 172),
	(3, 174),
	(4, 177),
	(4, 179),
	(4, 186),
	(4, 190),
	(3, 191);
/*!40000 ALTER TABLE `customergroup` ENABLE KEYS */;


-- Dumping structure for table naesta_cleanup.customernotes
DROP TABLE IF EXISTS `customernotes`;
CREATE TABLE IF NOT EXISTS `customernotes` (
  `Id` int(10) NOT NULL AUTO_INCREMENT,
  `Description` varchar(450) DEFAULT NULL,
  `Summary` varchar(255) DEFAULT NULL,
  `NoteCategory` int(3) DEFAULT NULL,
  `NoteType` int(3) DEFAULT NULL,
  `Customerid` int(10) NOT NULL,
  `Createdon` timestamp NOT NULL DEFAULT CURRENT_TIMESTAMP,
  `Createdby` varchar(25) NOT NULL,
  `Modifiedon` timestamp NULL DEFAULT NULL,
  `Modifiedby` varchar(25) DEFAULT NULL,
  `IsDeleted` tinyint(1) DEFAULT NULL,
  `Uaid` varchar(255) NOT NULL,
  PRIMARY KEY (`Id`),
  KEY `FK_CUSTOMERNOTES_CUSTOMERID` (`Customerid`),
  CONSTRAINT `FK_CUSTOMERNOTES_CUSTOMERID` FOREIGN KEY (`Customerid`) REFERENCES `customer` (`id`) ON DELETE CASCADE ON UPDATE NO ACTION
) ENGINE=InnoDB DEFAULT CHARSET=latin1 ROW_FORMAT=COMPACT;

-- Dumping data for table naesta_cleanup.customernotes: ~0 rows (approximately)
DELETE FROM `customernotes`;
/*!40000 ALTER TABLE `customernotes` DISABLE KEYS */;
/*!40000 ALTER TABLE `customernotes` ENABLE KEYS */;


-- Dumping structure for table naesta_cleanup.customerpayment
DROP TABLE IF EXISTS `customerpayment`;
CREATE TABLE IF NOT EXISTS `customerpayment` (
  `id` int(10) NOT NULL,
  `customerid` int(10) NOT NULL,
  `billingid` int(10) NOT NULL,
  PRIMARY KEY (`id`),
  KEY `customerpaymentid` (`customerid`),
  CONSTRAINT `customerpaymentid` FOREIGN KEY (`customerid`) REFERENCES `customer` (`id`) ON DELETE CASCADE ON UPDATE CASCADE
) ENGINE=InnoDB DEFAULT CHARSET=latin1;

-- Dumping data for table naesta_cleanup.customerpayment: ~0 rows (approximately)
DELETE FROM `customerpayment`;
/*!40000 ALTER TABLE `customerpayment` DISABLE KEYS */;
/*!40000 ALTER TABLE `customerpayment` ENABLE KEYS */;


-- Dumping structure for table naesta_cleanup.customerproduct
DROP TABLE IF EXISTS `customerproduct`;
CREATE TABLE IF NOT EXISTS `customerproduct` (
  `id` bigint(20) NOT NULL AUTO_INCREMENT,
  `amountRefunded` char(1) DEFAULT NULL,
  `autoRenew` char(1) DEFAULT NULL,
  `billingId` int(11) DEFAULT NULL,
  `closureDate` datetime DEFAULT NULL,
  `endTime` datetime DEFAULT NULL,
  `holdAmount` double DEFAULT NULL,
  `reason` varchar(255) DEFAULT NULL,
  `reminder` int(11) DEFAULT NULL,
  `startTime` datetime DEFAULT NULL,
  `status` int(11) DEFAULT NULL,
  `customerId` int(11) DEFAULT NULL,
  `productId` bigint(20) DEFAULT NULL,
  `suspendedBy` bigint(20) DEFAULT NULL,
  `noOfBikes` int(2) DEFAULT '0',
  `purchaseDate` datetime DEFAULT NULL,
  PRIMARY KEY (`id`),
  KEY `FKDCD457519DE34F45` (`customerId`),
  CONSTRAINT `FKDCD457519DE34F45` FOREIGN KEY (`customerId`) REFERENCES `customer` (`id`)
) ENGINE=InnoDB AUTO_INCREMENT=266 DEFAULT CHARSET=latin1;

-- Dumping data for table naesta_cleanup.customerproduct: ~38 rows (approximately)
DELETE FROM `customerproduct`;
/*!40000 ALTER TABLE `customerproduct` DISABLE KEYS */;
INSERT INTO `customerproduct` (`id`, `amountRefunded`, `autoRenew`, `billingId`, `closureDate`, `endTime`, `holdAmount`, `reason`, `reminder`, `startTime`, `status`, `customerId`, `productId`, `suspendedBy`, `noOfBikes`, `purchaseDate`) VALUES
	(228, NULL, 'N', 12127553, NULL, '2014-02-01 09:08:00', 0, NULL, NULL, '2013-02-01 09:08:00', 1, 164, 178, NULL, 1, '2013-01-31 15:36:32'),
	(229, NULL, 'N', 12127553, '2014-02-01 09:43:41', '2013-03-13 09:08:00', 0, NULL, NULL, '2013-03-12 09:08:00', 1, 165, 178, NULL, 1, '2013-03-12 00:00:00'),
	(230, NULL, 'Y', 12127553, '2014-02-01 09:43:47', '2013-02-01 09:43:47', 0, NULL, NULL, '2012-02-01 09:44:17', 2, 166, 178, NULL, 1, '2013-02-01 09:00:05'),
	(231, NULL, 'N', 12141285, NULL, '2013-02-01 09:43:54', 0, NULL, NULL, '2012-02-01 09:44:27', 2, 167, 178, NULL, 1, '2013-02-01 09:33:08'),
	(232, NULL, 'N', 12141331, NULL, '2013-02-01 09:50:51', 0, NULL, NULL, '2012-02-01 09:50:59', 2, 168, 178, NULL, 1, '2013-02-01 09:48:05'),
	(233, NULL, 'N', 11910243, NULL, '2013-02-02 09:55:15', 101, NULL, NULL, '2013-02-01 09:55:15', 2, 169, 180, NULL, 1, '2013-02-01 09:55:15'),
	(234, NULL, 'N', 12055145, NULL, '2013-02-02 09:58:04', 101, NULL, NULL, '2013-02-01 09:58:04', 2, 170, 180, NULL, 1, '2013-02-01 09:58:04'),
	(235, NULL, 'N', 11916266, NULL, '2013-02-02 09:59:36', 101, NULL, NULL, '2013-02-01 09:59:36', 2, 171, 180, NULL, 1, '2013-02-01 09:59:36'),
	(236, NULL, 'N', 12141285, NULL, '2013-02-01 10:13:00', 0, NULL, NULL, '2012-02-01 10:13:00', 2, 172, 178, NULL, 1, '2013-02-01 10:02:32'),
	(237, NULL, 'N', 12141619, NULL, '2013-02-01 10:13:46', 101, NULL, NULL, '2013-02-01 10:13:46', 2, 173, 180, NULL, 1, '2013-02-01 10:13:46'),
	(238, NULL, 'N', 12141331, NULL, '2013-02-01 10:22:47', 0, NULL, NULL, '2012-02-01 10:22:59', 2, 174, 178, NULL, 1, '2013-02-01 10:18:00'),
	(239, NULL, 'N', 12141702, NULL, '2013-02-02 10:25:42', 101, NULL, NULL, '2013-02-01 10:25:42', 2, 176, 180, NULL, 2, '2013-02-01 10:25:42'),
	(240, NULL, 'N', 12141856, '2014-02-01 10:48:41', '2013-02-01 10:48:41', 0, NULL, NULL, '2013-02-01 10:48:41', 2, 177, 178, NULL, 1, '2013-02-01 10:37:04'),
	(241, NULL, 'N', 12141943, NULL, '2013-02-02 10:51:05', 101, NULL, NULL, '2013-02-01 10:51:05', 2, 178, 180, NULL, 2, '2013-02-01 10:51:05'),
	(242, NULL, 'N', 12141949, '2014-02-01 11:00:46', '2013-02-01 11:00:46', 0, NULL, NULL, '2013-02-01 11:00:46', 2, 179, 178, NULL, 1, '2013-02-01 10:51:48'),
	(243, NULL, 'N', 12143157, NULL, '2013-02-02 11:43:46', 101, NULL, NULL, '2013-02-01 11:43:46', 2, 180, 180, NULL, 1, '2013-02-01 11:43:46'),
	(244, NULL, 'N', 12146864, NULL, '2013-02-02 13:43:56', 101, NULL, NULL, '2013-02-01 13:43:56', 2, 181, 180, NULL, 1, '2013-02-01 13:43:56'),
	(245, NULL, 'N', 11910413, NULL, '2013-02-02 14:53:03', 101, NULL, NULL, '2013-02-01 14:53:03', 2, 182, 180, NULL, 1, '2013-02-01 14:53:03'),
	(246, NULL, 'N', 12149829, NULL, '2013-02-02 17:32:20', 101, NULL, NULL, '2013-02-01 17:32:20', 2, 184, 180, NULL, 2, '2013-02-01 17:32:20'),
	(247, NULL, 'N', 12141943, NULL, '2013-02-03 11:04:04', 101, NULL, NULL, '2013-02-02 11:04:04', 2, 178, 180, NULL, 1, '2013-02-02 11:04:04'),
	(248, NULL, 'N', 12141702, NULL, '2013-02-03 11:08:55', 101, NULL, NULL, '2013-02-02 11:08:55', 2, 176, 180, NULL, 1, '2013-02-02 11:08:55'),
	(249, NULL, 'N', 12141619, NULL, '2013-02-01 11:14:40', 101, NULL, NULL, '2013-02-01 11:14:40', 2, 173, 180, NULL, 2, '2013-02-02 11:14:40'),
	(250, NULL, 'N', 12162368, NULL, NULL, 0, NULL, NULL, NULL, 5, 186, 178, NULL, 1, '2013-02-02 15:35:17'),
	(251, NULL, 'N', 12141619, NULL, '2013-02-01 11:14:40', 101, NULL, NULL, '2013-02-01 11:14:40', 2, 173, 180, NULL, 1, '2013-02-01 11:14:40'),
	(252, NULL, 'N', 12141619, NULL, '2013-02-03 15:53:46', 101, NULL, NULL, '2013-02-02 15:53:46', 2, 173, 180, NULL, 2, '2013-02-02 15:53:46'),
	(253, NULL, 'N', 12162460, NULL, NULL, 0, NULL, NULL, NULL, 5, 190, 178, NULL, 1, '2013-02-02 16:03:31'),
	(254, NULL, 'N', 12141702, NULL, '2013-02-21 10:29:03', 101, NULL, NULL, '2013-02-20 10:29:03', 2, 176, 180, NULL, 1, '2013-02-20 10:29:03'),
	(255, NULL, 'N', 12141619, NULL, '2013-02-21 09:29:20', 101, NULL, NULL, '2013-02-21 09:29:20', 2, 173, 180, NULL, 1, '2013-02-21 09:29:20'),
	(256, NULL, 'N', 12141619, NULL, '2013-02-21 09:43:12', 101, NULL, NULL, '2013-02-21 09:43:12', 2, 173, 180, NULL, 2, '2013-02-21 09:43:12'),
	(257, NULL, 'N', 12141619, NULL, '2013-02-21 10:07:02', 101, NULL, NULL, '2013-02-21 10:07:02', 2, 173, 180, NULL, 1, '2013-02-21 10:07:02'),
	(258, NULL, 'N', 12141619, NULL, '2013-02-21 10:16:52', 101, NULL, NULL, '2013-02-21 10:16:52', 2, 173, 180, NULL, 1, '2013-02-21 10:16:52'),
	(259, NULL, 'N', 12162368, NULL, NULL, 0, NULL, NULL, NULL, 5, 191, 178, NULL, 1, '2013-02-21 10:48:42'),
	(260, NULL, 'N', 12127553, '2014-02-02 09:43:47', '2013-02-02 09:43:47', 101, NULL, NULL, '2013-02-01 09:43:48', 2, 166, 180, NULL, 1, '2013-02-21 11:29:30'),
	(261, NULL, 'N', 11910243, NULL, '2013-02-22 12:51:20', 101, NULL, NULL, '2013-02-21 12:51:20', 2, 169, 180, NULL, 1, '2013-02-21 12:51:20'),
	(262, NULL, 'N', 12146864, NULL, '2013-02-22 14:08:49', 101, NULL, NULL, '2013-02-21 14:08:49', 2, 181, 180, NULL, 1, '2013-02-21 14:08:49'),
	(263, NULL, 'N', 12141702, NULL, '2013-02-22 16:03:35', 101, NULL, NULL, '2013-02-21 16:03:35', 2, 176, 180, NULL, 1, '2013-02-21 16:03:35'),
	(264, NULL, 'N', 12141702, NULL, '2013-03-12 14:36:49', 101, NULL, NULL, '2013-03-12 14:36:49', 2, 176, 180, NULL, 2, '2013-03-12 14:36:49'),
	(265, NULL, 'N', 12141702, NULL, '2013-03-13 15:17:59', 101, NULL, NULL, '2013-03-12 15:17:59', 1, 176, 180, NULL, 1, '2013-03-12 15:17:59');
/*!40000 ALTER TABLE `customerproduct` ENABLE KEYS */;


-- Dumping structure for table naesta_cleanup.customer_message
DROP TABLE IF EXISTS `customer_message`;
CREATE TABLE IF NOT EXISTS `customer_message` (
  `id` int(10) NOT NULL AUTO_INCREMENT,
  `customerid` int(10) NOT NULL,
  `mailTo` varchar(50) NOT NULL,
  `mailCc` varchar(50) DEFAULT NULL,
  `mailBcc` varchar(50) DEFAULT NULL,
  `mailFrom` varchar(50) NOT NULL,
  `mailBody` text,
  `mailSubject` varchar(100) DEFAULT NULL,
  `mailDate` varchar(30) DEFAULT NULL,
  PRIMARY KEY (`id`),
  KEY `FK_customer_message` (`customerid`),
  CONSTRAINT `customer_message_ibfk_1` FOREIGN KEY (`customerid`) REFERENCES `customer` (`id`)
) ENGINE=InnoDB AUTO_INCREMENT=146 DEFAULT CHARSET=latin1;

-- Dumping data for table naesta_cleanup.customer_message: ~17 rows (approximately)
DELETE FROM `customer_message`;
/*!40000 ALTER TABLE `customer_message` DISABLE KEYS */;
INSERT INTO `customer_message` (`id`, `customerid`, `mailBody`, `mailSubject`, `mailDate`) VALUES
	(129, 164, '<html><body>\r\nWelcome Test Subscriber,<br><br>\r\n\r\nCongratulations!  Your Bike Chattanooga membership has been successfully created. Thank you!<br><br>\r\n\r\nYour confirmation and User ID number is: 0000251<br><br>\r\n\r\nYour Chattanooga Bike key will be shipped to the address listed below with 3-5 business days.  Your membership does not start until you have activated your key through your account online.  Activation instructions are provided in your new member packet, sent with your key.<br><br>\r\n\r\nPlease review your account information:<br><br>\r\n\r\nUser Name: Sfaubert1234<br>\r\nName: Test Subscriber<br>\r\nAddress: 2113, 32e avenue<br>\r\nMontreal<br>\r\nTexas  90210 United States<br>\r\nE-Mail: sfaubert@publicbikesystem.com<br>\r\nPhone: 514-789-2494<br>\r\nPhone 2: <br>\r\nSex: Female<br>\r\nDate of Birth: 01/01/1980<br><br>\r\n\r\nMembership Type: Annual Std<br>\r\nCard Holder: SUZELLE FAUBERT<br>\r\nCard Number: ************5014<br><br>\r\n\r\nSubscription Price: $95.00<br>\r\nDiscount Applied: $${discountAmount}<br>\r\nFinal Price: $95.00<br><br>\r\n\r\nTotal Amount Paid: $95.0<br><br>\r\n\r\nIf any of the above information is incorrect, please call to speak with a customer service agent at 888-925-4415 to update your account.<br><br>\r\n\r\nThank you from the Bike Chattanooga Team!<br>\r\nOperated by Chattanooga Bike Share.<br><br>\r\n\r\nContact us at<br>\r\nPhone:  1-888-925-4415<br>\r\nEmail:  customerservice@bikechattanooga.com<br><br>\r\n\r\nCheck us out at Facebook.com/bikechattanooga and Twitter.com/bikechattanooga!<br>', 'Subscription Confirmation', '01/31/2013 15:36:34'),
	(130, 164, '<html><body>\r\nWelcome Test Subscriber,<br><br>\r\n\r\nCongratulations!  Your Bike Chattanooga membership has been successfully created. Thank you!<br><br>\r\n\r\nYour confirmation and User ID number is: 0000251<br><br>\r\n\r\nYour Chattanooga Bike key will be shipped to the address listed below with 3-5 business days.  Your membership does not start until you have activated your key through your account online.  Activation instructions are provided in your new member packet, sent with your key.<br><br>\r\n\r\nPlease review your account information:<br><br>\r\n\r\nUser Name: Sfaubert1234<br>\r\nName: Test Subscriber<br>\r\nAddress: 2113, 32e avenue<br>\r\nMontreal<br>\r\nTexas  90210 United States<br>\r\nE-Mail: sfaubert@publicbikesystem.com<br>\r\nPhone: 514-789-2494<br>\r\nPhone 2: <br>\r\nSex: Female<br>\r\nDate of Birth: 01/01/1980<br><br>\r\n\r\nMembership Type: Annual Std<br>\r\nCard Holder: SUZELLE FAUBERT<br>\r\nCard Number: ************5014<br><br>\r\n\r\nSubscription Price: $95.00<br>\r\nDiscount Applied: $${discountAmount}<br>\r\nFinal Price: $95.00<br><br>\r\n\r\nTotal Amount Paid: $95.0<br><br>\r\n\r\nIf any of the above information is incorrect, please call to speak with a customer service agent at 888-925-4415 to update your account.<br><br>\r\n\r\nThank you from the Bike Chattanooga Team!<br>\r\nOperated by Chattanooga Bike Share.<br><br>\r\n\r\nContact us at<br>\r\nPhone:  1-888-925-4415<br>\r\nEmail:  customerservice@bikechattanooga.com<br><br>\r\n\r\nCheck us out at Facebook.com/bikechattanooga and Twitter.com/bikechattanooga!<br>', 'Resend:Subscription Confirmation', '01/31/2013 16:09:27'),
	(131, 164, '<html><body>\r\nWelcome Test Subscriber,<br><br>\r\n\r\nCongratulations!  Your Bike Chattanooga membership has been successfully created. Thank you!<br><br>\r\n\r\nYour confirmation and User ID number is: 0000251<br><br>\r\n\r\nYour Chattanooga Bike key will be shipped to the address listed below with 3-5 business days.  Your membership does not start until you have activated your key through your account online.  Activation instructions are provided in your new member packet, sent with your key.<br><br>\r\n\r\nPlease review your account information:<br><br>\r\n\r\nUser Name: Sfaubert1234<br>\r\nName: Test Subscriber<br>\r\nAddress: 2113, 32e avenue<br>\r\nMontreal<br>\r\nTexas  90210 United States<br>\r\nE-Mail: sfaubert@publicbikesystem.com<br>\r\nPhone: 514-789-2494<br>\r\nPhone 2: <br>\r\nSex: Female<br>\r\nDate of Birth: 01/01/1980<br><br>\r\n\r\nMembership Type: Annual Std<br>\r\nCard Holder: SUZELLE FAUBERT<br>\r\nCard Number: ************5014<br><br>\r\n\r\nSubscription Price: $95.00<br>\r\nDiscount Applied: $${discountAmount}<br>\r\nFinal Price: $95.00<br><br>\r\n\r\nTotal Amount Paid: $95.0<br><br>\r\n\r\nIf any of the above information is incorrect, please call to speak with a customer service agent at 888-925-4415 to update your account.<br><br>\r\n\r\nThank you from the Bike Chattanooga Team!<br>\r\nOperated by Chattanooga Bike Share.<br><br>\r\n\r\nContact us at<br>\r\nPhone:  1-888-925-4415<br>\r\nEmail:  customerservice@bikechattanooga.com<br><br>\r\n\r\nCheck us out at Facebook.com/bikechattanooga and Twitter.com/bikechattanooga!<br>', 'Resend:Subscription Confirmation', '02/01/2013 08:31:01'),
	(132, 166, '<html><body>\r\nWelcome Test Dependant Two,<br><br>\r\n\r\nCongratulations!  Your Citi Bike membership has been successfully created. Thank you!<br><br>\r\n\r\nYour confirmation and User ID number is: 0000253<br><br>\r\n\r\nYour Citi Bike key will be shipped to the address listed below with 3-5 business days.  Your membership does not start until you have activated your key through your account online.  Activation instructions are provided in your new member packet, sent with your key.<br><br>\r\n\r\nPlease review your account information:<br><br>\r\n\r\nUser Name: Bidule<br>\r\nName: Test Dependant Two<br>\r\nAddress: 1234 Rodeo St<br>\r\nDallas<br>\r\nTexas  90210 United States<br>\r\nE-Mail: sfaubert@publicbikesystem.com<br>\r\nPhone: 514-789-2494<br>\r\nPhone 2: <br>\r\nSex: Female<br>\r\nDate of Birth: 02/01/1995<br><br>\r\n\r\nMembership Type: Annual Std<br>\r\nCard Holder: SUZELLE FAUBERT<br>\r\nCard Number: ${cardNumber}<br><br>\r\n\r\nSubscription Price: $${subscriptionAmount}<br>\r\nDiscount Applied: $${discountAmount}<br>\r\nFinal Price: $0.00<br><br>\r\n\r\nTotal Amount Paid: $${totalAmount}<br><br>\r\n\r\nIf any of the above information is incorrect, please call to speak with a customer service agent at 888-925-4415 to update your account.<br><br>\r\n\r\nThank you from the Citi Bike Team!<br>\r\nOperated by Citi Bike Share.<br><br>\r\n\r\nContact us at<br>\r\nPhone:  1-855-BIKE-311<br>\r\nEmail:  customerservice@CitibikeNYC.com<br><br>\r\n\r\nCheck us out at Facebook.com/CitibikeNYC and Twitter.com/CitibikeNYC!<br>', 'Subscription Confirmation', '02/01/2013 09:00:07'),
	(133, 167, '<html><body>\r\nWelcome TestA PBSC,<br><br>\r\n\r\nCongratulations!  Your Citi Bike membership has been successfully created. Thank you!<br><br>\r\n\r\nYour confirmation and User ID number is: 0000254<br><br>\r\n\r\nYour Citi Bike key will be shipped to the address listed below with 3-5 business days.  Your membership does not start until you have activated your key through your account online.  Activation instructions are provided in your new member packet, sent with your key.<br><br>\r\n\r\nPlease review your account information:<br><br>\r\n\r\nUser Name: xyz123<br>\r\nName: TestA PBSC<br>\r\nAddress: 32 St-Catherine<br>\r\nDallas<br>\r\nGeorgia  12345 United States<br>\r\nE-Mail: abc@xyz.com<br>\r\nPhone: 514-343-6532<br>\r\nPhone 2: <br>\r\nSex: Male<br>\r\nDate of Birth: 02/01/1995<br><br>\r\n\r\nMembership Type: Annual Std<br>\r\nCard Holder: PRATIK DESAI<br>\r\nCard Number: ************1927<br><br>\r\n\r\nSubscription Price: $95.00<br>\r\nDiscount Applied: $${discountAmount}<br>\r\nFinal Price: $95.00<br><br>\r\n\r\nTotal Amount Paid: $95.0<br><br>\r\n\r\nIf any of the above information is incorrect, please call to speak with a customer service agent at 888-925-4415 to update your account.<br><br>\r\n\r\nThank you from the Citi Bike Team!<br>\r\nOperated by Citi Bike Share.<br><br>\r\n\r\nContact us at<br>\r\nPhone:  1-855-BIKE-311<br>\r\nEmail:  customerservice@CitibikeNYC.com<br><br>\r\n\r\nCheck us out at Facebook.com/CitibikeNYC and Twitter.com/CitibikeNYC!<br>', 'Subscription Confirmation', '02/01/2013 09:33:10'),
	(134, 172, '<html><body>\r\nWelcome DependTestA PBSC,<br><br>\r\n\r\nCongratulations!  Your Citi Bike membership has been successfully created. Thank you!<br><br>\r\n\r\nYour confirmation and User ID number is: 0000259<br><br>\r\n\r\nYour Citi Bike key will be shipped to the address listed below with 3-5 business days.  Your membership does not start until you have activated your key through your account online.  Activation instructions are provided in your new member packet, sent with your key.<br><br>\r\n\r\nPlease review your account information:<br><br>\r\n\r\nUser Name: abc1234<br>\r\nName: DependTestA PBSC<br>\r\nAddress: 310 rte de Sainte-Batrix<br>\r\nDallas<br>\r\nIllinois  12345 Canada<br>\r\nE-Mail: abc@cdf.com<br>\r\nPhone: 514-343-6532<br>\r\nPhone 2: <br>\r\nSex: Male<br>\r\nDate of Birth: 02/01/1995<br><br>\r\n\r\nMembership Type: 7 Day Subscription<br>\r\nCard Holder: PRATIK DESAI<br>\r\nCard Number: ${cardNumber}<br><br>\r\n\r\nSubscription Price: $${subscriptionAmount}<br>\r\nDiscount Applied: $${discountAmount}<br>\r\nFinal Price: $0.00<br><br>\r\n\r\nTotal Amount Paid: $${totalAmount}<br><br>\r\n\r\nIf any of the above information is incorrect, please call to speak with a customer service agent at 888-925-4415 to update your account.<br><br>\r\n\r\nThank you from the Citi Bike Team!<br>\r\nOperated by Citi Bike Share.<br><br>\r\n\r\nContact us at<br>\r\nPhone:  1-855-BIKE-311<br>\r\nEmail:  customerservice@CitibikeNYC.com<br><br>\r\n\r\nCheck us out at Facebook.com/CitibikeNYC and Twitter.com/CitibikeNYC!<br>', 'Subscription Confirmation', '02/01/2013 10:02:33'),
	(135, 174, '<html><body>\r\nWelcome DependentOnTestB PBSC,<br><br>\r\n\r\nCongratulations!  Your Citi Bike membership has been successfully created. Thank you!<br><br>\r\n\r\nYour confirmation and User ID number is: 0000261<br><br>\r\n\r\nYour Citi Bike key will be shipped to the address listed below with 3-5 business days.  Your membership does not start until you have activated your key through your account online.  Activation instructions are provided in your new member packet, sent with your key.<br><br>\r\n\r\nPlease review your account information:<br><br>\r\n\r\nUser Name: user1234<br>\r\nName: DependentOnTestB PBSC<br>\r\nAddress: 3987 EDNA<br>\r\nDallas<br>\r\nIllinois  12345 United States<br>\r\nE-Mail: abc@cdf.com<br>\r\nPhone: 514-343-6532<br>\r\nPhone 2: <br>\r\nSex: Male<br>\r\nDate of Birth: 02/01/1995<br><br>\r\n\r\nMembership Type: Annual Std<br>\r\nCard Holder: FOR YOU<br>\r\nCard Number: ${cardNumber}<br><br>\r\n\r\nSubscription Price: $${subscriptionAmount}<br>\r\nDiscount Applied: $${discountAmount}<br>\r\nFinal Price: $0.00<br><br>\r\n\r\nTotal Amount Paid: $${totalAmount}<br><br>\r\n\r\nIf any of the above information is incorrect, please call to speak with a customer service agent at 888-925-4415 to update your account.<br><br>\r\n\r\nThank you from the Citi Bike Team!<br>\r\nOperated by Citi Bike Share.<br><br>\r\n\r\nContact us at<br>\r\nPhone:  1-855-BIKE-311<br>\r\nEmail:  customerservice@CitibikeNYC.com<br><br>\r\n\r\nCheck us out at Facebook.com/CitibikeNYC and Twitter.com/CitibikeNYC!<br>', 'Subscription Confirmation', '02/01/2013 10:18:02'),
	(136, 174, 'Hello DependentOnTestB PBSC,\n\nWe are pleased to inform you that a key has been allocated to you. Here is your key # 9999009. \nPlease contact the NAESTA customer service department at 514-789-NAESTA (2494) or 1-877-820-2543 in case you have any issue.\n\nThank you.\n\nThe NAESTA customer service team\r\n', 'Key Allocation', '02/01/2013 10:27:53'),
	(137, 164, 'Hello Test Subscriber,\n\nWe are pleased to inform you that a key has been allocated to you. Here is your key # 9999032. \nPlease contact the NAESTA customer service department at 514-789-NAESTA (2494) or 1-877-820-2543 in case you have any issue.\n\nThank you.\n\nThe NAESTA customer service team\r\n', 'Key Allocation', '02/01/2013 10:36:35'),
	(138, 177, '<html><body>\r\nWelcome TestC PBSC,<br><br>\r\n\r\nCongratulations!  Your Citi Bike membership has been successfully created. Thank you!<br><br>\r\n\r\nYour confirmation and User ID number is: 0000264<br><br>\r\n\r\nYour Citi Bike key will be shipped to the address listed below with 3-5 business days.  Your membership does not start until you have activated your key through your account online.  Activation instructions are provided in your new member packet, sent with your key.<br><br>\r\n\r\nPlease review your account information:<br><br>\r\n\r\nUser Name: ubuntu1<br>\r\nName: TestC PBSC<br>\r\nAddress: 32 Street<br>\r\nNewyork<br>\r\nDistrict of Columbia  12345 United States<br>\r\nE-Mail: abc@cdf.com<br>\r\nPhone: 514-343-6532<br>\r\nPhone 2: <br>\r\nSex: Male<br>\r\nDate of Birth: 02/01/1995<br><br>\r\n\r\nMembership Type: Annual Std<br>\r\nCard Holder: FOR YOU<br>\r\nCard Number: ************3440<br><br>\r\n\r\nSubscription Price: $${subscriptionAmount}<br>\r\nDiscount Applied: $${discountAmount}<br>\r\nFinal Price: $0.00<br><br>\r\n\r\nTotal Amount Paid: $${totalAmount}<br><br>\r\n\r\nIf any of the above information is incorrect, please call to speak with a customer service agent at 888-925-4415 to update your account.<br><br>\r\n\r\nThank you from the Citi Bike Team!<br>\r\nOperated by Citi Bike Share.<br><br>\r\n\r\nContact us at<br>\r\nPhone:  1-855-BIKE-311<br>\r\nEmail:  customerservice@CitibikeNYC.com<br><br>\r\n\r\nCheck us out at Facebook.com/CitibikeNYC and Twitter.com/CitibikeNYC!<br>', 'Subscription Confirmation', '02/01/2013 10:37:06'),
	(139, 177, 'Hello TestC PBSC,\n\nWe are pleased to inform you that a key has been allocated to you. Here is your key # 9999010. \nPlease contact the NAESTA customer service department at 514-789-NAESTA (2494) or 1-877-820-2543 in case you have any issue.\n\nThank you.\n\nThe NAESTA customer service team\r\n', 'Key Allocation', '02/01/2013 10:48:31'),
	(140, 179, '<html><body>\r\nWelcome TestD PBSC,<br><br>\r\n\r\nCongratulations!  Your Citi Bike membership has been successfully created. Thank you!<br><br>\r\n\r\nYour confirmation and User ID number is: 0000266<br><br>\r\n\r\nYour Citi Bike key will be shipped to the address listed below with 3-5 business days.  Your membership does not start until you have activated your key through your account online.  Activation instructions are provided in your new member packet, sent with your key.<br><br>\r\n\r\nPlease review your account information:<br><br>\r\n\r\nUser Name: abcd3434<br>\r\nName: TestD PBSC<br>\r\nAddress: 48 Richards Road<br>\r\nDallas<br>\r\nAlaska  12345 United States<br>\r\nE-Mail: abc@cdf.com<br>\r\nPhone: 514-343-6532<br>\r\nPhone 2: <br>\r\nSex: Male<br>\r\nDate of Birth: 02/01/1995<br><br>\r\n\r\nMembership Type: Annual Std<br>\r\nCard Holder: For You<br>\r\nCard Number: ************6354<br><br>\r\n\r\nSubscription Price: $95.00<br>\r\nDiscount Applied: $${discountAmount}<br>\r\nFinal Price: $95.00<br><br>\r\n\r\nTotal Amount Paid: $95.0<br><br>\r\n\r\nIf any of the above information is incorrect, please call to speak with a customer service agent at 888-925-4415 to update your account.<br><br>\r\n\r\nThank you from the Citi Bike Team!<br>\r\nOperated by Citi Bike Share.<br><br>\r\n\r\nContact us at<br>\r\nPhone:  1-855-BIKE-311<br>\r\nEmail:  customerservice@CitibikeNYC.com<br><br>\r\n\r\nCheck us out at Facebook.com/CitibikeNYC and Twitter.com/CitibikeNYC!<br>', 'Subscription Confirmation', '02/01/2013 10:51:50'),
	(141, 179, 'Hello TestD PBSC,\n\nWe are pleased to inform you that a key has been allocated to you. Here is your key # 9999001. \nPlease contact the NAESTA customer service department at 514-789-NAESTA (2494) or 1-877-820-2543 in case you have any issue.\n\nThank you.\n\nThe NAESTA customer service team\r\n', 'Key Allocation', '02/01/2013 11:00:37'),
	(142, 186, '<html><body>\r\nWelcome gaotest gaotest,<br><br>\r\n\r\nCongratulations!  Your Citi Bike membership has been successfully created. Thank you!<br><br>\r\n\r\nYour confirmation and User ID number is: 0000273<br><br>\r\n\r\nYour Citi Bike key will be shipped to the address listed below with 3-5 business days.  Your membership does not start until you have activated your key through your account online.  Activation instructions are provided in your new member packet, sent with your key.<br><br>\r\n\r\nPlease review your account information:<br><br>\r\n\r\nUser Name: gaotest<br>\r\nName: gaotest gaotest<br>\r\nAddress: 12 abc<br>\r\nnew York<br>\r\nNew York  12345 United States<br>\r\nE-Mail: abcd@abcd.com<br>\r\nPhone: 123-456-2345<br>\r\nPhone 2: <br>\r\nSex: Female<br>\r\nDate of Birth: 02/02/1978<br><br>\r\n\r\nMembership Type: Annual Std<br>\r\nCard Holder: jhgf<br>\r\nCard Number: ************6354<br><br>\r\n\r\nSubscription Price: $95.00<br>\r\nDiscount Applied: $${discountAmount}<br>\r\nFinal Price: $95.00<br><br>\r\n\r\nTotal Amount Paid: $95.0<br><br>\r\n\r\nIf any of the above information is incorrect, please call to speak with a customer service agent at 888-925-4415 to update your account.<br><br>\r\n\r\nThank you from the Citi Bike Team!<br>\r\nOperated by Citi Bike Share.<br><br>\r\n\r\nContact us at<br>\r\nPhone:  1-855-BIKE-311<br>\r\nEmail:  customerservice@CitibikeNYC.com<br><br>\r\n\r\nCheck us out at Facebook.com/CitibikeNYC and Twitter.com/CitibikeNYC!<br>', 'Subscription Confirmation', '02/02/2013 15:35:21'),
	(143, 190, '<html><body>\r\nWelcome gaotest gaotest,<br><br>\r\n\r\nCongratulations!  Your Citi Bike membership has been successfully created. Thank you!<br><br>\r\n\r\nYour confirmation and User ID number is: 0000277<br><br>\r\n\r\nYour Citi Bike key will be shipped to the address listed below with 3-5 business days.  Your membership does not start until you have activated your key through your account online.  Activation instructions are provided in your new member packet, sent with your key.<br><br>\r\n\r\nPlease review your account information:<br><br>\r\n\r\nUser Name: gaotest1<br>\r\nName: gaotest gaotest<br>\r\nAddress: 12 abc<br>\r\nnew York<br>\r\nNew York  12345 United States<br>\r\nE-Mail: abcd@abcd.com<br>\r\nPhone: 123-456-4567<br>\r\nPhone 2: <br>\r\nSex: Female<br>\r\nDate of Birth: 02/01/1995<br><br>\r\n\r\nMembership Type: Annual Std<br>\r\nCard Holder: For You<br>\r\nCard Number: ************6354<br><br>\r\n\r\nSubscription Price: $${subscriptionAmount}<br>\r\nDiscount Applied: $${discountAmount}<br>\r\nFinal Price: $0.00<br><br>\r\n\r\nTotal Amount Paid: $${totalAmount}<br><br>\r\n\r\nIf any of the above information is incorrect, please call to speak with a customer service agent at 888-925-4415 to update your account.<br><br>\r\n\r\nThank you from the Citi Bike Team!<br>\r\nOperated by Citi Bike Share.<br><br>\r\n\r\nContact us at<br>\r\nPhone:  1-855-BIKE-311<br>\r\nEmail:  customerservice@CitibikeNYC.com<br><br>\r\n\r\nCheck us out at Facebook.com/CitibikeNYC and Twitter.com/CitibikeNYC!<br>', 'Subscription Confirmation', '02/02/2013 16:03:34'),
	(144, 190, '<html><body>\r\nWelcome gaotest gaotest,<br><br>\r\n\r\nCongratulations!  Your Citi Bike membership has been successfully created. Thank you!<br><br>\r\n\r\nYour confirmation and User ID number is: 0000277<br><br>\r\n\r\nYour Citi Bike key will be shipped to the address listed below with 3-5 business days.  Your membership does not start until you have activated your key through your account online.  Activation instructions are provided in your new member packet, sent with your key.<br><br>\r\n\r\nPlease review your account information:<br><br>\r\n\r\nUser Name: gaotest1<br>\r\nName: gaotest gaotest<br>\r\nAddress: 12 abc<br>\r\nnew York<br>\r\nNew York  12345 United States<br>\r\nE-Mail: abcd@abcd.com<br>\r\nPhone: 123-456-4567<br>\r\nPhone 2: <br>\r\nSex: Female<br>\r\nDate of Birth: 02/01/1995<br><br>\r\n\r\nMembership Type: Annual Std<br>\r\nCard Holder: For You<br>\r\nCard Number: ************6354<br><br>\r\n\r\nSubscription Price: $${subscriptionAmount}<br>\r\nDiscount Applied: $${discountAmount}<br>\r\nFinal Price: $0.00<br><br>\r\n\r\nTotal Amount Paid: $${totalAmount}<br><br>\r\n\r\nIf any of the above information is incorrect, please call to speak with a customer service agent at 888-925-4415 to update your account.<br><br>\r\n\r\nThank you from the Citi Bike Team!<br>\r\nOperated by Citi Bike Share.<br><br>\r\n\r\nContact us at<br>\r\nPhone:  1-855-BIKE-311<br>\r\nEmail:  customerservice@CitibikeNYC.com<br><br>\r\n\r\nCheck us out at Facebook.com/CitibikeNYC and Twitter.com/CitibikeNYC!<br>', 'Resend:Subscription Confirmation', '03/21/2013 16:22:04'),
	(145, 190, '<html><body>\r\nWelcome gaotest gaotest,<br><br>\r\n\r\nCongratulations!  Your Citi Bike membership has been successfully created. Thank you!<br><br>\r\n\r\nYour confirmation and User ID number is: 0000277<br><br>\r\n\r\nYour Citi Bike key will be shipped to the address listed below with 3-5 business days.  Your membership does not start until you have activated your key through your account online.  Activation instructions are provided in your new member packet, sent with your key.<br><br>\r\n\r\nPlease review your account information:<br><br>\r\n\r\nUser Name: gaotest1<br>\r\nName: gaotest gaotest<br>\r\nAddress: 12 abc<br>\r\nnew York<br>\r\nNew York  12345 United States<br>\r\nE-Mail: abcd@abcd.com<br>\r\nPhone: 123-456-4567<br>\r\nPhone 2: <br>\r\nSex: Female<br>\r\nDate of Birth: 02/01/1995<br><br>\r\n\r\nMembership Type: Annual Std<br>\r\nCard Holder: For You<br>\r\nCard Number: ************6354<br><br>\r\n\r\nSubscription Price: $${subscriptionAmount}<br>\r\nDiscount Applied: $${discountAmount}<br>\r\nFinal Price: $0.00<br><br>\r\n\r\nTotal Amount Paid: $${totalAmount}<br><br>\r\n\r\nIf any of the above information is incorrect, please call to speak with a customer service agent at 888-925-4415 to update your account.<br><br>\r\n\r\nThank you from the Citi Bike Team!<br>\r\nOperated by Citi Bike Share.<br><br>\r\n\r\nContact us at<br>\r\nPhone:  1-855-BIKE-311<br>\r\nEmail:  customerservice@CitibikeNYC.com<br><br>\r\n\r\nCheck us out at Facebook.com/CitibikeNYC and Twitter.com/CitibikeNYC!<br>', 'Resend:Subscription Confirmation', '03/21/2013 16:23:40'),
	(146, 190, '<html><body>\r\nWelcome gaotest gaotest,<br><br>\r\n\r\nCongratulations!  Your Citi Bike membership has been successfully created. Thank you!<br><br>\r\n\r\nYour confirmation and User ID number is: 0000277<br><br>\r\n\r\nYour Citi Bike key will be shipped to the address listed below with 3-5 business days.  Your membership does not start until you have activated your key through your account online.  Activation instructions are provided in your new member packet, sent with your key.<br><br>\r\n\r\nPlease review your account information:<br><br>\r\n\r\nUser Name: gaotest1<br>\r\nName: gaotest gaotest<br>\r\nAddress: 12 abc<br>\r\nnew York<br>\r\nNew York  12345 United States<br>\r\nE-Mail: abcd@abcd.com<br>\r\nPhone: 123-456-4567<br>\r\nPhone 2: <br>\r\nSex: Female<br>\r\nDate of Birth: 02/01/1995<br><br>\r\n\r\nMembership Type: Annual Std<br>\r\nCard Holder: For You<br>\r\nCard Number: ************6354<br><br>\r\n\r\nSubscription Price: $${subscriptionAmount}<br>\r\nDiscount Applied: $${discountAmount}<br>\r\nFinal Price: $0.00<br><br>\r\n\r\nTotal Amount Paid: $${totalAmount}<br><br>\r\n\r\nIf any of the above information is incorrect, please call to speak with a customer service agent at 888-925-4415 to update your account.<br><br>\r\n\r\nThank you from the Citi Bike Team!<br>\r\nOperated by Citi Bike Share.<br><br>\r\n\r\nContact us at<br>\r\nPhone:  1-855-BIKE-311<br>\r\nEmail:  customerservice@CitibikeNYC.com<br><br>\r\n\r\nCheck us out at Facebook.com/CitibikeNYC and Twitter.com/CitibikeNYC!<br>', 'Resend:Subscription Confirmation', '03/22/2013 15:45:44'),
	(147, 190, '<html><body>\r\nWelcome gaotest gaotest,<br><br>\r\n\r\nCongratulations!  Your Citi Bike membership has been successfully created. Thank you!<br><br>\r\n\r\nYour confirmation and User ID number is: 0000277<br><br>\r\n\r\nYour Citi Bike key will be shipped to the address listed below with 3-5 business days.  Your membership does not start until you have activated your key through your account online.  Activation instructions are provided in your new member packet, sent with your key.<br><br>\r\n\r\nPlease review your account information:<br><br>\r\n\r\nUser Name: gaotest1<br>\r\nName: gaotest gaotest<br>\r\nAddress: 12 abc<br>\r\nnew York<br>\r\nNew York  12345 United States<br>\r\nE-Mail: abcd@abcd.com<br>\r\nPhone: 123-456-4567<br>\r\nPhone 2: <br>\r\nSex: Female<br>\r\nDate of Birth: 02/01/1995<br><br>\r\n\r\nMembership Type: Annual Std<br>\r\nCard Holder: For You<br>\r\nCard Number: ************6354<br><br>\r\n\r\nSubscription Price: $${subscriptionAmount}<br>\r\nDiscount Applied: $${discountAmount}<br>\r\nFinal Price: $0.00<br><br>\r\n\r\nTotal Amount Paid: $${totalAmount}<br><br>\r\n\r\nIf any of the above information is incorrect, please call to speak with a customer service agent at 888-925-4415 to update your account.<br><br>\r\n\r\nThank you from the Citi Bike Team!<br>\r\nOperated by Citi Bike Share.<br><br>\r\n\r\nContact us at<br>\r\nPhone:  1-855-BIKE-311<br>\r\nEmail:  customerservice@CitibikeNYC.com<br><br>\r\n\r\nCheck us out at Facebook.com/CitibikeNYC and Twitter.com/CitibikeNYC!<br>', 'Resend:Subscription Confirmation', '03/22/2013 15:57:32');
/*!40000 ALTER TABLE `customer_message` ENABLE KEYS */;


-- Dumping structure for table naesta_cleanup.dockingpoint
DROP TABLE IF EXISTS `dockingpoint`;
CREATE TABLE IF NOT EXISTS `dockingpoint` (
  `id` int(11) NOT NULL AUTO_INCREMENT,
  `stationid` int(10) DEFAULT NULL,
  `uaid` varchar(15) DEFAULT NULL,
  `previousstation` int(10) DEFAULT NULL,
  `statusBDT` int(2) DEFAULT NULL,
  `msnbc` varchar(100) DEFAULT NULL,
  `msnemb` varchar(100) DEFAULT NULL,
  `obcn` varchar(100) DEFAULT NULL,
  `registeredOn` datetime DEFAULT NULL,
  `kskid` int(10) DEFAULT NULL,
  `onKSKBus` int(2) DEFAULT NULL,
  `atBusPosition` int(2) DEFAULT NULL,
  `statusBDPConnection` int(1) DEFAULT NULL,
  `lastactivity` datetime DEFAULT NULL,
  `istoservice` int(2) DEFAULT NULL,
  `defectiveBKPressed` int(2) DEFAULT NULL,
  `holdDefectiveBK` int(1) DEFAULT NULL,
  `isDeleted` int(1) DEFAULT '0',
  `isLocked` int(1) DEFAULT '0',
  `isReboot` int(1) DEFAULT '0',
  PRIMARY KEY (`id`),
  UNIQUE KEY `uaid` (`uaid`),
  UNIQUE KEY `msnbc_UNIQUE` (`msnbc`),
  UNIQUE KEY `uaid_2` (`uaid`),
  UNIQUE KEY `msnemb` (`msnemb`),
  KEY `stationdockingpointid` (`stationid`),
  KEY `prviousstationdockingpointid` (`stationid`),
  KEY `FKDF99A21764F2CDD` (`id`),
  KEY `FKDF99A215C499BE3` (`previousstation`),
  CONSTRAINT `FKDF99A215C499BE3` FOREIGN KEY (`previousstation`) REFERENCES `station` (`id`),
  CONSTRAINT `prviousstationdockingpointid` FOREIGN KEY (`stationid`) REFERENCES `station` (`id`) ON DELETE NO ACTION ON UPDATE NO ACTION,
  CONSTRAINT `stationdockingpointid` FOREIGN KEY (`stationid`) REFERENCES `station` (`id`) ON DELETE CASCADE ON UPDATE CASCADE
) ENGINE=InnoDB AUTO_INCREMENT=24327 DEFAULT CHARSET=latin1;

-- Dumping data for table naesta_cleanup.dockingpoint: ~3 rows (approximately)
DELETE FROM `dockingpoint`;
/*!40000 ALTER TABLE `dockingpoint` DISABLE KEYS */;
INSERT INTO `dockingpoint` (`id`, `stationid`, `uaid`, `previousstation`, `statusBDT`, `msnbc`, `msnemb`, `obcn`, `registeredOn`, `kskid`, `onKSKBus`, `atBusPosition`, `statusBDPConnection`, `lastactivity`, `istoservice`, `defectiveBKPressed`, `holdDefectiveBK`, `isDeleted`, `isLocked`, `isReboot`) VALUES
	(24324, NULL, 'U10', NULL, 1, '3301124802021548', '3301124802021548', NULL, '2013-03-12 18:32:56', NULL, NULL, NULL, 0, NULL, NULL, NULL, NULL, 0, 0, 0),
	(24325, NULL, 'U12', NULL, 1, '3301123402007396', '3301123402007396', NULL, '2013-03-12 18:32:56', NULL, NULL, NULL, 0, NULL, NULL, 0, 0, 0, 0, 0),
	(24326, 1396, 'U14', NULL, 1, '3301124602020048', '3301124602020048', NULL, '2013-03-13 09:23:36', 320, NULL, NULL, 0, NULL, NULL, NULL, NULL, 0, 0, 0);
/*!40000 ALTER TABLE `dockingpoint` ENABLE KEYS */;


-- Dumping structure for table naesta_cleanup.event_master
DROP TABLE IF EXISTS `event_master`;
CREATE TABLE IF NOT EXISTS `event_master` (
  `id` int(10) NOT NULL AUTO_INCREMENT,
  `event_id` int(10) NOT NULL,
  `category` varchar(45) NOT NULL,
  `resource` varchar(45) DEFAULT NULL,
  `description` text,
  `event_source` varchar(10) DEFAULT NULL,
  PRIMARY KEY (`id`)
) ENGINE=InnoDB AUTO_INCREMENT=48 DEFAULT CHARSET=latin1;

-- Dumping data for table naesta_cleanup.event_master: ~47 rows (approximately)
DELETE FROM `event_master`;
/*!40000 ALTER TABLE `event_master` DISABLE KEYS */;
INSERT INTO `event_master` (`id`, `event_id`, `category`, `resource`, `description`, `event_source`) VALUES
	(1, 1, 'Bike', 'Tes Bike', 'Test Bike Events', NULL),
	(2, 2, 'Kiosk', 'Kiosk ', 'Testing Kiosk Event.', NULL),
	(3, 101, 'Trip', '', 'Trip Initiated', NULL),
	(4, 102, 'Bike', '', 'Time Credit Requested', NULL),
	(5, 103, 'Trip', '', 'Trip Terminated', NULL),
	(6, 104, 'Kiosk', NULL, 'KSK - Tech Mode Initiated', NULL),
	(7, 105, 'Kiosk', NULL, 'KSK - Key Inserted', NULL),
	(8, 106, 'System', NULL, 'STX - Hard Reboot', NULL),
	(9, 107, 'System', NULL, 'STX - Firmware Update', NULL),
	(10, 108, 'System', NULL, 'STX - Firmware Update', NULL),
	(11, 109, 'System', NULL, 'Sub-system not responding ', NULL),
	(12, 110, 'Kiosk', NULL, 'KSK -  Door Open ', NULL),
	(13, 111, 'Bike', NULL, 'BK RELeased by End User ', NULL),
	(14, 112, 'Bike', NULL, 'BK RETurned by End User ', NULL),
	(15, 113, 'Bike', NULL, 'BK RELeased by Technician ', NULL),
	(16, 114, 'Bike', NULL, 'BK RETurned by Technician ', NULL),
	(17, 115, 'Card', NULL, 'validate credit card Web service called', 'GSM'),
	(18, 116, 'System', NULL, 'Get Available Plan Web service called', 'GSM'),
	(19, 117, 'System', NULL, 'Subscribe Plan Web service called', 'GSM'),
	(20, 118, 'Bike', NULL, 'Rent Bike Web service called', 'GSM'),
	(21, 119, 'Bike', NULL, 'Return Bike Web service called', 'GSM'),
	(22, 120, 'Station', NULL, 'Near By Station Web service called', 'GSM'),
	(23, 121, 'System', NULL, 'Time Credit Web service called', 'GSM'),
	(24, 122, 'System', NULL, 'White List Web service called', 'GSM'),
	(25, 123, 'System', NULL, 'Get server Time Web service called', 'GSM'),
	(26, 124, 'Bike', NULL, 'Lock Bike Web service called', 'GSM'),
	(27, 125, 'System', NULL, 'Validate Gift Certificate Web service called', 'GSM'),
	(28, 126, 'station', NULL, 'Get Station Info Web service called', 'GSM'),
	(29, 127, 'System', NULL, 'Heart Beat Update Web service called', 'GSM'),
	(30, 128, 'System', NULL, 'Firmware Upgrade Info Web service called', 'GSM'),
	(31, 129, 'System', NULL, 'Firmware Deployment Web service called', 'GSM'),
	(32, 130, 'System', NULL, 'Firmware Download Web service called', 'GSM'),
	(33, 131, 'System', NULL, 'Rental Recipt Web service called', 'GSM'),
	(34, 132, 'system', NULL, 'Transaction Summary', 'GSM'),
	(35, 133, 'Key', NULL, 'Key validate Web service called', 'GSM'),
	(36, 134, 'Bike', NULL, 'More Bike Required Web service called', 'GSM'),
	(37, 135, 'Bike', NULL, 'Bike missing web service', 'GSM'),
	(38, 136, 'Kiosk', NULL, 'Kiosk configuration web service', 'GSM'),
	(39, 137, 'Kiosk', NULL, 'Scu Docking point association web service called.', 'GSM'),
	(40, 138, 'Kiosk', NULL, 'Upload kiosk Logs web service called.', 'GSM'),
	(41, 139, 'Bike', NULL, 'Return Bike Web service called for Bike update', 'GSM'),
	(42, 140, 'Bike', NULL, 'Abnormal Bike Return', NULL),
	(43, 150, 'Station', NULL, 'Station Near Full Event', NULL),
	(44, 152, 'Station', NULL, 'Station Near Empty Event', NULL),
	(45, 153, 'Key', NULL, 'Subscriber Rental Status WS Called.', NULL),
	(46, 154, 'Bike', NULL, 'Faulty Bike Event Capatured', NULL),
	(47, 155, 'Trip', NULL, 'Force Trip Termination Event Capatured', NULL);
/*!40000 ALTER TABLE `event_master` ENABLE KEYS */;


-- Dumping structure for table naesta_cleanup.event_transaction
DROP TABLE IF EXISTS `event_transaction`;
CREATE TABLE IF NOT EXISTS `event_transaction` (
  `id` int(10) NOT NULL AUTO_INCREMENT,
  `eventId` int(10) NOT NULL,
  `eventdispalyId` varchar(15) DEFAULT NULL,
  `eventcreationdt` timestamp NOT NULL DEFAULT CURRENT_TIMESTAMP,
  `receptiondt` timestamp NOT NULL DEFAULT '0000-00-00 00:00:00',
  `station` int(10) DEFAULT NULL,
  `kiosk` int(10) DEFAULT NULL,
  `bike` int(10) DEFAULT NULL,
  `dock` int(10) DEFAULT NULL,
  `keyinventory` int(10) DEFAULT NULL,
  `customer` int(10) DEFAULT NULL,
  `user` int(10) DEFAULT NULL,
  `event_value` varchar(255) DEFAULT NULL,
  `eventclosedt` timestamp NULL DEFAULT '0000-00-00 00:00:00',
  PRIMARY KEY (`id`),
  KEY `BIKE_IDX` (`bike`),
  KEY `CUSTOMER_IDX` (`customer`),
  KEY `RCPDT_DOCK_IDX` (`receptiondt`,`dock`),
  KEY `stationid_INDEX` (`station`),
  KEY `USER_IDX` (`user`),
  KEY `UAID_IDX` (`eventdispalyId`)
) ENGINE=InnoDB AUTO_INCREMENT=134927 DEFAULT CHARSET=latin1;

-- Dumping data for table naesta_cleanup.event_transaction: ~155 rows (approximately)
DELETE FROM `event_transaction`;
/*!40000 ALTER TABLE `event_transaction` DISABLE KEYS */;
INSERT INTO `event_transaction` (`id`, `eventId`, `eventdispalyId`, `eventcreationdt`, `receptiondt`, `station`, `kiosk`, `bike`, `dock`, `keyinventory`, `customer`, `user`, `event_value`, `eventclosedt`) VALUES
	(134772, 29, NULL, '2013-03-12 18:25:09', '2013-03-12 18:25:09', 1396, 320, NULL, NULL, NULL, NULL, NULL, 'Success', '0000-00-00 00:00:00'),
	(134773, 28, NULL, '2013-03-12 18:27:11', '2013-03-12 18:27:11', 1396, 320, NULL, NULL, NULL, NULL, NULL, 'Success', '0000-00-00 00:00:00'),
	(134774, 18, NULL, '2013-03-12 18:27:11', '2013-03-12 18:27:11', 1396, 320, NULL, NULL, NULL, NULL, NULL, 'Success', '0000-00-00 00:00:00'),
	(134775, 38, NULL, '2013-03-12 18:27:11', '2013-03-12 18:27:11', 1396, 320, NULL, NULL, NULL, NULL, NULL, 'Success', '0000-00-00 00:00:00'),
	(134776, 29, NULL, '2013-03-12 18:27:32', '2013-03-12 18:27:32', 1396, 320, NULL, NULL, NULL, NULL, NULL, 'Success', '0000-00-00 00:00:00'),
	(134777, 29, NULL, '2013-03-12 18:30:01', '2013-03-12 18:30:01', 1396, 320, NULL, NULL, NULL, NULL, NULL, 'Success', '0000-00-00 00:00:00'),
	(134778, 29, NULL, '2013-03-12 18:30:54', '2013-03-12 18:30:54', 1396, 320, NULL, NULL, NULL, NULL, NULL, 'Success', '0000-00-00 00:00:00'),
	(134779, 28, NULL, '2013-03-12 18:32:45', '2013-03-12 18:32:45', 1396, 320, NULL, NULL, NULL, NULL, NULL, 'Success', '0000-00-00 00:00:00'),
	(134780, 18, NULL, '2013-03-12 18:32:45', '2013-03-12 18:32:45', 1396, 320, NULL, NULL, NULL, NULL, NULL, 'Success', '0000-00-00 00:00:00'),
	(134781, 38, NULL, '2013-03-12 18:32:45', '2013-03-12 18:32:45', 1396, 320, NULL, NULL, NULL, NULL, NULL, 'Success', '0000-00-00 00:00:00'),
	(134782, 39, NULL, '2013-03-12 18:32:56', '2013-03-12 18:32:56', 1396, 320, NULL, NULL, NULL, NULL, NULL, 'Success', '0000-00-00 00:00:00'),
	(134783, 29, NULL, '2013-03-12 18:33:06', '2013-03-12 18:33:06', 1396, 320, NULL, NULL, NULL, NULL, NULL, 'Success', '0000-00-00 00:00:00'),
	(134784, 29, NULL, '2013-03-12 18:40:01', '2013-03-12 18:40:01', 1396, 320, NULL, NULL, NULL, NULL, NULL, 'Success', '0000-00-00 00:00:00'),
	(134785, 29, NULL, '2013-03-12 18:50:01', '2013-03-12 18:50:01', 1396, 320, NULL, NULL, NULL, NULL, NULL, 'Success', '0000-00-00 00:00:00'),
	(134786, 29, NULL, '2013-03-12 19:00:02', '2013-03-12 19:00:02', 1396, 320, NULL, NULL, NULL, NULL, NULL, 'Success', '0000-00-00 00:00:00'),
	(134787, 29, NULL, '2013-03-12 19:10:01', '2013-03-12 19:10:01', 1396, 320, NULL, NULL, NULL, NULL, NULL, 'Success', '0000-00-00 00:00:00'),
	(134788, 29, NULL, '2013-03-12 19:20:01', '2013-03-12 19:20:01', 1396, 320, NULL, NULL, NULL, NULL, NULL, 'Success', '0000-00-00 00:00:00'),
	(134789, 29, NULL, '2013-03-12 19:30:01', '2013-03-12 19:30:01', 1396, 320, NULL, NULL, NULL, NULL, NULL, 'Success', '0000-00-00 00:00:00'),
	(134790, 29, NULL, '2013-03-12 19:40:00', '2013-03-12 19:40:00', 1396, 320, NULL, NULL, NULL, NULL, NULL, 'Success', '0000-00-00 00:00:00'),
	(134791, 29, NULL, '2013-03-12 19:50:01', '2013-03-12 19:50:01', 1396, 320, NULL, NULL, NULL, NULL, NULL, 'Success', '0000-00-00 00:00:00'),
	(134792, 29, NULL, '2013-03-12 20:00:01', '2013-03-12 20:00:01', 1396, 320, NULL, NULL, NULL, NULL, NULL, 'Success', '0000-00-00 00:00:00'),
	(134793, 29, NULL, '2013-03-12 20:10:01', '2013-03-12 20:10:01', 1396, 320, NULL, NULL, NULL, NULL, NULL, 'Success', '0000-00-00 00:00:00'),
	(134794, 29, NULL, '2013-03-12 20:20:01', '2013-03-12 20:20:01', 1396, 320, NULL, NULL, NULL, NULL, NULL, 'Success', '0000-00-00 00:00:00'),
	(134795, 29, NULL, '2013-03-12 20:22:23', '2013-03-12 20:22:23', 1418, 340, NULL, NULL, NULL, NULL, NULL, 'Unsuccess', '0000-00-00 00:00:00'),
	(134796, 29, NULL, '2013-03-12 20:23:12', '2013-03-12 20:23:12', 1418, 340, NULL, NULL, NULL, NULL, NULL, 'Unsuccess', '0000-00-00 00:00:00'),
	(134797, 29, NULL, '2013-03-12 20:24:25', '2013-03-12 20:24:25', 1418, 340, NULL, NULL, NULL, NULL, NULL, 'Unsuccess', '0000-00-00 00:00:00'),
	(134798, 29, NULL, '2013-03-12 20:30:00', '2013-03-12 20:30:00', 1396, 320, NULL, NULL, NULL, NULL, NULL, 'Success', '0000-00-00 00:00:00'),
	(134799, 29, NULL, '2013-03-12 20:40:00', '2013-03-12 20:40:00', 1396, 320, NULL, NULL, NULL, NULL, NULL, 'Success', '0000-00-00 00:00:00'),
	(134800, 29, NULL, '2013-03-12 20:50:01', '2013-03-12 20:50:01', 1396, 320, NULL, NULL, NULL, NULL, NULL, 'Success', '0000-00-00 00:00:00'),
	(134801, 29, NULL, '2013-03-12 21:00:01', '2013-03-12 21:00:01', 1396, 320, NULL, NULL, NULL, NULL, NULL, 'Success', '0000-00-00 00:00:00'),
	(134802, 29, NULL, '2013-03-12 21:10:01', '2013-03-12 21:10:01', 1396, 320, NULL, NULL, NULL, NULL, NULL, 'Success', '0000-00-00 00:00:00'),
	(134803, 29, NULL, '2013-03-12 21:20:01', '2013-03-12 21:20:01', 1396, 320, NULL, NULL, NULL, NULL, NULL, 'Success', '0000-00-00 00:00:00'),
	(134804, 29, NULL, '2013-03-12 21:30:00', '2013-03-12 21:30:00', 1396, 320, NULL, NULL, NULL, NULL, NULL, 'Success', '0000-00-00 00:00:00'),
	(134805, 29, NULL, '2013-03-12 21:40:01', '2013-03-12 21:40:01', 1396, 320, NULL, NULL, NULL, NULL, NULL, 'Success', '0000-00-00 00:00:00'),
	(134806, 29, NULL, '2013-03-12 21:50:01', '2013-03-12 21:50:01', 1396, 320, NULL, NULL, NULL, NULL, NULL, 'Success', '0000-00-00 00:00:00'),
	(134807, 29, NULL, '2013-03-12 21:52:29', '2013-03-12 21:52:29', 1418, 340, NULL, NULL, NULL, NULL, NULL, 'Unsuccess', '0000-00-00 00:00:00'),
	(134808, 29, NULL, '2013-03-12 21:52:55', '2013-03-12 21:52:55', 1418, 340, NULL, NULL, NULL, NULL, NULL, 'Unsuccess', '0000-00-00 00:00:00'),
	(134809, 29, NULL, '2013-03-12 21:53:21', '2013-03-12 21:53:21', 1418, 340, NULL, NULL, NULL, NULL, NULL, 'Unsuccess', '0000-00-00 00:00:00'),
	(134810, 29, NULL, '2013-03-12 21:54:24', '2013-03-12 21:54:24', 1418, 340, NULL, NULL, NULL, NULL, NULL, 'Unsuccess', '0000-00-00 00:00:00'),
	(134811, 29, NULL, '2013-03-12 22:00:01', '2013-03-12 22:00:01', 1396, 320, NULL, NULL, NULL, NULL, NULL, 'Success', '0000-00-00 00:00:00'),
	(134812, 29, NULL, '2013-03-12 22:10:00', '2013-03-12 22:10:00', 1396, 320, NULL, NULL, NULL, NULL, NULL, 'Success', '0000-00-00 00:00:00'),
	(134813, 29, NULL, '2013-03-12 22:20:00', '2013-03-12 22:20:00', 1396, 320, NULL, NULL, NULL, NULL, NULL, 'Success', '0000-00-00 00:00:00'),
	(134814, 29, NULL, '2013-03-12 22:30:00', '2013-03-12 22:30:00', 1396, 320, NULL, NULL, NULL, NULL, NULL, 'Success', '0000-00-00 00:00:00'),
	(134815, 29, NULL, '2013-03-12 22:40:01', '2013-03-12 22:40:01', 1396, 320, NULL, NULL, NULL, NULL, NULL, 'Success', '0000-00-00 00:00:00'),
	(134816, 29, NULL, '2013-03-12 22:50:01', '2013-03-12 22:50:01', 1396, 320, NULL, NULL, NULL, NULL, NULL, 'Success', '0000-00-00 00:00:00'),
	(134817, 29, NULL, '2013-03-12 23:00:00', '2013-03-12 23:00:00', 1396, 320, NULL, NULL, NULL, NULL, NULL, 'Success', '0000-00-00 00:00:00'),
	(134818, 29, NULL, '2013-03-12 23:10:00', '2013-03-12 23:10:00', 1396, 320, NULL, NULL, NULL, NULL, NULL, 'Success', '0000-00-00 00:00:00'),
	(134819, 29, NULL, '2013-03-12 23:20:00', '2013-03-12 23:20:00', 1396, 320, NULL, NULL, NULL, NULL, NULL, 'Success', '0000-00-00 00:00:00'),
	(134820, 29, NULL, '2013-03-12 23:30:00', '2013-03-12 23:30:00', 1396, 320, NULL, NULL, NULL, NULL, NULL, 'Success', '0000-00-00 00:00:00'),
	(134821, 29, NULL, '2013-03-12 23:40:01', '2013-03-12 23:40:01', 1396, 320, NULL, NULL, NULL, NULL, NULL, 'Success', '0000-00-00 00:00:00'),
	(134822, 29, NULL, '2013-03-12 23:50:00', '2013-03-12 23:50:00', 1396, 320, NULL, NULL, NULL, NULL, NULL, 'Success', '0000-00-00 00:00:00'),
	(134823, 29, NULL, '2013-03-13 00:00:00', '2013-03-13 00:00:00', 1396, 320, NULL, NULL, NULL, NULL, NULL, 'Success', '0000-00-00 00:00:00'),
	(134824, 29, NULL, '2013-03-13 00:10:00', '2013-03-13 00:10:00', 1396, 320, NULL, NULL, NULL, NULL, NULL, 'Success', '0000-00-00 00:00:00'),
	(134825, 29, NULL, '2013-03-13 00:20:00', '2013-03-13 00:20:00', 1396, 320, NULL, NULL, NULL, NULL, NULL, 'Success', '0000-00-00 00:00:00'),
	(134826, 29, NULL, '2013-03-13 00:30:00', '2013-03-13 00:30:00', 1396, 320, NULL, NULL, NULL, NULL, NULL, 'Success', '0000-00-00 00:00:00'),
	(134827, 29, NULL, '2013-03-13 00:40:00', '2013-03-13 00:40:00', 1396, 320, NULL, NULL, NULL, NULL, NULL, 'Success', '0000-00-00 00:00:00'),
	(134828, 29, NULL, '2013-03-13 00:50:00', '2013-03-13 00:50:00', 1396, 320, NULL, NULL, NULL, NULL, NULL, 'Success', '0000-00-00 00:00:00'),
	(134829, 29, NULL, '2013-03-13 01:00:00', '2013-03-13 01:00:00', 1396, 320, NULL, NULL, NULL, NULL, NULL, 'Success', '0000-00-00 00:00:00'),
	(134830, 29, NULL, '2013-03-13 01:10:00', '2013-03-13 01:10:00', 1396, 320, NULL, NULL, NULL, NULL, NULL, 'Success', '0000-00-00 00:00:00'),
	(134831, 29, NULL, '2013-03-13 01:20:00', '2013-03-13 01:20:00', 1396, 320, NULL, NULL, NULL, NULL, NULL, 'Success', '0000-00-00 00:00:00'),
	(134832, 29, NULL, '2013-03-13 01:30:00', '2013-03-13 01:30:00', 1396, 320, NULL, NULL, NULL, NULL, NULL, 'Success', '0000-00-00 00:00:00'),
	(134833, 29, NULL, '2013-03-13 01:40:00', '2013-03-13 01:40:00', 1396, 320, NULL, NULL, NULL, NULL, NULL, 'Success', '0000-00-00 00:00:00'),
	(134834, 29, NULL, '2013-03-13 01:50:00', '2013-03-13 01:50:00', 1396, 320, NULL, NULL, NULL, NULL, NULL, 'Success', '0000-00-00 00:00:00'),
	(134835, 29, NULL, '2013-03-13 02:00:00', '2013-03-13 02:00:00', 1396, 320, NULL, NULL, NULL, NULL, NULL, 'Success', '0000-00-00 00:00:00'),
	(134836, 29, NULL, '2013-03-13 02:10:00', '2013-03-13 02:10:00', 1396, 320, NULL, NULL, NULL, NULL, NULL, 'Success', '0000-00-00 00:00:00'),
	(134837, 29, NULL, '2013-03-13 02:19:59', '2013-03-13 02:19:59', 1396, 320, NULL, NULL, NULL, NULL, NULL, 'Success', '0000-00-00 00:00:00'),
	(134838, 29, NULL, '2013-03-13 02:29:59', '2013-03-13 02:29:59', 1396, 320, NULL, NULL, NULL, NULL, NULL, 'Success', '0000-00-00 00:00:00'),
	(134839, 40, NULL, '2013-03-13 02:32:58', '2013-03-13 02:32:58', 1396, 320, NULL, NULL, NULL, NULL, NULL, 'Success', '0000-00-00 00:00:00'),
	(134840, 40, NULL, '2013-03-13 02:33:02', '2013-03-13 02:33:02', 1396, 320, NULL, NULL, NULL, NULL, NULL, 'Success', '0000-00-00 00:00:00'),
	(134841, 40, NULL, '2013-03-13 02:33:03', '2013-03-13 02:33:03', 1396, 320, NULL, NULL, NULL, NULL, NULL, 'Success', '0000-00-00 00:00:00'),
	(134842, 40, NULL, '2013-03-13 02:33:05', '2013-03-13 02:33:05', 1396, 320, NULL, NULL, NULL, NULL, NULL, 'Success', '0000-00-00 00:00:00'),
	(134843, 40, NULL, '2013-03-13 02:33:06', '2013-03-13 02:33:06', 1396, 320, NULL, NULL, NULL, NULL, NULL, 'Success', '0000-00-00 00:00:00'),
	(134844, 29, NULL, '2013-03-13 02:40:00', '2013-03-13 02:40:00', 1396, 320, NULL, NULL, NULL, NULL, NULL, 'Success', '0000-00-00 00:00:00'),
	(134845, 29, NULL, '2013-03-13 02:50:00', '2013-03-13 02:50:00', 1396, 320, NULL, NULL, NULL, NULL, NULL, 'Success', '0000-00-00 00:00:00'),
	(134846, 29, NULL, '2013-03-13 03:00:00', '2013-03-13 03:00:00', 1396, 320, NULL, NULL, NULL, NULL, NULL, 'Success', '0000-00-00 00:00:00'),
	(134847, 29, NULL, '2013-03-13 03:10:00', '2013-03-13 03:10:00', 1396, 320, NULL, NULL, NULL, NULL, NULL, 'Success', '0000-00-00 00:00:00'),
	(134848, 29, NULL, '2013-03-13 03:19:59', '2013-03-13 03:19:59', 1396, 320, NULL, NULL, NULL, NULL, NULL, 'Success', '0000-00-00 00:00:00'),
	(134849, 29, NULL, '2013-03-13 03:29:59', '2013-03-13 03:29:59', 1396, 320, NULL, NULL, NULL, NULL, NULL, 'Success', '0000-00-00 00:00:00'),
	(134850, 29, NULL, '2013-03-13 03:40:00', '2013-03-13 03:40:00', 1396, 320, NULL, NULL, NULL, NULL, NULL, 'Success', '0000-00-00 00:00:00'),
	(134851, 29, NULL, '2013-03-13 03:50:00', '2013-03-13 03:50:00', 1396, 320, NULL, NULL, NULL, NULL, NULL, 'Success', '0000-00-00 00:00:00'),
	(134852, 29, NULL, '2013-03-13 04:00:00', '2013-03-13 04:00:00', 1396, 320, NULL, NULL, NULL, NULL, NULL, 'Success', '0000-00-00 00:00:00'),
	(134853, 29, NULL, '2013-03-13 04:10:03', '2013-03-13 04:10:03', 1396, 320, NULL, NULL, NULL, NULL, NULL, 'Success', '0000-00-00 00:00:00'),
	(134854, 29, NULL, '2013-03-13 04:20:03', '2013-03-13 04:20:03', 1396, 320, NULL, NULL, NULL, NULL, NULL, 'Success', '0000-00-00 00:00:00'),
	(134855, 29, NULL, '2013-03-13 04:30:03', '2013-03-13 04:30:03', 1396, 320, NULL, NULL, NULL, NULL, NULL, 'Success', '0000-00-00 00:00:00'),
	(134856, 29, NULL, '2013-03-13 04:40:04', '2013-03-13 04:40:04', 1396, 320, NULL, NULL, NULL, NULL, NULL, 'Success', '0000-00-00 00:00:00'),
	(134857, 38, NULL, '2013-03-13 04:50:00', '2013-03-13 04:50:00', 1396, 320, NULL, NULL, NULL, NULL, NULL, 'Success', '0000-00-00 00:00:00'),
	(134858, 29, NULL, '2013-03-13 04:50:04', '2013-03-13 04:50:04', 1396, 320, NULL, NULL, NULL, NULL, NULL, 'Success', '0000-00-00 00:00:00'),
	(134859, 29, NULL, '2013-03-13 05:00:04', '2013-03-13 05:00:04', 1396, 320, NULL, NULL, NULL, NULL, NULL, 'Success', '0000-00-00 00:00:00'),
	(134860, 29, NULL, '2013-03-13 05:10:03', '2013-03-13 05:10:03', 1396, 320, NULL, NULL, NULL, NULL, NULL, 'Success', '0000-00-00 00:00:00'),
	(134861, 39, NULL, '2013-03-13 05:20:01', '2013-03-13 05:20:01', 1396, 320, NULL, NULL, NULL, NULL, NULL, 'Success', '0000-00-00 00:00:00'),
	(134862, 29, NULL, '2013-03-13 05:20:03', '2013-03-13 05:20:03', 1396, 320, NULL, NULL, NULL, NULL, NULL, 'Success', '0000-00-00 00:00:00'),
	(134863, 29, NULL, '2013-03-13 05:20:06', '2013-03-13 05:20:06', 1396, 320, NULL, NULL, NULL, NULL, NULL, 'Success', '0000-00-00 00:00:00'),
	(134864, 29, NULL, '2013-03-13 05:30:03', '2013-03-13 05:30:03', 1396, 320, NULL, NULL, NULL, NULL, NULL, 'Success', '0000-00-00 00:00:00'),
	(134865, 29, NULL, '2013-03-13 05:40:03', '2013-03-13 05:40:03', 1396, 320, NULL, NULL, NULL, NULL, NULL, 'Success', '0000-00-00 00:00:00'),
	(134866, 29, NULL, '2013-03-13 05:50:04', '2013-03-13 05:50:04', 1396, 320, NULL, NULL, NULL, NULL, NULL, 'Success', '0000-00-00 00:00:00'),
	(134867, 29, NULL, '2013-03-13 06:00:03', '2013-03-13 06:00:03', 1396, 320, NULL, NULL, NULL, NULL, NULL, 'Success', '0000-00-00 00:00:00'),
	(134868, 29, NULL, '2013-03-13 06:10:03', '2013-03-13 06:10:03', 1396, 320, NULL, NULL, NULL, NULL, NULL, 'Success', '0000-00-00 00:00:00'),
	(134869, 29, NULL, '2013-03-13 06:20:03', '2013-03-13 06:20:03', 1396, 320, NULL, NULL, NULL, NULL, NULL, 'Success', '0000-00-00 00:00:00'),
	(134870, 29, NULL, '2013-03-13 06:30:03', '2013-03-13 06:30:03', 1396, 320, NULL, NULL, NULL, NULL, NULL, 'Success', '0000-00-00 00:00:00'),
	(134871, 29, NULL, '2013-03-13 06:40:03', '2013-03-13 06:40:03', 1396, 320, NULL, NULL, NULL, NULL, NULL, 'Success', '0000-00-00 00:00:00'),
	(134872, 29, NULL, '2013-03-13 06:50:03', '2013-03-13 06:50:03', 1396, 320, NULL, NULL, NULL, NULL, NULL, 'Success', '0000-00-00 00:00:00'),
	(134873, 29, NULL, '2013-03-13 07:00:03', '2013-03-13 07:00:03', 1396, 320, NULL, NULL, NULL, NULL, NULL, 'Success', '0000-00-00 00:00:00'),
	(134874, 29, NULL, '2013-03-13 07:10:03', '2013-03-13 07:10:03', 1396, 320, NULL, NULL, NULL, NULL, NULL, 'Success', '0000-00-00 00:00:00'),
	(134875, 29, NULL, '2013-03-13 07:20:03', '2013-03-13 07:20:03', 1396, 320, NULL, NULL, NULL, NULL, NULL, 'Success', '0000-00-00 00:00:00'),
	(134876, 29, NULL, '2013-03-13 07:30:03', '2013-03-13 07:30:03', 1396, 320, NULL, NULL, NULL, NULL, NULL, 'Success', '0000-00-00 00:00:00'),
	(134877, 29, NULL, '2013-03-13 07:40:02', '2013-03-13 07:40:02', 1396, 320, NULL, NULL, NULL, NULL, NULL, 'Success', '0000-00-00 00:00:00'),
	(134878, 29, NULL, '2013-03-13 07:50:03', '2013-03-13 07:50:03', 1396, 320, NULL, NULL, NULL, NULL, NULL, 'Success', '0000-00-00 00:00:00'),
	(134879, 29, NULL, '2013-03-13 08:00:03', '2013-03-13 08:00:03', 1396, 320, NULL, NULL, NULL, NULL, NULL, 'Success', '0000-00-00 00:00:00'),
	(134880, 29, NULL, '2013-03-13 08:10:03', '2013-03-13 08:10:03', 1396, 320, NULL, NULL, NULL, NULL, NULL, 'Success', '0000-00-00 00:00:00'),
	(134881, 29, NULL, '2013-03-13 08:20:03', '2013-03-13 08:20:03', 1396, 320, NULL, NULL, NULL, NULL, NULL, 'Success', '0000-00-00 00:00:00'),
	(134882, 29, NULL, '2013-03-13 08:30:03', '2013-03-13 08:30:03', 1396, 320, NULL, NULL, NULL, NULL, NULL, 'Success', '0000-00-00 00:00:00'),
	(134883, 29, NULL, '2013-03-13 08:40:02', '2013-03-13 08:40:02', 1396, 320, NULL, NULL, NULL, NULL, NULL, 'Success', '0000-00-00 00:00:00'),
	(134884, 29, NULL, '2013-03-13 08:50:03', '2013-03-13 08:50:03', 1396, 320, NULL, NULL, NULL, NULL, NULL, 'Success', '0000-00-00 00:00:00'),
	(134885, 29, NULL, '2013-03-13 09:00:03', '2013-03-13 09:00:03', 1396, 320, NULL, NULL, NULL, NULL, NULL, 'Success', '0000-00-00 00:00:00'),
	(134886, 29, NULL, '2013-03-13 09:10:03', '2013-03-13 09:10:03', 1396, 320, NULL, NULL, NULL, NULL, NULL, 'Success', '0000-00-00 00:00:00'),
	(134887, 29, NULL, '2013-03-13 09:20:02', '2013-03-13 09:20:02', 1396, 320, NULL, NULL, NULL, NULL, NULL, 'Success', '0000-00-00 00:00:00'),
	(134888, 28, NULL, '2013-03-13 09:23:26', '2013-03-13 09:23:26', 1396, 320, NULL, NULL, NULL, NULL, NULL, 'Success', '0000-00-00 00:00:00'),
	(134889, 18, NULL, '2013-03-13 09:23:26', '2013-03-13 09:23:26', 1396, 320, NULL, NULL, NULL, NULL, NULL, 'Success', '0000-00-00 00:00:00'),
	(134890, 38, NULL, '2013-03-13 09:23:26', '2013-03-13 09:23:26', 1396, 320, NULL, NULL, NULL, NULL, NULL, 'Success', '0000-00-00 00:00:00'),
	(134891, 39, NULL, '2013-03-13 09:23:36', '2013-03-13 09:23:36', 1396, 320, NULL, NULL, NULL, NULL, NULL, 'Success', '0000-00-00 00:00:00'),
	(134892, 29, NULL, '2013-03-13 09:23:38', '2013-03-13 09:23:38', 1396, 320, NULL, NULL, NULL, NULL, NULL, 'Success', '0000-00-00 00:00:00'),
	(134893, 29, NULL, '2013-03-13 09:30:03', '2013-03-13 09:30:03', 1396, 320, NULL, NULL, NULL, NULL, NULL, 'Success', '0000-00-00 00:00:00'),
	(134894, 29, NULL, '2013-03-13 09:40:00', '2013-03-13 09:40:00', 1396, 320, NULL, NULL, NULL, NULL, NULL, 'Success', '0000-00-00 00:00:00'),
	(134895, 29, NULL, '2013-03-13 09:40:02', '2013-03-13 09:40:02', 1396, 320, NULL, NULL, NULL, NULL, NULL, 'Success', '0000-00-00 00:00:00'),
	(134896, 28, NULL, '2013-03-13 09:44:47', '2013-03-13 09:44:47', 1418, 340, NULL, NULL, NULL, NULL, NULL, 'Success', '0000-00-00 00:00:00'),
	(134897, 18, NULL, '2013-03-13 09:44:47', '2013-03-13 09:44:47', 1418, 340, NULL, NULL, NULL, NULL, NULL, 'Success', '0000-00-00 00:00:00'),
	(134898, 38, NULL, '2013-03-13 09:44:47', '2013-03-13 09:44:47', 1418, 340, NULL, NULL, NULL, NULL, NULL, 'Success', '0000-00-00 00:00:00'),
	(134899, 29, NULL, '2013-03-13 09:44:53', '2013-03-13 09:44:53', 1418, 340, NULL, NULL, NULL, NULL, NULL, 'Success', '0000-00-00 00:00:00'),
	(134900, 29, NULL, '2013-03-13 09:44:59', '2013-03-13 09:44:59', 1418, 340, NULL, NULL, NULL, NULL, NULL, 'Success', '0000-00-00 00:00:00'),
	(134901, 28, NULL, '2013-03-13 09:47:04', '2013-03-13 09:47:04', 1418, 340, NULL, NULL, NULL, NULL, NULL, 'Success', '0000-00-00 00:00:00'),
	(134902, 18, NULL, '2013-03-13 09:47:05', '2013-03-13 09:47:05', 1418, 340, NULL, NULL, NULL, NULL, NULL, 'Success', '0000-00-00 00:00:00'),
	(134903, 38, NULL, '2013-03-13 09:47:05', '2013-03-13 09:47:05', 1418, 340, NULL, NULL, NULL, NULL, NULL, 'Success', '0000-00-00 00:00:00'),
	(134904, 29, NULL, '2013-03-13 09:50:01', '2013-03-13 09:50:01', 1396, 320, NULL, NULL, NULL, NULL, NULL, 'Success', '0000-00-00 00:00:00'),
	(134905, 29, NULL, '2013-03-13 09:50:03', '2013-03-13 09:50:03', 1396, 320, NULL, NULL, NULL, NULL, NULL, 'Success', '0000-00-00 00:00:00'),
	(134906, 28, NULL, '2013-03-13 09:50:26', '2013-03-13 09:50:26', 1418, 340, NULL, NULL, NULL, NULL, NULL, 'Success', '0000-00-00 00:00:00'),
	(134907, 18, NULL, '2013-03-13 09:50:26', '2013-03-13 09:50:26', 1418, 340, NULL, NULL, NULL, NULL, NULL, 'Success', '0000-00-00 00:00:00'),
	(134908, 38, NULL, '2013-03-13 09:50:26', '2013-03-13 09:50:26', 1418, 340, NULL, NULL, NULL, NULL, NULL, 'Success', '0000-00-00 00:00:00'),
	(134909, 29, NULL, '2013-03-13 09:50:32', '2013-03-13 09:50:32', 1418, 340, NULL, NULL, NULL, NULL, NULL, 'Success', '0000-00-00 00:00:00'),
	(134910, 29, NULL, '2013-03-13 09:50:33', '2013-03-13 09:50:33', 1418, 340, NULL, NULL, NULL, NULL, NULL, 'Success', '0000-00-00 00:00:00'),
	(134911, 28, NULL, '2013-03-13 09:50:53', '2013-03-13 09:50:53', 1418, 340, NULL, NULL, NULL, NULL, NULL, 'Success', '0000-00-00 00:00:00'),
	(134912, 18, NULL, '2013-03-13 09:50:53', '2013-03-13 09:50:53', 1418, 340, NULL, NULL, NULL, NULL, NULL, 'Success', '0000-00-00 00:00:00'),
	(134913, 38, NULL, '2013-03-13 09:50:53', '2013-03-13 09:50:53', 1418, 340, NULL, NULL, NULL, NULL, NULL, 'Success', '0000-00-00 00:00:00'),
	(134914, 28, NULL, '2013-03-13 09:52:12', '2013-03-13 09:52:12', 1418, 340, NULL, NULL, NULL, NULL, NULL, 'Success', '0000-00-00 00:00:00'),
	(134915, 18, NULL, '2013-03-13 09:52:12', '2013-03-13 09:52:12', 1418, 340, NULL, NULL, NULL, NULL, NULL, 'Success', '0000-00-00 00:00:00'),
	(134916, 38, NULL, '2013-03-13 09:52:12', '2013-03-13 09:52:12', 1418, 340, NULL, NULL, NULL, NULL, NULL, 'Success', '0000-00-00 00:00:00'),
	(134917, 28, NULL, '2013-03-13 09:54:51', '2013-03-13 09:54:51', 1396, 320, NULL, NULL, NULL, NULL, NULL, 'Success', '0000-00-00 00:00:00'),
	(134918, 18, NULL, '2013-03-13 09:54:51', '2013-03-13 09:54:51', 1396, 320, NULL, NULL, NULL, NULL, NULL, 'Success', '0000-00-00 00:00:00'),
	(134919, 38, NULL, '2013-03-13 09:54:51', '2013-03-13 09:54:51', 1396, 320, NULL, NULL, NULL, NULL, NULL, 'Success', '0000-00-00 00:00:00'),
	(134920, 29, NULL, '2013-03-13 09:55:00', '2013-03-13 09:55:00', 1396, 320, NULL, NULL, NULL, NULL, NULL, 'Success', '0000-00-00 00:00:00'),
	(134921, 28, NULL, '2013-03-13 09:55:51', '2013-03-13 09:55:51', 1418, 340, NULL, NULL, NULL, NULL, NULL, 'Success', '0000-00-00 00:00:00'),
	(134922, 18, NULL, '2013-03-13 09:55:51', '2013-03-13 09:55:51', 1418, 340, NULL, NULL, NULL, NULL, NULL, 'Success', '0000-00-00 00:00:00'),
	(134923, 38, NULL, '2013-03-13 09:55:51', '2013-03-13 09:55:51', 1418, 340, NULL, NULL, NULL, NULL, NULL, 'Success', '0000-00-00 00:00:00'),
	(134924, 22, NULL, '2013-03-13 09:55:52', '2013-03-13 09:55:52', 1396, 320, NULL, NULL, NULL, NULL, NULL, 'Success', '0000-00-00 00:00:00'),
	(134925, 29, NULL, '2013-03-13 09:55:57', '2013-03-13 09:55:57', 1418, 340, NULL, NULL, NULL, NULL, NULL, 'Success', '0000-00-00 00:00:00'),
	(134926, 29, NULL, '2013-03-13 09:55:58', '2013-03-13 09:55:58', 1418, 340, NULL, NULL, NULL, NULL, NULL, 'Success', '0000-00-00 00:00:00');
/*!40000 ALTER TABLE `event_transaction` ENABLE KEYS */;


-- Dumping structure for table naesta_cleanup.favoritestation
DROP TABLE IF EXISTS `favoritestation`;
CREATE TABLE IF NOT EXISTS `favoritestation` (
  `id` int(10) NOT NULL AUTO_INCREMENT,
  `customerid` int(10) NOT NULL,
  `stationid` int(10) NOT NULL,
  PRIMARY KEY (`id`),
  KEY `favoritestationcustomerid` (`customerid`),
  KEY `customerfavoritestationid` (`stationid`),
  CONSTRAINT `customerfavoritestationid` FOREIGN KEY (`stationid`) REFERENCES `station` (`id`) ON DELETE CASCADE ON UPDATE CASCADE,
  CONSTRAINT `favoritestationcustomerid` FOREIGN KEY (`customerid`) REFERENCES `customer` (`id`) ON DELETE CASCADE ON UPDATE CASCADE
) ENGINE=InnoDB AUTO_INCREMENT=5 DEFAULT CHARSET=latin1;

-- Dumping data for table naesta_cleanup.favoritestation: ~2 rows (approximately)
DELETE FROM `favoritestation`;
/*!40000 ALTER TABLE `favoritestation` DISABLE KEYS */;
INSERT INTO `favoritestation` (`id`, `customerid`, `stationid`) VALUES
	(3, 186, 1375),
	(4, 186, 1375);
/*!40000 ALTER TABLE `favoritestation` ENABLE KEYS */;


-- Dumping structure for table naesta_cleanup.firmware
DROP TABLE IF EXISTS `firmware`;
CREATE TABLE IF NOT EXISTS `firmware` (
  `id` int(10) NOT NULL,
  `displayname` varchar(45) DEFAULT NULL,
  `assetType` int(2) DEFAULT NULL,
  `displayversion` varchar(15) DEFAULT NULL,
  `releaseDate` datetime DEFAULT NULL,
  `releasedBy` varchar(45) DEFAULT NULL,
  `description` text,
  `file` longblob,
  `filename` varchar(45) DEFAULT NULL,
  `createdon` datetime DEFAULT NULL,
  PRIMARY KEY (`id`)
) ENGINE=InnoDB DEFAULT CHARSET=latin1;

-- Dumping data for table naesta_cleanup.firmware: ~0 rows (approximately)
DELETE FROM `firmware`;
/*!40000 ALTER TABLE `firmware` DISABLE KEYS */;
/*!40000 ALTER TABLE `firmware` ENABLE KEYS */;


-- Dumping structure for table naesta_cleanup.firmwaretransaction
DROP TABLE IF EXISTS `firmwaretransaction`;
CREATE TABLE IF NOT EXISTS `firmwaretransaction` (
  `id` int(10) NOT NULL AUTO_INCREMENT,
  `firmwareupgradeId` int(10) NOT NULL,
  `errorCode` int(2) DEFAULT NULL,
  `errorDescription` varchar(256) DEFAULT NULL,
  `errorLogs` text,
  PRIMARY KEY (`id`),
  KEY `FK_firmwaretransaction` (`firmwareupgradeId`),
  CONSTRAINT `firmwaretransaction_ibfk_1` FOREIGN KEY (`firmwareupgradeId`) REFERENCES `firmwareupgrade` (`id`)
) ENGINE=InnoDB DEFAULT CHARSET=latin1;

-- Dumping data for table naesta_cleanup.firmwaretransaction: ~0 rows (approximately)
DELETE FROM `firmwaretransaction`;
/*!40000 ALTER TABLE `firmwaretransaction` DISABLE KEYS */;
/*!40000 ALTER TABLE `firmwaretransaction` ENABLE KEYS */;


-- Dumping structure for table naesta_cleanup.firmwareupgrade
DROP TABLE IF EXISTS `firmwareupgrade`;
CREATE TABLE IF NOT EXISTS `firmwareupgrade` (
  `id` int(10) NOT NULL,
  `firmwareId` int(10) DEFAULT NULL,
  `status` tinyint(1) NOT NULL DEFAULT '0',
  `downloadstatus` int(2) DEFAULT NULL,
  `downloadedon` datetime DEFAULT NULL,
  `deployedstatus` int(2) DEFAULT NULL,
  `deployedon` datetime DEFAULT NULL,
  `msnbc` varchar(100) DEFAULT NULL,
  `kioskId` int(10) DEFAULT NULL,
  PRIMARY KEY (`id`),
  KEY `FK_FIRMWARE_ID` (`firmwareId`),
  KEY `FK_KIOSK_ID` (`kioskId`),
  CONSTRAINT `FK_FIRMWARE_ID` FOREIGN KEY (`firmwareId`) REFERENCES `firmware` (`id`),
  CONSTRAINT `FK_KIOSK_ID` FOREIGN KEY (`kioskId`) REFERENCES `kiosk` (`id`)
) ENGINE=InnoDB DEFAULT CHARSET=latin1;

-- Dumping data for table naesta_cleanup.firmwareupgrade: ~0 rows (approximately)
DELETE FROM `firmwareupgrade`;
/*!40000 ALTER TABLE `firmwareupgrade` DISABLE KEYS */;
/*!40000 ALTER TABLE `firmwareupgrade` ENABLE KEYS */;


-- Dumping structure for table naesta_cleanup.forcedtripterminaitondata
DROP TABLE IF EXISTS `forcedtripterminaitondata`;
CREATE TABLE IF NOT EXISTS `forcedtripterminaitondata` (
  `id` int(10) NOT NULL AUTO_INCREMENT,
  `tripId` int(10) DEFAULT NULL,
  `tripTerminatedBy` int(10) DEFAULT NULL,
  `tripTerminatedOn` datetime DEFAULT NULL,
  `reason` int(1) DEFAULT NULL,
  `ReasonDetails` varchar(256) DEFAULT NULL,
  PRIMARY KEY (`id`)
) ENGINE=InnoDB AUTO_INCREMENT=5 DEFAULT CHARSET=latin1 ROW_FORMAT=COMPACT;

-- Dumping data for table naesta_cleanup.forcedtripterminaitondata: ~3 rows (approximately)
DELETE FROM `forcedtripterminaitondata`;
/*!40000 ALTER TABLE `forcedtripterminaitondata` DISABLE KEYS */;
INSERT INTO `forcedtripterminaitondata` (`id`, `tripId`, `tripTerminatedBy`, `tripTerminatedOn`, `reason`, `ReasonDetails`) VALUES
	(2, 4989, 1, '2013-02-01 13:42:10', 1, 'oh shit'),
	(3, 5132, 1, '2013-02-22 02:03:33', 1, 'test'),
	(4, 5127, 1, '2013-02-22 04:09:56', 1, 'abc');
/*!40000 ALTER TABLE `forcedtripterminaitondata` ENABLE KEYS */;


-- Dumping structure for table naesta_cleanup.giftcertificateuser
DROP TABLE IF EXISTS `giftcertificateuser`;
CREATE TABLE IF NOT EXISTS `giftcertificateuser` (
  `id` int(10) NOT NULL AUTO_INCREMENT,
  `redemptionNo` varchar(255) DEFAULT NULL,
  `customerId` int(10) DEFAULT NULL,
  `amountUsed` decimal(19,2) DEFAULT NULL,
  `dateUsedOn` datetime DEFAULT NULL,
  `customerProductId` bigint(20) DEFAULT NULL,
  PRIMARY KEY (`id`),
  KEY `FK_giftcertificateuser` (`customerId`),
  CONSTRAINT `giftcertificateuser_ibfk_1` FOREIGN KEY (`customerId`) REFERENCES `customer` (`id`)
) ENGINE=InnoDB AUTO_INCREMENT=8 DEFAULT CHARSET=latin1;

-- Dumping data for table naesta_cleanup.giftcertificateuser: ~7 rows (approximately)
DELETE FROM `giftcertificateuser`;
/*!40000 ALTER TABLE `giftcertificateuser` DISABLE KEYS */;
INSERT INTO `giftcertificateuser` (`id`, `redemptionNo`, `customerId`, `amountUsed`, `dateUsedOn`, `customerProductId`) VALUES
	(1, '73997868', 116, 9.95, '2012-11-29 14:37:27', 157),
	(2, '46459448', 115, 9.95, '2012-11-30 13:25:03', 158),
	(3, '81242042', 121, 9.95, '2012-12-03 13:59:54', 161),
	(4, '81242042', 115, 0.00, '2012-12-03 14:33:56', 162),
	(5, '6HQP93HR', 130, 95.00, '2012-12-06 14:16:52', 177),
	(6, 'SE5XECI6', 131, 10.00, '2012-12-06 14:25:16', 178),
	(7, 'VOYNK9GZ', 137, 10.00, '2012-12-06 17:07:03', 187);
/*!40000 ALTER TABLE `giftcertificateuser` ENABLE KEYS */;


-- Dumping structure for table naesta_cleanup.giftdetail
DROP TABLE IF EXISTS `giftdetail`;
CREATE TABLE IF NOT EXISTS `giftdetail` (
  `id` bigint(20) NOT NULL AUTO_INCREMENT,
  `activationDate` datetime DEFAULT NULL,
  `amount` decimal(19,2) DEFAULT NULL,
  `cancellationDate` datetime DEFAULT NULL,
  `creditAmount` decimal(19,2) DEFAULT NULL,
  `redemptionNo` varchar(255) DEFAULT NULL,
  `serialNo` varchar(7) DEFAULT NULL,
  `status` int(11) DEFAULT NULL,
  `gid` bigint(20) DEFAULT NULL,
  `idx` int(11) DEFAULT NULL,
  PRIMARY KEY (`id`),
  KEY `FK2612DD81D97469E2` (`gid`),
  CONSTRAINT `FK2612DD81D97469E2` FOREIGN KEY (`gid`) REFERENCES `giftmaster` (`id`)
) ENGINE=InnoDB AUTO_INCREMENT=30 DEFAULT CHARSET=latin1;

-- Dumping data for table naesta_cleanup.giftdetail: ~29 rows (approximately)
DELETE FROM `giftdetail`;
/*!40000 ALTER TABLE `giftdetail` DISABLE KEYS */;
INSERT INTO `giftdetail` (`id`, `activationDate`, `amount`, `cancellationDate`, `creditAmount`, `redemptionNo`, `serialNo`, `status`, `gid`, `idx`) VALUES
	(1, NULL, 9.95, NULL, 0.00, '73997868', '0000002', 6, 1, NULL),
	(2, NULL, 9.95, NULL, 0.00, '46459448', '0000003', 6, 1, NULL),
	(3, NULL, 9.95, NULL, 0.00, '81242042', '0000004', 6, 1, NULL),
	(4, NULL, 9.95, NULL, 9.95, '27227250', '0000005', 5, 1, NULL),
	(5, NULL, 9.95, NULL, 9.95, '52515221', '0000006', 5, 1, NULL),
	(6, NULL, 9.95, NULL, 9.95, '24893377', '0000007', 5, 2, NULL),
	(7, NULL, 110.00, NULL, 15.00, '6HQP93HR', '0000008', 6, 3, NULL),
	(8, NULL, 110.00, NULL, 110.00, 'KTV41T63', '0000009', 5, 3, NULL),
	(9, NULL, 10.00, NULL, 0.00, 'SE5XECI6', '0000010', 6, 4, NULL),
	(10, NULL, 10.00, NULL, 0.00, 'VOYNK9GZ', '0000011', 6, 4, NULL),
	(11, NULL, 10.00, NULL, 10.00, 'R2VOVFRZ', '0000012', 5, 4, NULL),
	(12, NULL, 10.00, NULL, 10.00, 'M18PW9OY', '0000013', 5, 4, NULL),
	(13, NULL, 10.00, NULL, 10.00, 'AUPLCQP6', '0000014', 5, 4, NULL),
	(14, NULL, 2.00, NULL, 2.00, '48783028', '0000015', 5, 5, NULL),
	(15, NULL, 10.00, NULL, 10.00, '52117114', '0000016', 5, 6, NULL),
	(16, NULL, 10.00, NULL, 10.00, '60580994', '0000017', 5, 6, NULL),
	(17, NULL, 10.00, NULL, 10.00, '01406054', '0000018', 5, 6, NULL),
	(18, NULL, 10.00, NULL, 10.00, '25520011', '0000019', 5, 6, NULL),
	(19, NULL, 10.00, NULL, 10.00, '03508248', '0000020', 5, 6, NULL),
	(20, NULL, 9.95, NULL, 9.95, '29265908', '0000021', 5, 7, NULL),
	(21, NULL, 9.95, NULL, 9.95, '60100440', '0000022', 5, 7, NULL),
	(22, NULL, 9.95, NULL, 9.95, '30575039', '0000023', 5, 7, NULL),
	(23, NULL, 9.95, NULL, 9.95, '90954113', '0000024', 5, 7, NULL),
	(24, NULL, 9.95, NULL, 9.95, '47142819', '0000025', 5, 7, NULL),
	(25, NULL, 9.95, NULL, 9.95, '52305257', '0000026', 5, 7, NULL),
	(26, NULL, 9.95, NULL, 9.95, '84518895', '0000027', 5, 7, NULL),
	(27, NULL, 9.95, NULL, 9.95, '39832778', '0000028', 5, 7, NULL),
	(28, NULL, 9.95, NULL, 9.95, '41126178', '0000029', 5, 7, NULL),
	(29, NULL, 9.95, NULL, 9.95, '57274121', '0000030', 5, 7, NULL);
/*!40000 ALTER TABLE `giftdetail` ENABLE KEYS */;


-- Dumping structure for table naesta_cleanup.giftmaster
DROP TABLE IF EXISTS `giftmaster`;
CREATE TABLE IF NOT EXISTS `giftmaster` (
  `id` bigint(20) NOT NULL AUTO_INCREMENT,
  `allocationType` varchar(255) DEFAULT NULL,
  `batchStatus` int(11) DEFAULT NULL,
  `creationDate` datetime DEFAULT NULL,
  `enumerationStrategy` varchar(255) DEFAULT NULL,
  `giftCertificateType` varchar(255) DEFAULT NULL,
  `nbCertificates` int(11) DEFAULT NULL,
  `activation` bigint(20) DEFAULT NULL,
  `companyId` bigint(20) DEFAULT NULL,
  `gid` bigint(20) DEFAULT NULL,
  `subscriber` int(11) DEFAULT NULL,
  `activationDate` datetime DEFAULT NULL,
  `amount` decimal(19,2) DEFAULT NULL,
  `cancellationDate` datetime DEFAULT NULL,
  `expiryDate` datetime DEFAULT NULL,
  `creditRemaingAmount` varchar(5) DEFAULT NULL,
  `planType` varchar(20) DEFAULT NULL,
  `actualPlan` varchar(30) DEFAULT NULL,
  `productPlanId` int(5) DEFAULT NULL,
  `productId` int(10) DEFAULT NULL,
  `uaid` varchar(7) DEFAULT NULL,
  PRIMARY KEY (`id`),
  KEY `FK3535EF92B36E0E34` (`subscriber`),
  KEY `FK3535EF92F3E2A269` (`companyId`),
  KEY `FK3535EF92CA5157D1` (`gid`),
  KEY `FK_PRODUCT_ID` (`productId`),
  CONSTRAINT `FK3535EF92B36E0E34` FOREIGN KEY (`subscriber`) REFERENCES `customer` (`id`),
  CONSTRAINT `FK3535EF92CA5157D1` FOREIGN KEY (`gid`) REFERENCES `giftdetail` (`id`),
  CONSTRAINT `FK3535EF92F3E2A269` FOREIGN KEY (`companyId`) REFERENCES `companymaster` (`id`),
  CONSTRAINT `FK_PRODUCT_ID` FOREIGN KEY (`productId`) REFERENCES `product` (`id`)
) ENGINE=InnoDB AUTO_INCREMENT=8 DEFAULT CHARSET=latin1;

-- Dumping data for table naesta_cleanup.giftmaster: ~7 rows (approximately)
DELETE FROM `giftmaster`;
/*!40000 ALTER TABLE `giftmaster` DISABLE KEYS */;
INSERT INTO `giftmaster` (`id`, `allocationType`, `batchStatus`, `creationDate`, `enumerationStrategy`, `giftCertificateType`, `nbCertificates`, `activation`, `companyId`, `gid`, `subscriber`, `activationDate`, `amount`, `cancellationDate`, `expiryDate`, `creditRemaingAmount`, `planType`, `actualPlan`, `productPlanId`, `productId`, `uaid`) VALUES
	(1, NULL, 3, '2012-11-29 10:42:27', '1', '2', 5, NULL, 1, NULL, NULL, '2012-11-29 10:42:39', 9.95, NULL, '2112-11-29 10:42:27', 'N', NULL, NULL, NULL, 180, '0000002'),
	(2, NULL, 3, '2012-11-29 10:48:30', '1', '2', 1, NULL, 1, NULL, NULL, '2012-12-06 14:19:49', 9.95, NULL, '2112-11-29 10:51:31', 'N', NULL, NULL, NULL, 180, '0000003'),
	(3, NULL, 3, '2012-12-06 14:11:38', '2', '2', 2, NULL, 1, NULL, NULL, '2012-12-06 14:11:55', 110.00, NULL, '2112-12-06 14:11:38', 'N', NULL, NULL, NULL, 178, '0000004'),
	(4, NULL, 3, '2012-12-06 14:22:33', '2', '2', 5, NULL, 1, NULL, NULL, '2012-12-06 14:22:54', 10.00, NULL, '2112-12-06 14:22:33', 'Y', NULL, NULL, NULL, 178, '0000005'),
	(5, NULL, 3, '2012-12-11 11:15:01', '1', '2', 1, NULL, 2, NULL, NULL, '2012-12-11 11:17:16', 2.00, NULL, '2112-12-11 00:00:00', 'N', NULL, NULL, NULL, 180, '0000006'),
	(6, NULL, 3, '2012-12-13 10:44:43', '1', '2', 5, NULL, 2, NULL, NULL, '2012-12-13 10:44:50', 10.00, NULL, '2112-12-13 10:44:43', 'N', NULL, NULL, NULL, 180, '0000007'),
	(7, NULL, 3, '2013-02-01 11:17:11', '1', '2', 10, NULL, 1, NULL, NULL, '2013-02-01 11:18:54', 9.95, NULL, '2113-02-01 11:17:41', 'Y', NULL, NULL, NULL, 180, '0000008');
/*!40000 ALTER TABLE `giftmaster` ENABLE KEYS */;


-- Dumping structure for table naesta_cleanup.gpsdata
DROP TABLE IF EXISTS `gpsdata`;
CREATE TABLE IF NOT EXISTS `gpsdata` (
  `id` int(10) NOT NULL AUTO_INCREMENT,
  `tripid` int(10) NOT NULL,
  `rawdata` text,
  `gpswid` varchar(45) NOT NULL,
  `date` date NOT NULL,
  PRIMARY KEY (`id`),
  KEY `gpsdatatripid` (`tripid`),
  CONSTRAINT `gpsdatatripid` FOREIGN KEY (`tripid`) REFERENCES `tripinfo` (`id`) ON DELETE CASCADE ON UPDATE CASCADE
) ENGINE=InnoDB DEFAULT CHARSET=latin1;

-- Dumping data for table naesta_cleanup.gpsdata: ~0 rows (approximately)
DELETE FROM `gpsdata`;
/*!40000 ALTER TABLE `gpsdata` DISABLE KEYS */;
/*!40000 ALTER TABLE `gpsdata` ENABLE KEYS */;


-- Dumping structure for table naesta_cleanup.gpswireless
DROP TABLE IF EXISTS `gpswireless`;
CREATE TABLE IF NOT EXISTS `gpswireless` (
  `id` int(10) NOT NULL AUTO_INCREMENT,
  `uaid` varchar(7) DEFAULT NULL,
  `msnbc` varchar(100) DEFAULT NULL,
  `msnemb` varchar(100) DEFAULT NULL,
  `obcn` varchar(100) DEFAULT NULL,
  `macAddress` varchar(45) DEFAULT NULL,
  `registeredOn` datetime DEFAULT NULL,
  `statusGPSWOperative` int(1) DEFAULT NULL,
  `statusGPSWEnabled` varchar(1) DEFAULT NULL,
  `bikeid` int(10) DEFAULT NULL,
  `isdeleted` tinyint(1) NOT NULL DEFAULT '0',
  PRIMARY KEY (`id`),
  UNIQUE KEY `uaid` (`uaid`),
  UNIQUE KEY `obcn` (`obcn`),
  UNIQUE KEY `UNIQUE_GPSWIRELESS_MSNBC` (`msnbc`),
  KEY `bikeid_INDEX` (`bikeid`)
) ENGINE=InnoDB AUTO_INCREMENT=14844 DEFAULT CHARSET=latin1;

-- Dumping data for table naesta_cleanup.gpswireless: ~320 rows (approximately)
DELETE FROM `gpswireless`;
/*!40000 ALTER TABLE `gpswireless` DISABLE KEYS */;
INSERT INTO `gpswireless` (`id`, `uaid`, `msnbc`, `msnemb`, `obcn`, `macAddress`, `registeredOn`, `statusGPSWOperative`, `statusGPSWEnabled`, `bikeid`, `isdeleted`) VALUES
	(14517, '0004433', '000023ECCD07000304E0', '000023ECCD07000304E0', '000023ECCD07000304E0', '000023ECCD07000304E0', '2012-09-24 17:03:16', 1, '1', 14517, 0),
	(14518, '0004436', '00009A53CD07000304E0', '00009A53CD07000304E0', '00009A53CD07000304E0', '00009A53CD07000304E0', '2012-09-24 17:03:35', 1, '1', 14518, 0),
	(14519, '0004439', '00008FBBCD07000304E0', '00008FBBCD07000304E0', '00008FBBCD07000304E0', '00008FBBCD07000304E0', '2012-09-24 17:04:48', 1, '1', 14519, 0),
	(14520, '0004442', '0000396CCD07000304E0', '0000396CCD07000304E0', '0000396CCD07000304E0', '0000396CCD07000304E0', '2012-09-24 17:05:07', 1, '1', 14520, 0),
	(14521, '0004445', '0000526CCD07000304E0', '0000526CCD07000304E0', '0000526CCD07000304E0', '0000526CCD07000304E0', '2012-09-24 17:05:33', 1, '1', 14521, 0),
	(14523, '0004449', '0000856DCD07000304E0', '0000856DCD07000304E0', '0000856DCD07000304E0', '0000856DCD07000304E0', '2012-09-24 17:05:51', 1, '1', 14523, 0),
	(14524, '0004452', '00007D6DCD07000304E0', '00007D6DCD07000304E0', '00007D6DCD07000304E0', '00007D6DCD07000304E0', '2012-09-24 17:06:22', 1, '1', 14524, 0),
	(14525, '0004455', '000006D3CD07000304E0', '000006D3CD07000304E0', '000006D3CD07000304E0', '000006D3CD07000304E0', '2012-09-24 17:06:41', 1, '1', 14525, 0),
	(14527, '0004459', '0000C7D2CD07000304E0', '0000C7D2CD07000304E0', '0000C7D2CD07000304E0', '0000C7D2CD07000304E0', '2012-09-24 17:09:42', 1, '1', 14527, 0),
	(14529, '0004462', '00006BEACD07000304E0', '00006BEACD07000304E0', '00006BEACD07000304E0', '00006BEACD07000304E0', '2012-10-12 14:00:00', 1, '1', 14529, 0),
	(14530, '0004463', '0000B26CAF08000304E0', '0000B26CAF08000304E0', '0000B26CAF08000304E0', '0000B26CAF08000304E0', '2012-10-12 14:00:00', 1, '1', 14530, 0),
	(14531, '0004464', '0000E5A8CD07000304E0', '0000E5A8CD07000304E0', '0000E5A8CD07000304E0', '0000E5A8CD07000304E0', '2012-10-12 14:00:00', 1, '1', 14531, 0),
	(14532, '0004465', '0000896BCD07000304E0', '0000896BCD07000304E0', '0000896BCD07000304E0', '0000896BCD07000304E0', '2012-10-12 14:00:00', 1, '1', 14532, 0),
	(14533, '0004466', '0000AFB9CD07000304E0', '0000AFB9CD07000304E0', '0000AFB9CD07000304E0', '0000AFB9CD07000304E0', '2012-10-12 14:00:00', 1, '1', 14533, 0),
	(14534, '0004467', '0000B483CD07000304E0', '0000B483CD07000304E0', '0000B483CD07000304E0', '0000B483CD07000304E0', '2012-10-12 14:00:00', 1, '1', 14534, 0),
	(14535, '0004468', '0000DE6DCD07000304E0', '0000DE6DCD07000304E0', '0000DE6DCD07000304E0', '0000DE6DCD07000304E0', '2012-10-12 14:00:00', 1, '1', 14535, 0),
	(14536, '0004469', '000013EECD07000304E0', '000013EECD07000304E0', '000013EECD07000304E0', '000013EECD07000304E0', '2012-10-12 14:00:00', 1, '1', 14536, 0),
	(14537, '0004470', '0000DED5CD07000304E0', '0000DED5CD07000304E0', '0000DED5CD07000304E0', '0000DED5CD07000304E0', '2012-10-12 14:00:00', 1, '1', 14537, 0),
	(14538, '0004471', '00009D52CD07000304E0', '00009D52CD07000304E0', '00009D52CD07000304E0', '00009D52CD07000304E0', '2012-10-12 14:00:00', 1, '1', 14538, 0),
	(14539, '0004472', '0000A2D1CD07000304E0', '0000A2D1CD07000304E0', '0000A2D1CD07000304E0', '0000A2D1CD07000304E0', '2012-10-12 14:00:00', 1, '1', 14539, 0),
	(14540, '0004473', '00007CFFCD07000304E0', '00007CFFCD07000304E0', '00007CFFCD07000304E0', '00007CFFCD07000304E0', '2012-10-12 14:00:00', 1, '1', 14540, 0),
	(14541, '0004474', '0000B1A6CD07000304E0', '0000B1A6CD07000304E0', '0000B1A6CD07000304E0', '0000B1A6CD07000304E0', '2012-10-12 14:00:00', 1, '1', 14541, 0),
	(14542, '0004475', '00000207CD07000304E0', '00000207CD07000304E0', '00000207CD07000304E0', '00000207CD07000304E0', '2012-10-12 14:00:00', 1, '1', 14542, 0),
	(14543, '0004476', '000068B0AF08000304E0', '000068B0AF08000304E0', '000068B0AF08000304E0', '000068B0AF08000304E0', '2012-10-12 14:00:00', 1, '1', 14543, 0),
	(14544, '0004477', '0000E76ACD07000304E0', '0000E76ACD07000304E0', '0000E76ACD07000304E0', '0000E76ACD07000304E0', '2012-10-12 14:00:00', 1, '1', 14544, 0),
	(14545, '0004478', '00002ED7CD07000304E0', '00002ED7CD07000304E0', '00002ED7CD07000304E0', '00002ED7CD07000304E0', '2012-10-12 14:00:00', 1, '1', 14545, 0),
	(14546, '0004479', '00008CD0AF08000304E0', '00008CD0AF08000304E0', '00008CD0AF08000304E0', '00008CD0AF08000304E0', '2012-10-12 14:00:00', 1, '1', 14546, 0),
	(14547, '0004480', '00008BE9CC07000304E0', '00008BE9CC07000304E0', '00008BE9CC07000304E0', '00008BE9CC07000304E0', '2012-10-12 14:00:00', 1, '1', 14547, 0),
	(14548, '0004481', '000014C6AF08000304E0', '000014C6AF08000304E0', '000014C6AF08000304E0', '000014C6AF08000304E0', '2012-10-12 14:00:00', 1, '1', 14548, 0),
	(14549, '0004482', '0000C61ACD07000304E0', '0000C61ACD07000304E0', '0000C61ACD07000304E0', '0000C61ACD07000304E0', '2012-10-12 14:00:00', 1, '1', 14549, 0),
	(14550, '0004483', '0000DFD5CD07000304E0', '0000DFD5CD07000304E0', '0000DFD5CD07000304E0', '0000DFD5CD07000304E0', '2012-10-12 14:00:00', 1, '1', 14550, 0),
	(14551, '0004484', '000079ECCD07000304E0', '000079ECCD07000304E0', '000079ECCD07000304E0', '000079ECCD07000304E0', '2012-10-12 14:00:00', 1, '1', 14551, 0),
	(14552, '0004485', '00005FEACD07000304E0', '00005FEACD07000304E0', '00005FEACD07000304E0', '00005FEACD07000304E0', '2012-10-12 14:00:00', 1, '1', 14552, 0),
	(14553, '0004486', '000042D0AF08000304E0', '000042D0AF08000304E0', '000042D0AF08000304E0', '000042D0AF08000304E0', '2012-10-12 14:00:00', 1, '1', 14553, 0),
	(14554, '0004487', '00000CBACD07000304E0', '00000CBACD07000304E0', '00000CBACD07000304E0', '00000CBACD07000304E0', '2012-10-12 14:00:00', 1, '1', 14554, 0),
	(14555, '0004488', '0000C1ECCD07000304E0', '0000C1ECCD07000304E0', '0000C1ECCD07000304E0', '0000C1ECCD07000304E0', '2012-10-12 14:00:00', 1, '1', 14555, 0),
	(14556, '0004489', '0000CBBACD07000304E0', '0000CBBACD07000304E0', '0000CBBACD07000304E0', '0000CBBACD07000304E0', '2012-10-12 14:00:00', 1, '1', 14556, 0),
	(14557, '0004490', '0000A6EBCD07000304E0', '0000A6EBCD07000304E0', '0000A6EBCD07000304E0', '0000A6EBCD07000304E0', '2012-10-12 14:00:00', 1, '1', 14557, 0),
	(14558, '0004491', '0000983BCD07000304E0', '0000983BCD07000304E0', '0000983BCD07000304E0', '0000983BCD07000304E0', '2012-10-12 14:00:00', 1, '1', 14558, 0),
	(14559, '0004492', '0000B56DCD07000304E0', '0000B56DCD07000304E0', '0000B56DCD07000304E0', '0000B56DCD07000304E0', '2012-10-12 14:00:00', 1, '1', 14559, 0),
	(14560, '0004493', '0000F1FFCD07000304E0', '0000F1FFCD07000304E0', '0000F1FFCD07000304E0', '0000F1FFCD07000304E0', '2012-10-12 14:00:00', 1, '1', 14560, 0),
	(14561, '0004494', '0000EC84CD07000304E0', '0000EC84CD07000304E0', '0000EC84CD07000304E0', '0000EC84CD07000304E0', '2012-10-12 14:00:00', 1, '1', 14561, 0),
	(14562, '0004495', '0000D3D6CD07000304E0', '0000D3D6CD07000304E0', '0000D3D6CD07000304E0', '0000D3D6CD07000304E0', '2012-10-12 14:00:00', 1, '1', 14562, 0),
	(14563, '0004496', '0000AD83CD07000304E0', '0000AD83CD07000304E0', '0000AD83CD07000304E0', '0000AD83CD07000304E0', '2012-10-12 14:00:00', 1, '1', 14563, 0),
	(14564, '0004497', '0000833CCD07000304E0', '0000833CCD07000304E0', '0000833CCD07000304E0', '0000833CCD07000304E0', '2012-10-12 14:00:00', 1, '1', 14564, 0),
	(14565, '0004498', '0000E0BBCD07000304E0', '0000E0BBCD07000304E0', '0000E0BBCD07000304E0', '0000E0BBCD07000304E0', '2012-10-12 14:00:00', 1, '1', 14565, 0),
	(14566, '0004499', '000045EACD07000304E0', '000045EACD07000304E0', '000045EACD07000304E0', '000045EACD07000304E0', '2012-10-12 14:00:00', 1, '1', 14566, 0),
	(14567, '0004500', '00007B3DCD07000304E0', '00007B3DCD07000304E0', '00007B3DCD07000304E0', '00007B3DCD07000304E0', '2012-10-12 14:00:00', 1, '1', 14567, 0),
	(14568, '0004501', '0000E583CD07000304E0', '0000E583CD07000304E0', '0000E583CD07000304E0', '0000E583CD07000304E0', '2012-10-12 14:00:00', 1, '1', 14568, 0),
	(14569, '0004502', '00005D83CD07000304E0', '00005D83CD07000304E0', '00005D83CD07000304E0', '00005D83CD07000304E0', '2012-10-12 14:00:00', 1, '1', 14569, 0),
	(14570, '0004503', '00000D6BCD07000304E0', '00000D6BCD07000304E0', '00000D6BCD07000304E0', '00000D6BCD07000304E0', '2012-10-12 14:00:00', 1, '1', 14570, 0),
	(14571, '0004504', '0000416BCD07000304E0', '0000416BCD07000304E0', '0000416BCD07000304E0', '0000416BCD07000304E0', '2012-10-12 14:00:00', 1, '1', 14571, 0),
	(14572, '0004505', '0000C3BACD07000304E0', '0000C3BACD07000304E0', '0000C3BACD07000304E0', '0000C3BACD07000304E0', '2012-10-12 14:00:00', 1, '1', 14572, 0),
	(14573, '0004506', '0000C9BCCD07000304E0', '0000C9BCCD07000304E0', '0000C9BCCD07000304E0', '0000C9BCCD07000304E0', '2012-10-12 14:00:00', 1, '1', 14573, 0),
	(14574, '0004507', '000048D1CD07000304E0', '000048D1CD07000304E0', '000048D1CD07000304E0', '000048D1CD07000304E0', '2012-10-12 14:00:00', 1, '1', 14574, 0),
	(14575, '0004508', '0000A3BACD07000304E0', '0000A3BACD07000304E0', '0000A3BACD07000304E0', '0000A3BACD07000304E0', '2012-10-12 14:00:00', 1, '1', 14575, 0),
	(14576, '0004509', '0000AAA6CD07000304E0', '0000AAA6CD07000304E0', '0000AAA6CD07000304E0', '0000AAA6CD07000304E0', '2012-10-12 14:00:00', 1, '1', 14576, 0),
	(14577, '0004510', '000073D5CD07000304E0', '000073D5CD07000304E0', '000073D5CD07000304E0', '000073D5CD07000304E0', '2012-10-12 14:00:00', 1, '1', 14577, 0),
	(14578, '0004511', '00002CD0CD07000304E0', '00002CD0CD07000304E0', '00002CD0CD07000304E0', '00002CD0CD07000304E0', '2012-10-12 14:00:00', 1, '1', 14578, 0),
	(14579, '0004512', '000001A6CD07000304E0', '000001A6CD07000304E0', '000001A6CD07000304E0', '000001A6CD07000304E0', '2012-10-12 14:00:00', 1, '1', 14579, 0),
	(14580, '0004513', '0000441BCD07000304E0', '0000441BCD07000304E0', '0000441BCD07000304E0', '0000441BCD07000304E0', '2012-10-12 14:00:00', 1, '1', 14580, 0),
	(14581, '0004514', '0000126CCD07000304E0', '0000126CCD07000304E0', '0000126CCD07000304E0', '0000126CCD07000304E0', '2012-10-12 14:00:00', 1, '1', 14581, 0),
	(14582, '0004515', '0000568BAF08000304E0', '0000568BAF08000304E0', '0000568BAF08000304E0', '0000568BAF08000304E0', '2012-10-12 14:00:00', 1, '1', 14582, 0),
	(14583, '0004516', '0000A200CE07000304E0', '0000A200CE07000304E0', '0000A200CE07000304E0', '0000A200CE07000304E0', '2012-10-12 14:00:00', 1, '1', 14583, 0),
	(14584, '0004517', '000042A8CD07000304E0', '000042A8CD07000304E0', '000042A8CD07000304E0', '000042A8CD07000304E0', '2012-10-12 14:00:00', 1, '1', 14584, 0),
	(14585, '0004518', '000098D6CD07000304E0', '000098D6CD07000304E0', '000098D6CD07000304E0', '000098D6CD07000304E0', '2012-10-12 14:00:00', 1, '1', 14585, 0),
	(14586, '0004519', '0000A3D0CD07000304E0', '0000A3D0CD07000304E0', '0000A3D0CD07000304E0', '0000A3D0CD07000304E0', '2012-10-12 14:00:00', 1, '1', 14586, 0),
	(14587, '0004520', '0000783DCD07000304E0', '0000783DCD07000304E0', '0000783DCD07000304E0', '0000783DCD07000304E0', '2012-10-12 14:00:00', 1, '1', 14587, 0),
	(14588, '0004521', '000001D3CD07000304E0', '000001D3CD07000304E0', '000001D3CD07000304E0', '000001D3CD07000304E0', '2012-10-12 14:00:00', 1, '1', 14588, 0),
	(14589, '0004522', '0000186BCD07000304E0', '0000186BCD07000304E0', '0000186BCD07000304E0', '0000186BCD07000304E0', '2012-10-12 14:00:00', 1, '1', 14589, 0),
	(14590, '0004523', '0000CCD4CD07000304E0', '0000CCD4CD07000304E0', '0000CCD4CD07000304E0', '0000CCD4CD07000304E0', '2012-10-12 14:00:00', 1, '1', 14590, 0),
	(14591, '0004524', '0000B352CD07000304E0', '0000B352CD07000304E0', '0000B352CD07000304E0', '0000B352CD07000304E0', '2012-10-12 14:00:00', 1, '1', 14591, 0),
	(14592, '0004525', '000064EDCD07000304E0', '000064EDCD07000304E0', '000064EDCD07000304E0', '000064EDCD07000304E0', '2012-10-12 14:00:00', 1, '1', 14592, 0),
	(14593, '0004526', '00002183CD07000304E0', '00002183CD07000304E0', '00002183CD07000304E0', '00002183CD07000304E0', '2012-10-12 14:00:00', 1, '1', 14593, 0),
	(14594, '0004527', '0000F8A6CD07000304E0', '0000F8A6CD07000304E0', '0000F8A6CD07000304E0', '0000F8A6CD07000304E0', '2012-10-12 14:00:00', 1, '1', 14594, 0),
	(14595, '0004528', '0000C76CCD07000304E0', '0000C76CCD07000304E0', '0000C76CCD07000304E0', '0000C76CCD07000304E0', '2012-10-12 14:00:00', 1, '1', 14595, 0),
	(14596, '0004529', '000038B9CD07000304E0', '000038B9CD07000304E0', '000038B9CD07000304E0', '000038B9CD07000304E0', '2012-10-12 14:00:00', 1, '1', 14596, 0),
	(14597, '0004530', '0000A5AFAF08000304E0', '0000A5AFAF08000304E0', '0000A5AFAF08000304E0', '0000A5AFAF08000304E0', '2012-10-12 14:00:00', 1, '1', 14597, 0),
	(14598, '0004531', '000048D6CD07000304E0', '000048D6CD07000304E0', '000048D6CD07000304E0', '000048D6CD07000304E0', '2012-10-12 14:00:00', 1, '1', 14598, 0),
	(14599, '0004532', '0000B6E9CD07000304E0', '0000B6E9CD07000304E0', '0000B6E9CD07000304E0', '0000B6E9CD07000304E0', '2012-10-12 14:00:00', 1, '1', 14599, 0),
	(14600, '0004533', '000011A8CD07000304E0', '000011A8CD07000304E0', '000011A8CD07000304E0', '000011A8CD07000304E0', '2012-10-12 14:00:00', 1, '1', 14600, 0),
	(14601, '0004534', '0000B100CE07000304E0', '0000B100CE07000304E0', '0000B100CE07000304E0', '0000B100CE07000304E0', '2012-10-12 14:00:00', 1, '1', 14601, 0),
	(14602, '0004535', '0000DEB9CD07000304E0', '0000DEB9CD07000304E0', '0000DEB9CD07000304E0', '0000DEB9CD07000304E0', '2012-10-12 14:00:00', 1, '1', 14602, 0),
	(14603, '0004536', '0000EEEACD07000304E0', '0000EEEACD07000304E0', '0000EEEACD07000304E0', '0000EEEACD07000304E0', '2012-10-12 14:00:00', 1, '1', 14603, 0),
	(14604, '0004537', '000061B9CD07000304E0', '000061B9CD07000304E0', '000061B9CD07000304E0', '000061B9CD07000304E0', '2012-10-12 14:00:00', 1, '1', 14604, 0),
	(14605, '0004538', '0000B2D5CC07000304E0', '0000B2D5CC07000304E0', '0000B2D5CC07000304E0', '0000B2D5CC07000304E0', '2012-10-12 14:00:00', 1, '1', 14605, 0),
	(14606, '0004539', '0000EFA3AF08000304E0', '0000EFA3AF08000304E0', '0000EFA3AF08000304E0', '0000EFA3AF08000304E0', '2012-10-12 14:00:00', 1, '1', 14606, 0),
	(14607, '0004540', '00002B18CD07000304E0', '00002B18CD07000304E0', '00002B18CD07000304E0', '00002B18CD07000304E0', '2012-10-12 14:00:00', 1, '1', 14607, 0),
	(14608, '0004541', '00006AB9CD07000304E0', '00006AB9CD07000304E0', '00006AB9CD07000304E0', '00006AB9CD07000304E0', '2012-10-12 14:00:00', 1, '1', 14608, 0),
	(14609, '0004542', '000081EBCD07000304E0', '000081EBCD07000304E0', '000081EBCD07000304E0', '000081EBCD07000304E0', '2012-10-12 14:00:00', 1, '1', 14609, 0),
	(14610, '0004543', '0000C4A3AF08000304E0', '0000C4A3AF08000304E0', '0000C4A3AF08000304E0', '0000C4A3AF08000304E0', '2012-10-12 14:00:00', 1, '1', 14610, 0),
	(14611, '0004544', '000048D2CD07000304E0', '000048D2CD07000304E0', '000048D2CD07000304E0', '000048D2CD07000304E0', '2012-10-12 14:00:00', 1, '1', 14611, 0),
	(14612, '0004545', '00003DEDCD07000304E0', '00003DEDCD07000304E0', '00003DEDCD07000304E0', '00003DEDCD07000304E0', '2012-10-12 14:00:00', 1, '1', 14612, 0),
	(14613, '0004546', '0000B2EDCD07000304E0', '0000B2EDCD07000304E0', '0000B2EDCD07000304E0', '0000B2EDCD07000304E0', '2012-10-12 14:00:00', 1, '1', 14613, 0),
	(14614, '0004547', '0000BDD3CD07000304E0', '0000BDD3CD07000304E0', '0000BDD3CD07000304E0', '0000BDD3CD07000304E0', '2012-10-12 14:00:00', 1, '1', 14614, 0),
	(14615, '0004548', '0000796BCD07000304E0', '0000796BCD07000304E0', '0000796BCD07000304E0', '0000796BCD07000304E0', '2012-10-12 14:00:00', 1, '1', 14615, 0),
	(14616, '0004549', '0000E6D4CD07000304E0', '0000E6D4CD07000304E0', '0000E6D4CD07000304E0', '0000E6D4CD07000304E0', '2012-10-12 14:00:00', 1, '1', 14616, 0),
	(14617, '0004550', '00000D54CD07000304E0', '00000D54CD07000304E0', '00000D54CD07000304E0', '00000D54CD07000304E0', '2012-10-12 14:00:00', 1, '1', 14617, 0),
	(14618, '0004551', '0000E6D1CD07000304E0', '0000E6D1CD07000304E0', '0000E6D1CD07000304E0', '0000E6D1CD07000304E0', '2012-10-12 14:00:00', 1, '1', 14618, 0),
	(14619, '0004552', '0000E4D1CD07000304E0', '0000E4D1CD07000304E0', '0000E4D1CD07000304E0', '0000E4D1CD07000304E0', '2012-10-12 14:00:00', 1, '1', 14619, 0),
	(14620, '0004553', '00001DEACD07000304E0', '00001DEACD07000304E0', '00001DEACD07000304E0', '00001DEACD07000304E0', '2012-10-12 14:00:00', 1, '1', 14620, 0),
	(14621, '0004554', '0000EB3CCD07000304E0', '0000EB3CCD07000304E0', '0000EB3CCD07000304E0', '0000EB3CCD07000304E0', '2012-10-12 14:00:00', 1, '1', 14621, 0),
	(14622, '0004555', '000054D2CD07000304E0', '000054D2CD07000304E0', '000054D2CD07000304E0', '000054D2CD07000304E0', '2012-10-12 14:00:00', 1, '1', 14622, 0),
	(14623, '0004556', '0000B9FFCD07000304E0', '0000B9FFCD07000304E0', '0000B9FFCD07000304E0', '0000B9FFCD07000304E0', '2012-10-12 14:00:00', 1, '1', 14623, 0),
	(14624, '0004557', '00001CEBCD07000304E0', '00001CEBCD07000304E0', '00001CEBCD07000304E0', '00001CEBCD07000304E0', '2012-10-12 14:00:00', 1, '1', 14624, 0),
	(14625, '0004558', '0000AE01CE07000304E0', '0000AE01CE07000304E0', '0000AE01CE07000304E0', '0000AE01CE07000304E0', '2012-10-12 14:00:00', 1, '1', 14625, 0),
	(14626, '0004559', '0000490ECE07000304E0', '0000490ECE07000304E0', '0000490ECE07000304E0', '0000490ECE07000304E0', '2012-10-12 14:00:00', 1, '1', 14626, 0),
	(14627, '0004560', '0000F4D5CD07000304E0', '0000F4D5CD07000304E0', '0000F4D5CD07000304E0', '0000F4D5CD07000304E0', '2012-10-12 14:00:00', 1, '1', 14627, 0),
	(14628, '0004561', '00002502CE07000304E0', '00002502CE07000304E0', '00002502CE07000304E0', '00002502CE07000304E0', '2012-10-12 14:00:00', 1, '1', 14628, 0),
	(14629, '0004562', '000063BCCD07000304E0', '000063BCCD07000304E0', '000063BCCD07000304E0', '000063BCCD07000304E0', '2012-10-12 14:00:00', 1, '1', 14629, 0),
	(14630, '0004563', '000058A6CD07000304E0', '000058A6CD07000304E0', '000058A6CD07000304E0', '000058A6CD07000304E0', '2012-10-12 14:00:00', 1, '1', 14630, 0),
	(14631, '0004564', '000048A7CD07000304E0', '000048A7CD07000304E0', '000048A7CD07000304E0', '000048A7CD07000304E0', '2012-10-12 14:00:00', 1, '1', 14631, 0),
	(14632, '0004565', '000078FFCD07000304E0', '000078FFCD07000304E0', '000078FFCD07000304E0', '000078FFCD07000304E0', '2012-10-12 14:00:00', 1, '1', 14632, 0),
	(14633, '0004566', '0000F2BDCD07000304E0', '0000F2BDCD07000304E0', '0000F2BDCD07000304E0', '0000F2BDCD07000304E0', '2012-10-12 14:00:00', 1, '1', 14633, 0),
	(14634, '0004567', '000041D5CD07000304E0', '000041D5CD07000304E0', '000041D5CD07000304E0', '000041D5CD07000304E0', '2012-10-12 14:00:00', 1, '1', 14634, 0),
	(14635, '0004568', '00005AEDCD07000304E0', '00005AEDCD07000304E0', '00005AEDCD07000304E0', '00005AEDCD07000304E0', '2012-10-12 14:00:00', 1, '1', 14635, 0),
	(14636, '0004569', '0000E3A8CD07000304E0', '0000E3A8CD07000304E0', '0000E3A8CD07000304E0', '0000E3A8CD07000304E0', '2012-10-12 14:00:00', 1, '1', 14636, 0),
	(14637, '0004570', '00000ABDCD07000304E0', '00000ABDCD07000304E0', '00000ABDCD07000304E0', '00000ABDCD07000304E0', '2012-10-12 14:00:00', 1, '1', 14637, 0),
	(14638, '0004571', '0000FD02CD07000304E0', '0000FD02CD07000304E0', '0000FD02CD07000304E0', '0000FD02CD07000304E0', '2012-10-12 14:00:00', 1, '1', 14638, 0),
	(14639, '0004572', '0000A3D3CD07000304E0', '0000A3D3CD07000304E0', '0000A3D3CD07000304E0', '0000A3D3CD07000304E0', '2012-10-12 14:00:00', 1, '1', 14639, 0),
	(14640, '0004573', '0000DD18CD07000304E0', '0000DD18CD07000304E0', '0000DD18CD07000304E0', '0000DD18CD07000304E0', '2012-10-12 14:00:00', 1, '1', 14640, 0),
	(14641, '0004574', '0000C200CE07000304E0', '0000C200CE07000304E0', '0000C200CE07000304E0', '0000C200CE07000304E0', '2012-10-12 14:00:00', 1, '1', 14641, 0),
	(14642, '0004575', '000045A7CD07000304E0', '000045A7CD07000304E0', '000045A7CD07000304E0', '000045A7CD07000304E0', '2012-10-12 14:00:00', 1, '1', 14642, 0),
	(14643, '0004576', '00009EBDCD07000304E0', '00009EBDCD07000304E0', '00009EBDCD07000304E0', '00009EBDCD07000304E0', '2012-10-12 14:00:00', 1, '1', 14643, 0),
	(14644, '0004577', '000008D6CD07000304E0', '000008D6CD07000304E0', '000008D6CD07000304E0', '000008D6CD07000304E0', '2012-10-12 14:00:00', 1, '1', 14644, 0),
	(14645, '0004578', '00007D01CE07000304E0', '00007D01CE07000304E0', '00007D01CE07000304E0', '00007D01CE07000304E0', '2012-10-12 14:00:00', 1, '1', 14645, 0),
	(14646, '0004579', '0000B9D5AF08000304E0', '0000B9D5AF08000304E0', '0000B9D5AF08000304E0', '0000B9D5AF08000304E0', '2012-10-12 14:00:00', 1, '1', 14646, 0),
	(14647, '0004580', '00003AEBCD07000304E0', '00003AEBCD07000304E0', '00003AEBCD07000304E0', '00003AEBCD07000304E0', '2012-10-12 14:00:00', 1, '1', 14647, 0),
	(14648, '0004581', '0000A652CD07000304E0', '0000A652CD07000304E0', '0000A652CD07000304E0', '0000A652CD07000304E0', '2012-10-12 14:00:00', 1, '1', 14648, 0),
	(14649, '0004582', '00002227CD07000304E0', '00002227CD07000304E0', '00002227CD07000304E0', '00002227CD07000304E0', '2012-10-12 14:00:00', 1, '1', 14649, 0),
	(14650, '0004583', '0000E9B9CD07000304E0', '0000E9B9CD07000304E0', '0000E9B9CD07000304E0', '0000E9B9CD07000304E0', '2012-10-12 14:00:00', 1, '1', 14650, 0),
	(14651, '0004584', '0000AED4CD07000304E0', '0000AED4CD07000304E0', '0000AED4CD07000304E0', '0000AED4CD07000304E0', '2012-10-12 14:00:00', 1, '1', 14651, 0),
	(14652, '0004585', '0000F6A7CD07000304E0', '0000F6A7CD07000304E0', '0000F6A7CD07000304E0', '0000F6A7CD07000304E0', '2012-10-12 14:00:00', 1, '1', 14652, 0),
	(14653, '0004586', '0000A6BACD07000304E0', '0000A6BACD07000304E0', '0000A6BACD07000304E0', '0000A6BACD07000304E0', '2012-10-12 14:00:00', 1, '1', 14653, 0),
	(14654, '0004587', '000022BCAF08000304E0', '000022BCAF08000304E0', '000022BCAF08000304E0', '000022BCAF08000304E0', '2012-10-12 14:00:00', 1, '1', 14654, 0),
	(14655, '0004588', '00006800CE07000304E0', '00006800CE07000304E0', '00006800CE07000304E0', '00006800CE07000304E0', '2012-10-12 14:00:00', 1, '1', 14655, 0),
	(14656, '0004589', '000083C5AF08000304E0', '000083C5AF08000304E0', '000083C5AF08000304E0', '000083C5AF08000304E0', '2012-10-12 14:00:00', 1, '1', 14656, 0),
	(14657, '0004590', '0000FE52CD07000304E0', '0000FE52CD07000304E0', '0000FE52CD07000304E0', '0000FE52CD07000304E0', '2012-10-12 14:00:00', 1, '1', 14657, 0),
	(14658, '0004591', '00000B75AF08000304E0', '00000B75AF08000304E0', '00000B75AF08000304E0', '00000B75AF08000304E0', '2012-10-12 14:00:00', 1, '1', 14658, 0),
	(14659, '0004592', '00007601CE07000304E0', '00007601CE07000304E0', '00007601CE07000304E0', '00007601CE07000304E0', '2012-10-12 14:00:00', 1, '1', 14659, 0),
	(14660, '0004593', '0000D16CCD07000304E0', '0000D16CCD07000304E0', '0000D16CCD07000304E0', '0000D16CCD07000304E0', '2012-10-12 14:00:00', 1, '1', 14660, 0),
	(14661, '0004594', '0000F9BBAF08000304E0', '0000F9BBAF08000304E0', '0000F9BBAF08000304E0', '0000F9BBAF08000304E0', '2012-10-12 14:00:00', 1, '1', 14661, 0),
	(14662, '0004595', '00008EBBAF08000304E0', '00008EBBAF08000304E0', '00008EBBAF08000304E0', '00008EBBAF08000304E0', '2012-10-12 14:00:00', 1, '1', 14662, 0),
	(14663, '0004596', '0000466FCD07000304E0', '0000466FCD07000304E0', '0000466FCD07000304E0', '0000466FCD07000304E0', '2012-10-12 14:00:00', 1, '1', 14663, 0),
	(14664, '0004597', '0000ADECCD07000304E0', '0000ADECCD07000304E0', '0000ADECCD07000304E0', '0000ADECCD07000304E0', '2012-10-12 14:00:00', 1, '1', 14664, 0),
	(14665, '0004598', '00005FBACD07000304E0', '00005FBACD07000304E0', '00005FBACD07000304E0', '00005FBACD07000304E0', '2012-10-12 14:00:00', 1, '1', 14665, 0),
	(14666, '0004599', '000028D3CD07000304E0', '000028D3CD07000304E0', '000028D3CD07000304E0', '000028D3CD07000304E0', '2012-10-12 14:00:00', 1, '1', 14666, 0),
	(14667, '0004600', '0000BDEACD07000304E0', '0000BDEACD07000304E0', '0000BDEACD07000304E0', '0000BDEACD07000304E0', '2012-10-12 14:00:00', 1, '1', 14667, 0),
	(14668, '0004601', '0000956BCD07000304E0', '0000956BCD07000304E0', '0000956BCD07000304E0', '0000956BCD07000304E0', '2012-10-12 14:00:00', 1, '1', 14668, 0),
	(14669, '0004602', '0000DA53CD07000304E0', '0000DA53CD07000304E0', '0000DA53CD07000304E0', '0000DA53CD07000304E0', '2012-10-12 14:00:00', 1, '1', 14669, 0),
	(14670, '0004603', '0000E153CD07000304E0', '0000E153CD07000304E0', '0000E153CD07000304E0', '0000E153CD07000304E0', '2012-10-12 14:00:00', 1, '1', 14670, 0),
	(14671, '0004604', '0000B6B9CD07000304E0', '0000B6B9CD07000304E0', '0000B6B9CD07000304E0', '0000B6B9CD07000304E0', '2012-10-12 14:00:00', 1, '1', 14671, 0),
	(14672, '0004605', '00009CBBAF08000304E0', '00009CBBAF08000304E0', '00009CBBAF08000304E0', '00009CBBAF08000304E0', '2012-10-12 14:00:00', 1, '1', 14672, 0),
	(14673, '0004606', '00007ED0AF08000304E0', '00007ED0AF08000304E0', '00007ED0AF08000304E0', '00007ED0AF08000304E0', '2012-10-12 14:00:00', 1, '1', 14673, 0),
	(14674, '0004607', '0000F996AF08000304E0', '0000F996AF08000304E0', '0000F996AF08000304E0', '0000F996AF08000304E0', '2012-10-12 14:00:00', 1, '1', 14674, 0),
	(14675, '0004608', '0000FED0CD07000304E0', '0000FED0CD07000304E0', '0000FED0CD07000304E0', '0000FED0CD07000304E0', '2012-10-12 14:00:00', 1, '1', 14675, 0),
	(14676, '0004609', '000006EFCD07000304E0', '000006EFCD07000304E0', '000006EFCD07000304E0', '000006EFCD07000304E0', '2012-10-12 14:00:00', 1, '1', 14676, 0),
	(14677, '0004610', '00008A0ECE07000304E0', '00008A0ECE07000304E0', '00008A0ECE07000304E0', '00008A0ECE07000304E0', '2012-10-12 14:00:00', 1, '1', 14677, 0),
	(14678, '0004611', '0000C4EECC07000304E0', '0000C4EECC07000304E0', '0000C4EECC07000304E0', '0000C4EECC07000304E0', '2012-10-12 14:00:00', 1, '1', 14678, 0),
	(14679, '0004612', '00000D8BAF08000304E0', '00000D8BAF08000304E0', '00000D8BAF08000304E0', '00000D8BAF08000304E0', '2012-10-12 14:00:00', 1, '1', 14679, 0),
	(14680, '0004613', '00007AEDCD07000304E0', '00007AEDCD07000304E0', '00007AEDCD07000304E0', '00007AEDCD07000304E0', '2012-10-12 14:00:00', 1, '1', 14680, 0),
	(14681, '0004614', '0000CB54CD07000304E0', '0000CB54CD07000304E0', '0000CB54CD07000304E0', '0000CB54CD07000304E0', '2012-10-12 14:00:00', 1, '1', 14681, 0),
	(14682, '0004615', '000094EECD07000304E0', '000094EECD07000304E0', '000094EECD07000304E0', '000094EECD07000304E0', '2012-10-12 14:00:00', 1, '1', 14682, 0),
	(14683, '0004616', '00004E01CE07000304E0', '00004E01CE07000304E0', '00004E01CE07000304E0', '00004E01CE07000304E0', '2012-10-12 14:00:00', 1, '1', 14683, 0),
	(14684, '0004617', '00002A53CD07000304E0', '00002A53CD07000304E0', '00002A53CD07000304E0', '00002A53CD07000304E0', '2012-10-12 14:00:00', 1, '1', 14684, 0),
	(14685, '0004618', '0000B5AFAF08000304E0', '0000B5AFAF08000304E0', '0000B5AFAF08000304E0', '0000B5AFAF08000304E0', '2012-10-12 14:00:00', 1, '1', 14685, 0),
	(14686, '0004619', '0000A218CD07000304E0', '0000A218CD07000304E0', '0000A218CD07000304E0', '0000A218CD07000304E0', '2012-10-12 14:00:00', 1, '1', 14686, 0),
	(14687, '0004620', '00001F6CAF08000304E0', '00001F6CAF08000304E0', '00001F6CAF08000304E0', '00001F6CAF08000304E0', '2012-10-12 14:00:00', 1, '1', 14687, 0),
	(14688, '0004621', '00003875AF08000304E0', '00003875AF08000304E0', '00003875AF08000304E0', '00003875AF08000304E0', '2012-10-12 14:00:00', 1, '1', 14688, 0),
	(14689, '0004622', '0000F2A3AF08000304E0', '0000F2A3AF08000304E0', '0000F2A3AF08000304E0', '0000F2A3AF08000304E0', '2012-10-12 14:00:00', 1, '1', 14689, 0),
	(14690, '0004623', '000018BDCD07000304E0', '000018BDCD07000304E0', '000018BDCD07000304E0', '000018BDCD07000304E0', '2012-10-12 14:00:00', 1, '1', 14690, 0),
	(14691, '0004624', '0000E7EACD07000304E0', '0000E7EACD07000304E0', '0000E7EACD07000304E0', '0000E7EACD07000304E0', '2012-10-12 14:00:00', 1, '1', 14691, 0),
	(14692, '0004625', '000024BDCD07000304E0', '000024BDCD07000304E0', '000024BDCD07000304E0', '000024BDCD07000304E0', '2012-10-12 14:00:00', 1, '1', 14692, 0),
	(14693, '0004626', '00001F00CE07000304E0', '00001F00CE07000304E0', '00001F00CE07000304E0', '00001F00CE07000304E0', '2012-10-12 14:00:00', 1, '1', 14693, 0),
	(14694, '0004627', '000045B9CD07000304E0', '000045B9CD07000304E0', '000045B9CD07000304E0', '000045B9CD07000304E0', '2012-10-12 14:00:00', 1, '1', 14694, 0),
	(14695, '0004628', '00005C6ECD07000304E0', '00005C6ECD07000304E0', '00005C6ECD07000304E0', '00005C6ECD07000304E0', '2012-10-12 14:00:00', 1, '1', 14695, 0),
	(14696, '0004629', '0000C452CD07000304E0', '0000C452CD07000304E0', '0000C452CD07000304E0', '0000C452CD07000304E0', '2012-10-12 14:00:00', 1, '1', 14696, 0),
	(14697, '0004630', '0000E18AAF08000304E0', '0000E18AAF08000304E0', '0000E18AAF08000304E0', '0000E18AAF08000304E0', '2012-10-12 14:00:00', 1, '1', 14697, 0),
	(14698, '0004631', '00006EA7CD07000304E0', '00006EA7CD07000304E0', '00006EA7CD07000304E0', '00006EA7CD07000304E0', '2012-10-12 14:00:00', 1, '1', 14698, 0),
	(14699, '0004632', '0000756ECD07000304E0', '0000756ECD07000304E0', '0000756ECD07000304E0', '0000756ECD07000304E0', '2012-10-12 14:00:00', 1, '1', 14699, 0),
	(14700, '0004633', '0000C3BDCD07000304E0', '0000C3BDCD07000304E0', '0000C3BDCD07000304E0', '0000C3BDCD07000304E0', '2012-10-12 14:00:00', 1, '1', 14700, 0),
	(14701, '0004634', '0000EAB9CD07000304E0', '0000EAB9CD07000304E0', '0000EAB9CD07000304E0', '0000EAB9CD07000304E0', '2012-10-12 14:00:00', 1, '1', 14701, 0),
	(14702, '0004635', '00005FB8CD07000304E0', '00005FB8CD07000304E0', '00005FB8CD07000304E0', '00005FB8CD07000304E0', '2012-10-12 14:00:00', 1, '1', 14702, 0),
	(14703, '0004636', '00006483CD07000304E0', '00006483CD07000304E0', '00006483CD07000304E0', '00006483CD07000304E0', '2012-10-12 14:00:00', 1, '1', 14703, 0),
	(14704, '0004637', '000091ECCD07000304E0', '000091ECCD07000304E0', '000091ECCD07000304E0', '000091ECCD07000304E0', '2012-10-12 14:00:00', 1, '1', 14704, 0),
	(14705, '0004638', '0000B600CE07000304E0', '0000B600CE07000304E0', '0000B600CE07000304E0', '0000B600CE07000304E0', '2012-10-12 14:00:00', 1, '1', 14705, 0),
	(14706, '0004639', '000059BBCD07000304E0', '000059BBCD07000304E0', '000059BBCD07000304E0', '000059BBCD07000304E0', '2012-10-12 14:00:00', 1, '1', 14706, 0),
	(14707, '0004640', '0000D9ECCD07000304E0', '0000D9ECCD07000304E0', '0000D9ECCD07000304E0', '0000D9ECCD07000304E0', '2012-10-12 14:00:00', 1, '1', 14707, 0),
	(14708, '0004641', '00004BD1CD07000304E0', '00004BD1CD07000304E0', '00004BD1CD07000304E0', '00004BD1CD07000304E0', '2012-10-12 14:00:00', 1, '1', 14708, 0),
	(14709, '0004642', '00005A6ECD07000304E0', '00005A6ECD07000304E0', '00005A6ECD07000304E0', '00005A6ECD07000304E0', '2012-10-12 14:00:00', 1, '1', 14709, 0),
	(14710, '0004643', '00001FECCD07000304E0', '00001FECCD07000304E0', '00001FECCD07000304E0', '00001FECCD07000304E0', '2012-10-12 14:00:00', 1, '1', 14710, 0),
	(14711, '0004644', '0000AB6CCD07000304E0', '0000AB6CCD07000304E0', '0000AB6CCD07000304E0', '0000AB6CCD07000304E0', '2012-10-12 14:00:00', 1, '1', 14711, 0),
	(14712, '0004645', '0000B63DCD07000304E0', '0000B63DCD07000304E0', '0000B63DCD07000304E0', '0000B63DCD07000304E0', '2012-10-12 14:00:00', 1, '1', 14712, 0),
	(14713, '0004646', '0000EC83CD07000304E0', '0000EC83CD07000304E0', '0000EC83CD07000304E0', '0000EC83CD07000304E0', '2012-10-12 14:00:00', 1, '1', 14713, 0),
	(14714, '0004647', '0000EAECCD07000304E0', '0000EAECCD07000304E0', '0000EAECCD07000304E0', '0000EAECCD07000304E0', '2012-10-12 14:00:00', 1, '1', 14714, 0),
	(14715, '0004648', '0000823CCD07000304E0', '0000823CCD07000304E0', '0000823CCD07000304E0', '0000823CCD07000304E0', '2012-10-12 14:00:00', 1, '1', 14715, 0),
	(14716, '0004649', '000043D2CD07000304E0', '000043D2CD07000304E0', '000043D2CD07000304E0', '000043D2CD07000304E0', '2012-10-12 14:00:00', 1, '1', 14716, 0),
	(14717, '0004650', '00006EBACD07000304E0', '00006EBACD07000304E0', '00006EBACD07000304E0', '00006EBACD07000304E0', '2012-10-12 14:00:00', 1, '1', 14717, 0),
	(14718, '0004651', '0000EACFCD07000304E0', '0000EACFCD07000304E0', '0000EACFCD07000304E0', '0000EACFCD07000304E0', '2012-10-12 14:00:00', 1, '1', 14718, 0),
	(14719, '0004652', '0000D3CFAF08000304E0', '0000D3CFAF08000304E0', '0000D3CFAF08000304E0', '0000D3CFAF08000304E0', '2012-10-12 14:00:00', 1, '1', 14719, 0),
	(14720, '0004653', '0000AB7FAF08000304E0', '0000AB7FAF08000304E0', '0000AB7FAF08000304E0', '0000AB7FAF08000304E0', '2012-10-12 14:00:00', 1, '1', 14720, 0),
	(14721, '0004654', '000006C6AF08000304E0', '000006C6AF08000304E0', '000006C6AF08000304E0', '000006C6AF08000304E0', '2012-10-12 14:00:00', 1, '1', 14721, 0),
	(14722, '0004655', '00000BA4AF08000304E0', '00000BA4AF08000304E0', '00000BA4AF08000304E0', '00000BA4AF08000304E0', '2012-10-12 14:00:00', 1, '1', 14722, 0),
	(14723, '0004656', '000018D0CD07000304E0', '000018D0CD07000304E0', '000018D0CD07000304E0', '000018D0CD07000304E0', '2012-10-12 14:00:00', 1, '1', 14723, 0),
	(14724, '0004657', '00006BFFCD07000304E0', '00006BFFCD07000304E0', '00006BFFCD07000304E0', '00006BFFCD07000304E0', '2012-10-12 14:00:00', 1, '1', 14724, 0),
	(14725, '0004658', '0000C6E9CD07000304E0', '0000C6E9CD07000304E0', '0000C6E9CD07000304E0', '0000C6E9CD07000304E0', '2012-10-12 14:00:00', 1, '1', 14725, 0),
	(14726, '0004659', '000031BCAF08000304E0', '000031BCAF08000304E0', '000031BCAF08000304E0', '000031BCAF08000304E0', '2012-10-12 14:00:00', 1, '1', 14726, 0),
	(14727, '0004660', '00004101CE07000304E0', '00004101CE07000304E0', '00004101CE07000304E0', '00004101CE07000304E0', '2012-10-12 14:00:00', 1, '1', 14727, 0),
	(14728, '0004661', '000052B8CD07000304E0', '000052B8CD07000304E0', '000052B8CD07000304E0', '000052B8CD07000304E0', '2012-10-12 14:00:00', 1, '1', 14728, 0),
	(14729, '0004662', '00001FD6CD07000304E0', '00001FD6CD07000304E0', '00001FD6CD07000304E0', '00001FD6CD07000304E0', '2012-10-12 14:00:00', 1, '1', 14729, 0),
	(14730, '0004663', '0000EDFFCD07000304E0', '0000EDFFCD07000304E0', '0000EDFFCD07000304E0', '0000EDFFCD07000304E0', '2012-10-12 14:00:00', 1, '1', 14730, 0),
	(14731, '0004664', '00005B52CD07000304E0', '00005B52CD07000304E0', '00005B52CD07000304E0', '00005B52CD07000304E0', '2012-10-12 14:00:00', 1, '1', 14731, 0),
	(14732, '0004665', '0000EC3BCD07000304E0', '0000EC3BCD07000304E0', '0000EC3BCD07000304E0', '0000EC3BCD07000304E0', '2012-10-12 14:00:00', 1, '1', 14732, 0),
	(14733, '0004666', '0000EDB8CD07000304E0', '0000EDB8CD07000304E0', '0000EDB8CD07000304E0', '0000EDB8CD07000304E0', '2012-10-12 14:00:00', 1, '1', 14733, 0),
	(14734, '0004667', '0000AD3CCD07000304E0', '0000AD3CCD07000304E0', '0000AD3CCD07000304E0', '0000AD3CCD07000304E0', '2012-10-12 14:00:00', 1, '1', 14734, 0),
	(14735, '0004668', '00006AECCD07000304E0', '00006AECCD07000304E0', '00006AECCD07000304E0', '00006AECCD07000304E0', '2012-10-12 14:00:00', 1, '1', 14735, 0),
	(14736, '0004669', '0000CD6DCD07000304E0', '0000CD6DCD07000304E0', '0000CD6DCD07000304E0', '0000CD6DCD07000304E0', '2012-10-12 14:00:00', 1, '1', 14736, 0),
	(14737, '0004670', '000054D0CD07000304E0', '000054D0CD07000304E0', '000054D0CD07000304E0', '000054D0CD07000304E0', '2012-10-12 14:00:00', 1, '1', 14737, 0),
	(14738, '0004671', '0000DDFFCD07000304E0', '0000DDFFCD07000304E0', '0000DDFFCD07000304E0', '0000DDFFCD07000304E0', '2012-10-12 14:00:00', 1, '1', 14738, 0),
	(14739, '0004672', '0000416CCD07000304E0', '0000416CCD07000304E0', '0000416CCD07000304E0', '0000416CCD07000304E0', '2012-10-12 14:00:00', 1, '1', 14739, 0),
	(14740, '0004673', '00006ED5CD07000304E0', '00006ED5CD07000304E0', '00006ED5CD07000304E0', '00006ED5CD07000304E0', '2012-10-12 14:00:00', 1, '1', 14740, 0),
	(14741, '0004674', '0000CBA5CD07000304E0', '0000CBA5CD07000304E0', '0000CBA5CD07000304E0', '0000CBA5CD07000304E0', '2012-10-12 14:00:00', 1, '1', 14741, 0),
	(14742, '0004675', '000066A6CD07000304E0', '000066A6CD07000304E0', '000066A6CD07000304E0', '000066A6CD07000304E0', '2012-10-12 14:00:00', 1, '1', 14742, 0),
	(14743, '0004676', '000059D1CD07000304E0', '000059D1CD07000304E0', '000059D1CD07000304E0', '000059D1CD07000304E0', '2012-10-12 14:00:00', 1, '1', 14743, 0),
	(14744, '0004677', '00005BA6CD07000304E0', '00005BA6CD07000304E0', '00005BA6CD07000304E0', '00005BA6CD07000304E0', '2012-10-12 14:00:00', 1, '1', 14744, 0),
	(14745, '0004678', '0000A5EECC07000304E0', '0000A5EECC07000304E0', '0000A5EECC07000304E0', '0000A5EECC07000304E0', '2012-10-12 14:00:00', 1, '1', 14745, 0),
	(14748, '0004680', '00008854CD07000304E0', '00008854CD07000304E0', '00008854CD07000304E0', '00008854CD07000304E0', '2012-10-15 00:00:00', 1, '1', 14748, 0),
	(14751, '0004681', '000037A1CD74000104E0', '000037A1CD74000104E0', '000037A1CD74000104E0', '000037A1CD74000104E0', '2012-10-25 12:00:00', 1, '1', 14751, 0),
	(14752, '0004682', '0000997DCD74000104E0', '0000997DCD74000104E0', '0000997DCD74000104E0', '0000997DCD74000104E0', '2012-10-25 12:00:00', 1, '1', 14752, 0),
	(14753, '0004683', '0000D190CB74000104E0', '0000D190CB74000104E0', '0000D190CB74000104E0', '0000D190CB74000104E0', '2012-10-25 12:00:00', 1, '1', 14753, 0),
	(14754, '0004684', '0000143DCD07000304E0', '0000143DCD07000304E0', '0000143DCD07000304E0', '0000143DCD07000304E0', '2012-10-25 12:00:00', 1, '1', 14754, 0),
	(14755, '0004685', '0000196CCD07000304E0', '0000196CCD07000304E0', '0000196CCD07000304E0', '0000196CCD07000304E0', '2012-10-25 12:00:00', 1, '1', 14755, 0),
	(14756, '0004686', '0000DA6BCD07000304E0', '0000DA6BCD07000304E0', '0000DA6BCD07000304E0', '0000DA6BCD07000304E0', '2012-10-25 12:00:00', 1, '1', 14756, 0),
	(14757, '0004687', '00004E85CD74000104E0', '00004E85CD74000104E0', '00004E85CD74000104E0', '00004E85CD74000104E0', '2012-11-02 00:00:00', 1, '1', 14757, 0),
	(14758, '0004688', '00000CA7CD74000104E0', '00000CA7CD74000104E0', '00000CA7CD74000104E0', '00000CA7CD74000104E0', '2012-11-02 00:00:00', 1, '1', 14758, 0),
	(14759, '0004689', '0000A275AF08000304E0', '0000A275AF08000304E0', '0000A275AF08000304E0', '0000A275AF08000304E0', '2012-12-06 10:00:00', 1, '1', 14759, 0),
	(14760, '0004690', '0000C653CD07000304E0', '0000C653CD07000304E0', '0000C653CD07000304E0', '0000C653CD07000304E0', '2012-12-06 10:00:00', 1, '1', 14760, 0),
	(14761, '0004691', '00004775AF08000304E0', '00004775AF08000304E0', '00004775AF08000304E0', '00004775AF08000304E0', '2012-12-06 10:00:00', 1, '1', 14761, 0),
	(14762, '0004692', '00002480AF08000304E0', '00002480AF08000304E0', '00002480AF08000304E0', '00002480AF08000304E0', '2012-12-06 10:00:00', 1, '1', 14762, 0),
	(14763, '0004693', '000035C6AF08000304E0', '000035C6AF08000304E0', '000035C6AF08000304E0', '000035C6AF08000304E0', '2012-12-06 10:00:00', 1, '1', 14763, 0),
	(14764, '0004694', '0000FFA3AF08000304E0', '0000FFA3AF08000304E0', '0000FFA3AF08000304E0', '0000FFA3AF08000304E0', '2012-12-06 10:00:00', 1, '1', 14764, 0),
	(14765, '0004695', '0000163DCD07000304E0', '0000163DCD07000304E0', '0000163DCD07000304E0', '0000163DCD07000304E0', '2012-12-06 10:00:00', 1, '1', 14765, 0),
	(14766, '0004696', '0000EBBBAF08000304E0', '0000EBBBAF08000304E0', '0000EBBBAF08000304E0', '0000EBBBAF08000304E0', '2012-12-06 10:00:00', 1, '1', 14766, 0),
	(14767, '0004697', '0000ADC5AF08000304E0', '0000ADC5AF08000304E0', '0000ADC5AF08000304E0', '0000ADC5AF08000304E0', '2012-12-06 10:00:00', 1, '1', 14767, 0),
	(14768, '0004698', '0000B6A3AF08000304E0', '0000B6A3AF08000304E0', '0000B6A3AF08000304E0', '0000B6A3AF08000304E0', '2012-12-06 10:00:00', 1, '1', 14768, 0),
	(14769, '0004699', '00004A8BAF08000304E0', '00004A8BAF08000304E0', '00004A8BAF08000304E0', '00004A8BAF08000304E0', '2012-12-06 10:00:00', 1, '1', 14769, 0),
	(14770, '0004700', '00003055CD07000304E0', '00003055CD07000304E0', '00003055CD07000304E0', '00003055CD07000304E0', '2012-12-06 10:00:00', 1, '1', 14770, 0),
	(14771, '0004701', '0000F3CFAF08000304E0', '0000F3CFAF08000304E0', '0000F3CFAF08000304E0', '0000F3CFAF08000304E0', '2012-12-06 10:00:00', 1, '1', 14771, 0),
	(14772, '0004702', '0000D08AAF08000304E0', '0000D08AAF08000304E0', '0000D08AAF08000304E0', '0000D08AAF08000304E0', '2012-12-06 10:00:00', 1, '1', 14772, 0),
	(14773, '0004703', '00008A6CAF08000304E0', '00008A6CAF08000304E0', '00008A6CAF08000304E0', '00008A6CAF08000304E0', '2012-12-06 10:00:00', 1, '1', 14773, 0),
	(14774, '0004704', '000044D0AF08000304E0', '000044D0AF08000304E0', '000044D0AF08000304E0', '000044D0AF08000304E0', '2012-12-06 10:00:00', 1, '1', 14774, 0),
	(14775, '0004705', '000026BCAF08000304E0', '000026BCAF08000304E0', '000026BCAF08000304E0', '000026BCAF08000304E0', '2012-12-06 10:00:00', 1, '1', 14775, 0),
	(14776, '0004706', '0000CDBBAF08000304E0', '0000CDBBAF08000304E0', '0000CDBBAF08000304E0', '0000CDBBAF08000304E0', '2012-12-06 10:00:00', 1, '1', 14776, 0),
	(14777, '0004707', '0000D897AF08000304E0', '0000D897AF08000304E0', '0000D897AF08000304E0', '0000D897AF08000304E0', '2012-12-06 10:00:00', 1, '1', 14777, 0),
	(14778, '0004708', '000062EECC07000304E0', '000062EECC07000304E0', '000062EECC07000304E0', '000062EECC07000304E0', '2012-12-06 10:00:00', 1, '1', 14778, 0),
	(14779, '0004709', '00006397AF08000304E0', '00006397AF08000304E0', '00006397AF08000304E0', '00006397AF08000304E0', '2012-12-06 10:00:00', 1, '1', 14779, 0),
	(14780, '0004710', '00004CB0AF08000304E0', '00004CB0AF08000304E0', '00004CB0AF08000304E0', '00004CB0AF08000304E0', '2012-12-06 10:00:00', 1, '1', 14780, 0),
	(14781, '0004711', '00008CD5AF08000304E0', '00008CD5AF08000304E0', '00008CD5AF08000304E0', '00008CD5AF08000304E0', '2012-12-06 10:00:00', 1, '1', 14781, 0),
	(14782, '0004712', '0000FC96AF08000304E0', '0000FC96AF08000304E0', '0000FC96AF08000304E0', '0000FC96AF08000304E0', '2012-12-06 10:00:00', 1, '1', 14782, 0),
	(14783, '0004713', '0000BC7FAF08000304E0', '0000BC7FAF08000304E0', '0000BC7FAF08000304E0', '0000BC7FAF08000304E0', '2012-12-06 10:00:00', 1, '1', 14783, 0),
	(14784, '0004714', '000000A4AF08000304E0', '000000A4AF08000304E0', '000000A4AF08000304E0', '000000A4AF08000304E0', '2012-12-06 10:00:00', 1, '1', 14784, 0),
	(14785, '0004715', '0000BCBACD07000304E0', '0000BCBACD07000304E0', '0000BCBACD07000304E0', '0000BCBACD07000304E0', '2012-12-06 10:00:00', 1, '1', 14785, 0),
	(14786, '0004716', '0000E2D5AF08000304E0', '0000E2D5AF08000304E0', '0000E2D5AF08000304E0', '0000E2D5AF08000304E0', '2012-12-06 10:00:00', 1, '1', 14786, 0),
	(14787, '0004717', '0000F9C5AF08000304E0', '0000F9C5AF08000304E0', '0000F9C5AF08000304E0', '0000F9C5AF08000304E0', '2012-12-06 10:00:00', 1, '1', 14787, 0),
	(14788, '0004718', '00000C75AF08000304E0', '00000C75AF08000304E0', '00000C75AF08000304E0', '00000C75AF08000304E0', '2012-12-06 10:00:00', 1, '1', 14788, 0),
	(14789, '0004719', '0000AFC5AF08000304E0', '0000AFC5AF08000304E0', '0000AFC5AF08000304E0', '0000AFC5AF08000304E0', '2012-12-06 10:00:00', 1, '1', 14789, 0),
	(14790, '0004720', '0000346DCD07000304E0', '0000346DCD07000304E0', '0000346DCD07000304E0', '0000346DCD07000304E0', '2012-12-06 10:00:00', 1, '1', 14790, 0),
	(14791, '0004721', '0000617FAF08000304E0', '0000617FAF08000304E0', '0000617FAF08000304E0', '0000617FAF08000304E0', '2012-12-06 10:00:00', 1, '1', 14791, 0),
	(14792, '0004722', '000025BCAF08000304E0', '000025BCAF08000304E0', '000025BCAF08000304E0', '000025BCAF08000304E0', '2012-12-06 10:00:00', 1, '1', 14792, 0),
	(14793, '0004723', '0000D5AFAF08000304E0', '0000D5AFAF08000304E0', '0000D5AFAF08000304E0', '0000D5AFAF08000304E0', '2012-12-06 10:00:00', 1, '1', 14793, 0),
	(14794, '0004724', '0000488BAF08000304E0', '0000488BAF08000304E0', '0000488BAF08000304E0', '0000488BAF08000304E0', '2012-12-06 10:00:00', 1, '1', 14794, 0),
	(14795, '0004725', '0000CB97AF08000304E0', '0000CB97AF08000304E0', '0000CB97AF08000304E0', '0000CB97AF08000304E0', '2012-12-06 10:00:00', 1, '1', 14795, 0),
	(14796, '0004726', '00001580AF08000304E0', '00001580AF08000304E0', '00001580AF08000304E0', '00001580AF08000304E0', '2012-12-06 10:00:00', 1, '1', 14796, 0),
	(14797, '0004727', '0000EB01CE07000304E0', '0000EB01CE07000304E0', '0000EB01CE07000304E0', '0000EB01CE07000304E0', '2012-12-06 10:00:00', 1, '1', 14797, 0),
	(14798, '0004728', '00000FD0AF08000304E0', '00000FD0AF08000304E0', '00000FD0AF08000304E0', '00000FD0AF08000304E0', '2012-12-06 10:00:00', 1, '1', 14798, 0),
	(14799, '0004729', '000000D0AF08000304E0', '000000D0AF08000304E0', '000000D0AF08000304E0', '000000D0AF08000304E0', '2012-12-06 10:00:00', 1, '1', 14799, 0),
	(14800, '0004730', '0000C96BAF08000304E0', '0000C96BAF08000304E0', '0000C96BAF08000304E0', '0000C96BAF08000304E0', '2012-12-06 10:00:00', 1, '1', 14800, 0),
	(14801, '0004731', '0000B766AF08000304E0', '0000B766AF08000304E0', '0000B766AF08000304E0', '0000B766AF08000304E0', '2012-12-06 10:00:00', 1, '1', 14801, 0),
	(14802, '0004732', '0000DC75AF08000304E0', '0000DC75AF08000304E0', '0000DC75AF08000304E0', '0000DC75AF08000304E0', '2012-12-06 10:00:00', 1, '1', 14802, 0),
	(14803, '0004733', '00007097AF08000304E0', '00007097AF08000304E0', '00007097AF08000304E0', '00007097AF08000304E0', '2012-12-06 10:00:00', 1, '1', 14803, 0),
	(14804, '0004734', '000010B0AF08000304E0', '000010B0AF08000304E0', '000010B0AF08000304E0', '000010B0AF08000304E0', '2012-12-06 10:00:00', 1, '1', 14804, 0),
	(14805, '0004735', '00004280AF08000304E0', '00004280AF08000304E0', '00004280AF08000304E0', '00004280AF08000304E0', '2012-12-06 10:00:00', 1, '1', 14805, 0),
	(14806, '0004736', '000008BCAF08000304E0', '000008BCAF08000304E0', '000008BCAF08000304E0', '000008BCAF08000304E0', '2012-12-06 10:00:00', 1, '1', 14806, 0),
	(14807, '0004737', '0000FF82CD07000304E0', '0000FF82CD07000304E0', '0000FF82CD07000304E0', '0000FF82CD07000304E0', '2012-12-06 10:00:00', 1, '1', 14807, 0),
	(14808, '0004738', '00000580AF08000304E0', '00000580AF08000304E0', '00000580AF08000304E0', '00000580AF08000304E0', '2012-12-06 10:00:00', 1, '1', 14808, 0),
	(14809, '0004739', '000087B0AF08000304E0', '000087B0AF08000304E0', '000087B0AF08000304E0', '000087B0AF08000304E0', '2012-12-06 10:00:00', 1, '1', 14809, 0),
	(14810, '0004740', '0000F652CD07000304E0', '0000F652CD07000304E0', '0000F652CD07000304E0', '0000F652CD07000304E0', '2012-12-06 10:00:00', 1, '1', 14810, 0),
	(14811, '0004741', '00005B6CAF08000304E0', '00005B6CAF08000304E0', '00005B6CAF08000304E0', '00005B6CAF08000304E0', '2012-12-06 10:00:00', 1, '1', 14811, 0),
	(14812, '0004742', '0000A46CAF08000304E0', '0000A46CAF08000304E0', '0000A46CAF08000304E0', '0000A46CAF08000304E0', '2012-12-06 10:00:00', 1, '1', 14812, 0),
	(14813, '0004743', '00000A97AF08000304E0', '00000A97AF08000304E0', '00000A97AF08000304E0', '00000A97AF08000304E0', '2012-12-06 10:00:00', 1, '1', 14813, 0),
	(14814, '0004744', '00005602CD07000304E0', '00005602CD07000304E0', '00005602CD07000304E0', '00005602CD07000304E0', '2012-12-06 10:00:00', 1, '1', 14814, 0),
	(14815, '0004745', '000081D7CD07000304E0', '000081D7CD07000304E0', '000081D7CD07000304E0', '000081D7CD07000304E0', '2012-12-06 10:00:00', 1, '1', 14815, 0),
	(14816, '0004746', '00008DD5AF08000304E0', '00008DD5AF08000304E0', '00008DD5AF08000304E0', '00008DD5AF08000304E0', '2012-12-06 10:00:00', 1, '1', 14816, 0),
	(14817, '0004747', '000085C5AF08000304E0', '000085C5AF08000304E0', '000085C5AF08000304E0', '000085C5AF08000304E0', '2012-12-06 10:00:00', 1, '1', 14817, 0),
	(14818, '0004748', '00005B67AF08000304E0', '00005B67AF08000304E0', '00005B67AF08000304E0', '00005B67AF08000304E0', '2012-12-06 10:00:00', 1, '1', 14818, 0),
	(14819, '0004749', '0000707FAF08000304E0', '0000707FAF08000304E0', '0000707FAF08000304E0', '0000707FAF08000304E0', '2012-12-06 10:00:00', 1, '1', 14819, 0),
	(14820, '0004750', '00009B97AF08000304E0', '00009B97AF08000304E0', '00009B97AF08000304E0', '00009B97AF08000304E0', '2012-12-06 10:00:00', 1, '1', 14820, 0),
	(14821, '0004751', '0000AEC5AF08000304E0', '0000AEC5AF08000304E0', '0000AEC5AF08000304E0', '0000AEC5AF08000304E0', '2012-12-06 10:00:00', 1, '1', 14821, 0),
	(14822, '0004752', '0000CF75AF08000304E0', '0000CF75AF08000304E0', '0000CF75AF08000304E0', '0000CF75AF08000304E0', '2012-12-06 10:00:00', 1, '1', 14822, 0),
	(14823, '0004753', '00000A8BAF08000304E0', '00000A8BAF08000304E0', '00000A8BAF08000304E0', '00000A8BAF08000304E0', '2012-12-06 10:00:00', 1, '1', 14823, 0),
	(14824, '0004754', '0000DCC5AF08000304E0', '0000DCC5AF08000304E0', '0000DCC5AF08000304E0', '0000DCC5AF08000304E0', '2012-12-06 10:00:00', 1, '1', 14824, 0),
	(14825, '0004755', '000021B0AF08000304E0', '000021B0AF08000304E0', '000021B0AF08000304E0', '000021B0AF08000304E0', '2012-12-06 10:00:00', 1, '1', 14825, 0),
	(14826, '0004756', '00006867AF08000304E0', '00006867AF08000304E0', '00006867AF08000304E0', '00006867AF08000304E0', '2012-12-06 10:00:00', 1, '1', 14826, 0),
	(14827, '0004757', '0000768BAF08000304E0', '0000768BAF08000304E0', '0000768BAF08000304E0', '0000768BAF08000304E0', '2012-12-06 10:00:00', 1, '1', 14827, 0),
	(14828, '0004758', '0000CF18CD07000304E0', '0000CF18CD07000304E0', '0000CF18CD07000304E0', '0000CF18CD07000304E0', '2012-12-06 10:00:00', 1, '1', 14828, 0),
	(14829, '0004759', '000044BCAF08000304E0', '000044BCAF08000304E0', '000044BCAF08000304E0', '000044BCAF08000304E0', '2012-12-06 10:00:00', 1, '1', 14829, 0),
	(14830, '0004760', '00003B67AF08000304E0', '00003B67AF08000304E0', '00003B67AF08000304E0', '00003B67AF08000304E0', '2012-12-06 10:00:00', 1, '1', 14830, 0),
	(14831, '0004761', '0000F9D4CD07000304E0', '0000F9D4CD07000304E0', '0000F9D4CD07000304E0', '0000F9D4CD07000304E0', '2012-12-06 10:00:00', 1, '1', 14831, 0),
	(14832, '0004762', '0000D86BAF08000304E0', '0000D86BAF08000304E0', '0000D86BAF08000304E0', '0000D86BAF08000304E0', '2012-12-06 10:00:00', 1, '1', 14832, 0),
	(14833, '0004763', '00003BA4AF08000304E0', '00003BA4AF08000304E0', '00003BA4AF08000304E0', '00003BA4AF08000304E0', '2012-12-06 10:00:00', 1, '1', 14833, 0),
	(14834, '0004764', '0000D7CFAF08000304E0', '0000D7CFAF08000304E0', '0000D7CFAF08000304E0', '0000D7CFAF08000304E0', '2012-12-06 10:00:00', 1, '1', 14834, 0),
	(14835, '0004765', '000053D0AF08000304E0', '000053D0AF08000304E0', '000053D0AF08000304E0', '000053D0AF08000304E0', '2012-12-06 10:00:00', 1, '1', 14835, 0),
	(14836, '0004766', '0000C553CD07000304E0', '0000C553CD07000304E0', '0000C553CD07000304E0', '0000C553CD07000304E0', '2012-12-06 10:00:00', 1, '1', 14836, 0),
	(14837, '0004767', '0000BD97AF08000304E0', '0000BD97AF08000304E0', '0000BD97AF08000304E0', '0000BD97AF08000304E0', '2012-12-06 10:00:00', 1, '1', 14837, 0),
	(14838, '0004768', '000062D0AF08000304E0', '000062D0AF08000304E0', '000062D0AF08000304E0', '000062D0AF08000304E0', '2012-12-06 10:00:00', 1, '1', 14838, 0),
	(14839, '0004769', '00002952CD07000304E0', '00002952CD07000304E0', '00002952CD07000304E0', '00002952CD07000304E0', '2012-12-06 10:00:00', 1, '1', 14839, 0),
	(14840, '0004770', '0000796CAF08000304E0', '0000796CAF08000304E0', '0000796CAF08000304E0', '0000796CAF08000304E0', '2012-12-06 10:00:00', 1, '1', 14840, 0),
	(14841, '0004771', '00001897AF08000304E0', '00001897AF08000304E0', '00001897AF08000304E0', '00001897AF08000304E0', '2012-12-06 10:00:00', 1, '1', 14841, 0),
	(14842, '0004772', '00005606CD07000304E0', '00005606CD07000304E0', '00005606CD07000304E0', '00005606CD07000304E0', '2012-12-06 10:00:00', 1, '1', 14842, 0),
	(14843, '0004773', '00009755CD07000304E0', '00009755CD07000304E0', '00009755CD07000304E0', '00009755CD07000304E0', '2012-12-06 10:00:00', 1, '1', 14843, 0);
/*!40000 ALTER TABLE `gpswireless` ENABLE KEYS */;


-- Dumping structure for table naesta_cleanup.gps_data
DROP TABLE IF EXISTS `gps_data`;
CREATE TABLE IF NOT EXISTS `gps_data` (
  `id` int(10) NOT NULL AUTO_INCREMENT,
  `trip_id` int(10) NOT NULL,
  `dateTimeOfFix` varchar(25) DEFAULT NULL,
  `point` int(3) NOT NULL,
  `latitude` varchar(15) NOT NULL,
  `latitude_direction` varchar(1) DEFAULT NULL,
  `longitude` varchar(15) NOT NULL,
  `longitude_direction` varchar(1) DEFAULT NULL,
  `quality` int(1) DEFAULT NULL,
  `satelite_count` int(2) DEFAULT NULL,
  `hori_posi_dilu` varchar(5) DEFAULT NULL,
  `altitude` varchar(5) DEFAULT NULL,
  `geo_height` varchar(5) DEFAULT NULL,
  PRIMARY KEY (`id`),
  KEY `FKB9F9F21FF2E0C3D6` (`trip_id`),
  CONSTRAINT `FKB9F9F21FF2E0C3D6` FOREIGN KEY (`trip_id`) REFERENCES `tripinfo` (`id`)
) ENGINE=InnoDB DEFAULT CHARSET=latin1;

-- Dumping data for table naesta_cleanup.gps_data: ~0 rows (approximately)
DELETE FROM `gps_data`;
/*!40000 ALTER TABLE `gps_data` DISABLE KEYS */;
/*!40000 ALTER TABLE `gps_data` ENABLE KEYS */;


-- Dumping structure for table naesta_cleanup.groups
DROP TABLE IF EXISTS `groups`;
CREATE TABLE IF NOT EXISTS `groups` (
  `id` int(11) NOT NULL AUTO_INCREMENT,
  `description` varchar(255) DEFAULT NULL,
  `name` varchar(45) NOT NULL,
  PRIMARY KEY (`id`),
  UNIQUE KEY `name_UNIQUE` (`name`)
) ENGINE=InnoDB AUTO_INCREMENT=68 DEFAULT CHARSET=latin1;

-- Dumping data for table naesta_cleanup.groups: ~10 rows (approximately)
DELETE FROM `groups`;
/*!40000 ALTER TABLE `groups` DISABLE KEYS */;
INSERT INTO `groups` (`id`, `description`, `name`) VALUES
	(1, 'Group for SUPERUSER', 'SUPERUSER'),
	(2, 'Group for All USER', 'USER'),
	(3, 'End users with a subscription under a Subscriber Primary Account', 'DependentSubscriber'),
	(4, 'End users who have signed up for any subscriber plan offered by the SBS', 'Subscriber'),
	(5, 'Student with access number and access pin', 'Student'),
	(39, 'Team members responsible for day-to-day operations / maintenance', 'Technician'),
	(41, 'All Techs and Customer Service Representatives responsibe for operations', 'Operator'),
	(43, 'Program stakeholders  sponsorship terms.', 'Sponsor'),
	(59, 'Dependent', 'Dependent'),
	(67, 'A group with administrator priviledges.', 'Admin');
/*!40000 ALTER TABLE `groups` ENABLE KEYS */;


-- Dumping structure for table naesta_cleanup.gsm
DROP TABLE IF EXISTS `gsm`;
CREATE TABLE IF NOT EXISTS `gsm` (
  `id` int(10) NOT NULL AUTO_INCREMENT,
  `uaid` varchar(45) NOT NULL,
  `msnbc` varchar(100) DEFAULT NULL,
  `msnemb` varchar(100) DEFAULT NULL,
  `obcn` varchar(100) DEFAULT NULL,
  `registeredon` timestamp NULL DEFAULT NULL,
  `kiosk_id` int(10) DEFAULT NULL,
  `status_connection` int(1) DEFAULT NULL,
  `status_enabled` varchar(1) DEFAULT NULL,
  PRIMARY KEY (`id`),
  UNIQUE KEY `uaid_UNIQUE` (`uaid`),
  UNIQUE KEY `msnbc` (`msnbc`),
  UNIQUE KEY `msnemb` (`msnemb`),
  UNIQUE KEY `obcn` (`obcn`)
) ENGINE=InnoDB DEFAULT CHARSET=latin1;

-- Dumping data for table naesta_cleanup.gsm: ~0 rows (approximately)
DELETE FROM `gsm`;
/*!40000 ALTER TABLE `gsm` DISABLE KEYS */;
/*!40000 ALTER TABLE `gsm` ENABLE KEYS */;


-- Dumping structure for procedure naesta_cleanup.GSMDowntime
DROP PROCEDURE IF EXISTS `GSMDowntime`;
DELIMITER //
CREATE DEFINER=`adminuser`@`%` PROCEDURE `GSMDowntime`()
BEGIN
DECLARE GSMDOWNTIME_TABLE_COUNT INT DEFAULT 0;
DECLARE QCONDITION VARCHAR(45);
SET GSMDOWNTIME_TABLE_COUNT = (SELECT count(*) FROM GSMDowntime);
IF (GSMDOWNTIME_TABLE_COUNT = 0) THEN 
	CALL GSMDowntimeForAll();
ELSE
	CALL GSMDowntimeForToday();
END IF;
SET @sql = CONCAT ('Select 1 ' , '');
PREPARE stmt1 FROM @sql;
EXECUTE stmt1;
DEALLOCATE PREPARE stmt1;
END//
DELIMITER ;


-- Dumping structure for table naesta_cleanup.gsmdowntime
DROP TABLE IF EXISTS `gsmdowntime`;
CREATE TABLE IF NOT EXISTS `gsmdowntime` (
  `id` int(11) NOT NULL AUTO_INCREMENT,
  `heartbeatid` int(11) DEFAULT NULL,
  `stxid` int(10) DEFAULT NULL,
  `stxuaid` varchar(15) DEFAULT NULL,
  `kskuaid` varchar(15) DEFAULT NULL,
  `hbmintime` datetime DEFAULT NULL,
  `hbmaxtime` datetime DEFAULT NULL,
  `previouseventdate` datetime DEFAULT NULL,
  `eventdate` datetime DEFAULT NULL,
  `duration` decimal(10,0) DEFAULT NULL,
  PRIMARY KEY (`id`)
) ENGINE=InnoDB DEFAULT CHARSET=latin1 ROW_FORMAT=COMPACT;

-- Dumping data for table naesta_cleanup.gsmdowntime: ~0 rows (approximately)
DELETE FROM `gsmdowntime`;
/*!40000 ALTER TABLE `gsmdowntime` DISABLE KEYS */;
/*!40000 ALTER TABLE `gsmdowntime` ENABLE KEYS */;


-- Dumping structure for procedure naesta_cleanup.GSMDowntimeForAll
DROP PROCEDURE IF EXISTS `GSMDowntimeForAll`;
DELIMITER //
CREATE DEFINER=`adminuser`@`%` PROCEDURE `GSMDowntimeForAll`()
BEGIN
DECLARE HB_INTERVAL INT DEFAULT 30;
DECLARE HB_SEQUENCE_COUNT INT DEFAULT 2;
DECLARE HB_COUNT_TIME_OUT INT;
DECLARE STX_ID,HB_ID INT;
DECLARE noRecords INT DEFAULT 0;
DECLARE STX_Uaid VARCHAR(15);
DECLARE KSK_Uaid VARCHAR(15);
DECLARE hbMinTime,hbMaxTime TIMESTAMP;
DECLARE previous_event_date,event_date DATETIME;
DECLARE flgFirst INT DEFAULT 1;
DECLARE eventCounter INT DEFAULT 0;
DECLARE duration FLOAT DEFAULT 0.00;
DECLARE latestheartbeats CURSOR FOR 
SELECT hbid,stxid,stxUaid,kioskUaid, mintime, maxtime
	FROM (
		Select hbid,stxUaid,kioskUaid, mintime, maxtime,stxid
		FROM  
		(
			SELECT  heartbeat.id as hbid, (`heartbeat`.`datetime`) mintime ,(@row:=@row+1) as rowid , k.uaid as kioskUaid, s.uaid as stxUaid, s.id as stxid,
			Date_format(`heartbeat`.`datetime`,'%H:%i:%s') as disconnectedtime
			FROM  `heartbeat` , (select @row:=1) as rowid,station s , kiosk k
			WHERE s.id =heartbeat.atSTXId 
			AND `heartbeat`.`atKSKID` = `k`.`id` 
			GROUP BY date_format(heartbeat.datetime,'%m/%d/%Y'), @row -1 order by kioskUaid,rowid,datetime
		) Table1 
		INNER JOIN
		(
			SELECT  (`heartbeat`.`datetime`) maxtime  ,(@rowid:=@rowid+1) as  rownum
			FROM `heartbeat` ,(Select @rowid:=0) as rownum,station s , kiosk k
			WHERE s.id =heartbeat.atSTXId 
			AND `heartbeat`.`atKSKID` = `k`.`id` 
		) Table2
		ON /*DATE_FORMAT(maxtime,'%m/%d/%Y' ) = DATE_FORMAT(mintime,'%m/%d/%Y' )
		AND*/ Table1.rowid = Table2.rownum 
		AND (TIME_TO_SEC(TIMEDIFF(maxtime,mintime))/60) > HB_INTERVAL
	)HB;
DECLARE CONTINUE HANDLER FOR NOT FOUND,SQLEXCEPTION SET noRecords = 1;
SET HB_INTERVAL = (SELECT `paramvalue` FROM `systemconfig` WHERE `paramname` = 'HEARTBEAT_INTERVAL');
SET HB_COUNT_TIME_OUT = (SELECT `paramvalue` FROM `systemconfig` WHERE `paramname` = 'HB_COUNT_TIME_OUTS'); 
SET HB_SEQUENCE_COUNT = (HB_INTERVAL * HB_COUNT_TIME_OUT); 
	
OPEN latestheartbeats;
hbloop: LOOP
   
	FETCH latestheartbeats INTO HB_ID,STX_ID,STX_Uaid,KSK_Uaid,hbMinTime,hbMaxTime;
	/*INSERT INTO ss (col1) values(concat('1',' ',hbMinTime,' ',hbMaxTime,' ',STX_ID)); */
	IF noRecords THEN
      LEAVE hbloop;
	END IF;
	SET previous_event_date = NULL;
BLOCK2: begin 
  DECLARE no_more_rows boolean DEFAULT FALSE;
  DECLARE hbevents CURSOR FOR SELECT eventcreationdt FROM event_transaction WHERE eventcreationdt BETWEEN hbMinTime AND hbMaxTime AND station = STX_ID AND eventId IN(SELECT id from event_master where event_source='GSM');
  DECLARE CONTINUE HANDLER FOR NOT FOUND SET no_more_rows = TRUE;
  SET eventCounter = 0;
  SET flgFirst = 1;
  OPEN hbevents;
	hbeventsloop: LOOP
		FETCH hbevents INTO event_date;
		/*INSERT INTO ss (col1) values(concat('2', ' ',hbMinTime,' ',hbMaxTime,' ',STX_ID,' ', event_date)); */
		IF no_more_rows THEN
			IF (eventCounter > 0) THEN 
				/*INSERT INTO ss (col1) values(concat('3', ' ',hbMinTime,' ',hbMaxTime,' ',STX_ID,' ', event_date,' ',eventCounter)); */
				IF (TIME_TO_SEC(TIMEDIFF(hbMaxTime,previous_event_date))/60) >= HB_SEQUENCE_COUNT THEN 
					SET duration = TIME_TO_SEC(TIMEDIFF(hbMaxTime,previous_event_date))/60;
					/* insert record */
					INSERT INTO gsmdowntime (heartbeatid,stxid,stxuaid,kskuaid,hbmintime,hbmaxtime,previouseventdate,eventdate,duration) values (HB_ID,STX_ID, STX_Uaid,KSK_Uaid,hbMinTime,hbMaxTime,previous_event_date,event_date,duration);
				END IF;
			ELSE
				/*INSERT INTO ss (col1) values(concat('4', ' ',hbMinTime,' ',hbMaxTime,' ',STX_ID,' ', event_date,' ',eventCounter)); */
				IF (TIME_TO_SEC(TIMEDIFF(hbMaxTime,hbMinTime))/60) >= HB_SEQUENCE_COUNT THEN 
					SET duration = TIME_TO_SEC(TIMEDIFF(hbMaxTime,hbMinTime))/60;
					/* insert record */
					INSERT INTO gsmdowntime (heartbeatid,stxid,stxuaid,kskuaid,hbmintime,hbmaxtime,previouseventdate,eventdate,duration) values (HB_ID,STX_ID, STX_Uaid,KSK_Uaid,hbMinTime,hbMaxTime,previous_event_date,NULL,duration);
				END IF;
			END IF;
			CLOSE hbevents;	
			LEAVE hbeventsloop;
		END IF;
		SET eventCounter = eventCounter +1;
		IF (flgFirst = 1) THEN
			SET flgFirst = 0;
			/*INSERT INTO ss (col1) values(concat('5', ' firstflag ',hbMinTime,' ',hbMaxTime,' ',STX_ID,' ', event_date,' ',eventCounter)); */
			IF (TIME_TO_SEC(TIMEDIFF(event_date,hbMinTime))/60) >= HB_SEQUENCE_COUNT THEN 
				SET duration = TIME_TO_SEC(TIMEDIFF(event_date,hbMinTime))/60;
				/* insert record */
				INSERT INTO gsmdowntime (heartbeatid,stxid,stxuaid,kskuaid,hbmintime,hbmaxtime,previouseventdate,eventdate,duration) values (HB_ID,STX_ID, STX_Uaid,KSK_Uaid,hbMinTime,hbMaxTime,previous_event_date,event_date,duration);				
			END IF; 
			SET previous_event_date = event_date;			
		ELSE
			/*INSERT INTO ss (col1) values(concat('5', ' firstflag else ',hbMinTime,' ',hbMaxTime,' ',STX_ID,' ', event_date,' ',eventCounter)); */
			IF (TIME_TO_SEC(TIMEDIFF(event_date,previous_event_date))/60) >= HB_SEQUENCE_COUNT THEN 
				SET duration = TIME_TO_SEC(TIMEDIFF(event_date,previous_event_date))/60;
				/* insert record */
				INSERT INTO gsmdowntime (heartbeatid,stxid,stxuaid,kskuaid,hbmintime,hbmaxtime,previouseventdate,eventdate,duration) values (HB_ID,STX_ID, STX_Uaid,KSK_Uaid,hbMinTime,hbMaxTime,previous_event_date,event_date,duration);				
		   END IF; 
		   SET previous_event_date = event_date;			
		END IF;
	END LOOP hbeventsloop;
  END BLOCK2;
END LOOP hbloop;
CLOSE latestheartbeats;	
END//
DELIMITER ;


-- Dumping structure for procedure naesta_cleanup.GSMDowntimeForToday
DROP PROCEDURE IF EXISTS `GSMDowntimeForToday`;
DELIMITER //
CREATE DEFINER=`adminuser`@`%` PROCEDURE `GSMDowntimeForToday`()
BEGIN
DECLARE HB_INTERVAL INT DEFAULT 30;
DECLARE HB_SEQUENCE_COUNT INT DEFAULT 2;
DECLARE HB_COUNT_TIME_OUT INT;
DECLARE STX_ID,HB_ID INT;
DECLARE noRecords INT DEFAULT 0;
DECLARE STX_Uaid VARCHAR(15);
DECLARE KSK_Uaid VARCHAR(15);
DECLARE hbMinTime,hbMaxTime TIMESTAMP;
DECLARE previous_event_date,event_date DATETIME;
DECLARE flgFirst INT DEFAULT 1;
DECLARE eventCounter INT DEFAULT 0;
DECLARE duration FLOAT DEFAULT 0.00;
DECLARE latestheartbeats CURSOR FOR 
SELECT hbid,stxid,stxUaid,kioskUaid, mintime, maxtime
	FROM (
		Select hbid,stxUaid,kioskUaid, mintime, maxtime,stxid
		FROM  
		(
			SELECT  heartbeat.id as hbid, (`heartbeat`.`datetime`) mintime ,(@row:=@row+1) as rowid , k.uaid as kioskUaid, s.uaid as stxUaid, s.id as stxid,
			Date_format(`heartbeat`.`datetime`,'%H:%i:%s') as disconnectedtime
			FROM  `heartbeat` , (select @row:=1) as rowid,station s , kiosk k
			WHERE s.id =heartbeat.atSTXId 
			AND `heartbeat`.`atKSKID` = `k`.`id` AND date_format(heartbeat.datetime,'%m/%d/%Y') = date_format(CURRENT_DATE,'%m/%d/%Y')
			GROUP BY date_format(heartbeat.datetime,'%m/%d/%Y'), @row -1 order by kioskUaid,rowid,datetime
		) Table1 
		INNER JOIN
		(
			SELECT  (`heartbeat`.`datetime`) maxtime  ,(@rowid:=@rowid+1) as  rownum
			FROM `heartbeat` ,(Select @rowid:=0) as rownum,station s , kiosk k
			WHERE s.id =heartbeat.atSTXId 
			AND `heartbeat`.`atKSKID` = `k`.`id` AND date_format(heartbeat.datetime,'%m/%d/%Y') = date_format(CURRENT_DATE,'%m/%d/%Y') 
		) Table2
		ON DATE_FORMAT(maxtime,'%m/%d/%Y' ) = DATE_FORMAT(mintime,'%m/%d/%Y' )
		AND Table1.rowid = Table2.rownum 
		AND (TIME_TO_SEC(TIMEDIFF(maxtime,mintime))/60) > HB_INTERVAL
	)HB;
DECLARE CONTINUE HANDLER FOR NOT FOUND,SQLEXCEPTION SET noRecords = 1;
SET HB_INTERVAL = (SELECT `paramvalue` FROM `systemconfig` WHERE `paramname` = 'HEARTBEAT_INTERVAL');
SET HB_COUNT_TIME_OUT = (SELECT `paramvalue` FROM `systemconfig` WHERE `paramname` = 'HB_COUNT_TIME_OUTS'); 
SET HB_SEQUENCE_COUNT = (HB_INTERVAL * HB_COUNT_TIME_OUT); 
	
OPEN latestheartbeats;
hbloop: LOOP
   
	FETCH latestheartbeats INTO HB_ID,STX_ID,STX_Uaid,KSK_Uaid,hbMinTime,hbMaxTime;
	/*INSERT INTO ss (col1) values(concat('1',' ',hbMinTime,' ',hbMaxTime,' ',STX_ID)); */
	IF noRecords THEN
      LEAVE hbloop;
	END IF;
	SET previous_event_date = NULL;
BLOCK2: begin 
  DECLARE no_more_rows boolean DEFAULT FALSE;
  DECLARE hbevents CURSOR FOR SELECT eventcreationdt FROM event_transaction WHERE eventcreationdt BETWEEN hbMinTime AND hbMaxTime AND station = STX_ID AND eventId IN(SELECT id from event_master where event_source='GSM');
  DECLARE CONTINUE HANDLER FOR NOT FOUND SET no_more_rows = TRUE;
  SET eventCounter = 0;
  SET flgFirst = 1;
  OPEN hbevents;
	hbeventsloop: LOOP
		FETCH hbevents INTO event_date;
		/*INSERT INTO ss (col1) values(concat('2', ' ',hbMinTime,' ',hbMaxTime,' ',STX_ID,' ', event_date)); */
		IF no_more_rows THEN
			IF (eventCounter > 0) THEN 
				/*INSERT INTO ss (col1) values(concat('3', ' ',hbMinTime,' ',hbMaxTime,' ',STX_ID,' ', event_date,' ',eventCounter)); */
				IF (TIME_TO_SEC(TIMEDIFF(hbMaxTime,previous_event_date))/60) >= HB_SEQUENCE_COUNT THEN 
					SET duration = TIME_TO_SEC(TIMEDIFF(hbMaxTime,previous_event_date))/60;
					/* insert record */
					INSERT INTO gsmdowntime (heartbeatid,stxid,stxuaid,kskuaid,hbmintime,hbmaxtime,previouseventdate,eventdate,duration) values (HB_ID,STX_ID, STX_Uaid,KSK_Uaid,hbMinTime,hbMaxTime,previous_event_date,event_date,duration);
				END IF;
			ELSE
				/*INSERT INTO ss (col1) values(concat('4', ' ',hbMinTime,' ',hbMaxTime,' ',STX_ID,' ', event_date,' ',eventCounter)); */
				IF (TIME_TO_SEC(TIMEDIFF(hbMaxTime,hbMinTime))/60) >= HB_SEQUENCE_COUNT THEN 
					SET duration = TIME_TO_SEC(TIMEDIFF(hbMaxTime,hbMinTime))/60;
					/* insert record */
					INSERT INTO gsmdowntime (heartbeatid,stxid,stxuaid,kskuaid,hbmintime,hbmaxtime,previouseventdate,eventdate,duration) values (HB_ID,STX_ID, STX_Uaid,KSK_Uaid,hbMinTime,hbMaxTime,previous_event_date,NULL,duration);
				END IF;
			END IF;
			CLOSE hbevents;	
			LEAVE hbeventsloop;
		END IF;
		SET eventCounter = eventCounter +1;
		IF (flgFirst = 1) THEN
			SET flgFirst = 0;
			/*INSERT INTO ss (col1) values(concat('5', ' firstflag ',hbMinTime,' ',hbMaxTime,' ',STX_ID,' ', event_date,' ',eventCounter)); */
			IF (TIME_TO_SEC(TIMEDIFF(event_date,hbMinTime))/60) >= HB_SEQUENCE_COUNT THEN 
				SET duration = TIME_TO_SEC(TIMEDIFF(event_date,hbMinTime))/60;
				/* insert record */
				INSERT INTO gsmdowntime (heartbeatid,stxid,stxuaid,kskuaid,hbmintime,hbmaxtime,previouseventdate,eventdate,duration) values (HB_ID,STX_ID, STX_Uaid,KSK_Uaid,hbMinTime,hbMaxTime,previous_event_date,event_date,duration);				
			END IF; 
			SET previous_event_date = event_date;			
		ELSE
			/*INSERT INTO ss (col1) values(concat('5', ' firstflag else ',hbMinTime,' ',hbMaxTime,' ',STX_ID,' ', event_date,' ',eventCounter)); */
			IF (TIME_TO_SEC(TIMEDIFF(event_date,previous_event_date))/60) >= HB_SEQUENCE_COUNT THEN 
				SET duration = TIME_TO_SEC(TIMEDIFF(event_date,previous_event_date))/60;
				/* insert record */
				INSERT INTO gsmdowntime (heartbeatid,stxid,stxuaid,kskuaid,hbmintime,hbmaxtime,previouseventdate,eventdate,duration) values (HB_ID,STX_ID, STX_Uaid,KSK_Uaid,hbMinTime,hbMaxTime,previous_event_date,event_date,duration);				
		   END IF; 
		   SET previous_event_date = event_date;			
		END IF;
	END LOOP hbeventsloop;
  END BLOCK2;
END LOOP hbloop;
CLOSE latestheartbeats;	
END//
DELIMITER ;


-- Dumping structure for table naesta_cleanup.heartbeat
DROP TABLE IF EXISTS `heartbeat`;
CREATE TABLE IF NOT EXISTS `heartbeat` (
  `id` int(10) NOT NULL AUTO_INCREMENT,
  `msnbc` varchar(100) DEFAULT NULL,
  `dateTime` datetime DEFAULT NULL,
  `atKSKId` int(10) DEFAULT NULL,
  `atSTXId` int(10) DEFAULT NULL,
  `ccrOprStatus` varchar(10) DEFAULT NULL,
  `ksrOperStatus` varchar(10) DEFAULT NULL,
  `doorSensorstatus` varchar(10) DEFAULT NULL,
  `pdmBatteryVoltage` varchar(10) DEFAULT NULL,
  `pdmScmOutputVoltage` varchar(10) DEFAULT NULL,
  `pdmPrinterVoltageStepup` varchar(10) DEFAULT NULL,
  `pdmOperationalstatus` varchar(10) DEFAULT NULL,
  `ptrPaperSensor` varchar(10) DEFAULT NULL,
  `ptrPaperJam` varchar(10) DEFAULT NULL,
  `ptrOperationalStatus` varchar(10) DEFAULT NULL,
  `scmOperationalStatus` varchar(10) DEFAULT NULL,
  `scmPvTubeVoltageInput` varchar(10) DEFAULT NULL,
  `scmPvTubeCurrentInput` varchar(10) DEFAULT NULL,
  `scmOutputVoltage` varchar(10) DEFAULT NULL,
  `scmOutputCurrent` varchar(10) DEFAULT NULL,
  `scmTemperature` varchar(10) DEFAULT NULL,
  `scmEfficiencyRating` varchar(10) DEFAULT NULL,
  `scuOperationalStatus` varchar(10) DEFAULT NULL,
  `scuDisplayUnitOperationalStatus` varchar(10) DEFAULT NULL,
  `scuDisplayUnitOperatingTemperature` varchar(10) DEFAULT NULL,
  `wimSignalStrength` varchar(10) DEFAULT NULL,
  `wimOperationalstatus` varchar(10) DEFAULT NULL,
  `gsmStatus` varchar(10) DEFAULT NULL,
  `gsmAntennaSignalStrength` varchar(10) DEFAULT NULL,
  `bdpBkServiceRequired` tinyint(1) DEFAULT NULL,
  `stationLockdown` tinyint(1) DEFAULT NULL,
  PRIMARY KEY (`id`),
  KEY `FK_heartbeat` (`atKSKId`),
  KEY `FK_stx` (`atSTXId`),
  CONSTRAINT `heartbeat_ibfk_1` FOREIGN KEY (`atKSKId`) REFERENCES `kiosk` (`id`),
  CONSTRAINT `heartbeat_ibfk_2` FOREIGN KEY (`atSTXId`) REFERENCES `station` (`id`)
) ENGINE=InnoDB AUTO_INCREMENT=52197 DEFAULT CHARSET=latin1;

-- Dumping data for table naesta_cleanup.heartbeat: ~74 rows (approximately)
DELETE FROM `heartbeat`;
/*!40000 ALTER TABLE `heartbeat` DISABLE KEYS */;
INSERT INTO `heartbeat` (`id`, `msnbc`, `dateTime`, `atKSKId`, `atSTXId`, `ccrOprStatus`, `ksrOperStatus`, `doorSensorstatus`, `pdmBatteryVoltage`, `pdmScmOutputVoltage`, `pdmPrinterVoltageStepup`, `pdmOperationalstatus`, `ptrPaperSensor`, `ptrPaperJam`, `ptrOperationalStatus`, `scmOperationalStatus`, `scmPvTubeVoltageInput`, `scmPvTubeCurrentInput`, `scmOutputVoltage`, `scmOutputCurrent`, `scmTemperature`, `scmEfficiencyRating`, `scuOperationalStatus`, `scuDisplayUnitOperationalStatus`, `scuDisplayUnitOperatingTemperature`, `wimSignalStrength`, `wimOperationalstatus`, `gsmStatus`, `gsmAntennaSignalStrength`, `bdpBkServiceRequired`, `stationLockdown`) VALUES
	(52123, '00:d0:69:45:d9:08', '2013-03-12 18:30:00', 320, 1396, '1', '1', '0', '13.53000', '13.53000', '13.53000', '1', '1', '1', '1', '1', '0.00000', '0', '13.40900', '131', '43.0', '0', '1', '1', '43.0', '123', '1', '1', '-1', 0, 0),
	(52124, '00:d0:69:45:d9:08', '2013-03-12 18:30:53', 320, 1396, '1', '1', '0', '13.53000', '13.53000', '13.53000', '1', '1', '1', '1', '1', '0.00000', '0', '13.42300', '127', '42.8', '0', '1', '1', '42.8', '123', '1', '1', '-1', 0, 0),
	(52125, '00:d0:69:45:d9:08', '2013-03-12 18:32:59', 320, 1396, '1', '1', '0', '13.48500', '13.48500', '13.48500', '1', '1', '1', '1', '1', '0.00000', '0', '13.41000', '135', '44.2', '0', '1', '1', '44.2', '123', '1', '1', '-1', 0, 0),
	(52126, '00:d0:69:45:d9:08', '2013-03-12 18:40:00', 320, 1396, '1', '1', '0', '13.57500', '13.57500', '13.57500', '1', '1', '1', '1', '1', '0.00000', '0', '13.46000', '125', '42.5', '0', '1', '1', '42.5', '123', '1', '1', '-1', 0, 0),
	(52127, '00:d0:69:45:d9:08', '2013-03-12 18:50:01', 320, 1396, '1', '1', '0', '13.62000', '13.62000', '13.62000', '1', '1', '1', '1', '1', '0.00000', '0', '13.49700', '125', '42.2', '0', '1', '1', '42.2', '123', '1', '1', '-1', 0, 0),
	(52128, '00:d0:69:45:d9:08', '2013-03-12 19:00:00', 320, 1396, '1', '1', '0', '13.66500', '13.66500', '13.66500', '1', '1', '1', '1', '1', '0.00000', '0', '13.55300', '124', '42.0', '0', '1', '1', '42.0', '123', '1', '1', '-1', 0, 0),
	(52129, '00:d0:69:45:d9:08', '2013-03-12 19:10:00', 320, 1396, '1', '1', '0', '13.71000', '13.71000', '13.71000', '1', '1', '1', '1', '1', '0.00000', '0', '13.59000', '122', '42.2', '0', '1', '1', '42.2', '123', '1', '1', '-1', 0, 0),
	(52130, '00:d0:69:45:d9:08', '2013-03-12 19:20:00', 320, 1396, '1', '1', '0', '13.77000', '13.77000', '13.77000', '1', '1', '1', '1', '1', '0.00000', '0', '13.65300', '123', '42.0', '0', '1', '1', '42.0', '123', '1', '1', '-1', 0, 0),
	(52131, '00:d0:69:45:d9:08', '2013-03-12 19:30:00', 320, 1396, '1', '1', '0', '13.80000', '13.80000', '13.80000', '1', '1', '1', '1', '1', '0.00000', '0', '13.68900', '123', '42.0', '0', '1', '1', '42.0', '123', '1', '1', '-1', 0, 0),
	(52132, '00:d0:69:45:d9:08', '2013-03-12 19:40:00', 320, 1396, '1', '1', '0', '13.90500', '13.90500', '13.90500', '1', '1', '1', '1', '1', '0.00000', '0', '13.78200', '129', '42.0', '0', '1', '1', '42.0', '123', '1', '1', '-1', 0, 0),
	(52133, '00:d0:69:45:d9:08', '2013-03-12 19:50:01', 320, 1396, '1', '1', '0', '13.96500', '13.96500', '13.96500', '1', '1', '1', '1', '1', '0.00000', '0', '13.86900', '123', '42.0', '0', '1', '1', '42.0', '123', '1', '1', '-1', 0, 0),
	(52134, '00:d0:69:45:d9:08', '2013-03-12 20:00:00', 320, 1396, '1', '1', '0', '14.14500', '14.14500', '14.14500', '1', '1', '1', '1', '1', '0.00000', '0', '14.03200', '122', '42.0', '0', '1', '1', '42.0', '123', '1', '1', '-1', 0, 0),
	(52135, '00:d0:69:45:d9:08', '2013-03-12 20:10:00', 320, 1396, '1', '1', '0', '14.34000', '14.34000', '14.34000', '1', '1', '1', '1', '1', '0.00000', '0', '14.23700', '127', '42.0', '0', '1', '1', '42.0', '123', '1', '1', '-1', 0, 0),
	(52136, '00:d0:69:45:d9:08', '2013-03-12 20:20:00', 320, 1396, '1', '1', '0', '14.50500', '14.50500', '14.50500', '1', '1', '1', '1', '1', '0.00000', '0', '14.36800', '121', '42.2', '0', '1', '1', '42.2', '123', '1', '1', '-1', 0, 0),
	(52137, '00:d0:69:45:d9:08', '2013-03-12 20:30:00', 320, 1396, '1', '1', '0', '14.61000', '14.61000', '14.61000', '1', '1', '1', '1', '1', '0.00000', '0', '14.50900', '116', '42.0', '0', '1', '1', '42.0', '123', '1', '1', '-1', 0, 0),
	(52138, '00:d0:69:45:d9:08', '2013-03-12 20:40:00', 320, 1396, '1', '1', '0', '14.77500', '14.77500', '14.77500', '1', '1', '1', '1', '1', '0.00000', '0', '14.65400', '110', '42.0', '0', '1', '1', '42.0', '123', '1', '1', '-1', 0, 0),
	(52139, '00:d0:69:45:d9:08', '2013-03-12 20:50:01', 320, 1396, '1', '1', '0', '14.83500', '14.83500', '14.83500', '1', '1', '1', '1', '1', '0.00000', '0', '14.72200', '122', '42.0', '0', '1', '1', '42.0', '123', '1', '1', '-1', 0, 0),
	(52140, '00:d0:69:45:d9:08', '2013-03-12 21:00:00', 320, 1396, '1', '1', '0', '15.04500', '15.04500', '15.04500', '1', '1', '1', '1', '1', '0.00000', '0', '14.93100', '113', '42.0', '0', '1', '1', '42.0', '123', '1', '1', '-1', 0, 0),
	(52141, '00:d0:69:45:d9:08', '2013-03-12 21:10:00', 320, 1396, '1', '1', '0', '15.13500', '15.13500', '15.13500', '1', '1', '1', '1', '1', '0.00000', '0', '15.01300', '118', '42.0', '0', '1', '1', '42.0', '123', '1', '1', '-1', 0, 0),
	(52142, '00:d0:69:45:d9:08', '2013-03-12 21:20:00', 320, 1396, '1', '1', '0', '15.25500', '15.25500', '15.25500', '1', '1', '1', '1', '1', '0.00000', '0', '15.09700', '116', '42.0', '0', '1', '1', '42.0', '123', '1', '1', '-1', 0, 0),
	(52143, '00:d0:69:45:d9:08', '2013-03-12 21:30:00', 320, 1396, '1', '1', '0', '15.30000', '15.30000', '15.30000', '1', '1', '1', '1', '1', '0.00000', '0', '15.12700', '116', '42.0', '0', '1', '1', '42.0', '123', '1', '1', '-1', 0, 0),
	(52144, '00:d0:69:45:d9:08', '2013-03-12 21:40:01', 320, 1396, '1', '1', '0', '15.34500', '15.34500', '15.34500', '1', '1', '1', '1', '1', '0.00000', '0', '15.25800', '120', '42.0', '0', '1', '1', '42.0', '123', '1', '1', '-1', 0, 0),
	(52145, '00:d0:69:45:d9:08', '2013-03-12 21:50:01', 320, 1396, '1', '1', '0', '15.34500', '15.34500', '15.34500', '1', '1', '1', '1', '1', '0.00000', '0', '15.34500', '119', '42.0', '0', '1', '1', '42.0', '123', '1', '1', '-1', 0, 0),
	(52146, '00:d0:69:45:d9:08', '2013-03-12 22:00:00', 320, 1396, '1', '1', '0', '15.34500', '15.34500', '15.34500', '1', '1', '1', '1', '1', '0.00000', '0', '15.36900', '120', '42.0', '0', '1', '1', '42.0', '123', '1', '1', '-1', 0, 0),
	(52147, '00:d0:69:45:d9:08', '2013-03-12 22:10:00', 320, 1396, '1', '1', '0', '15.34500', '15.34500', '15.34500', '1', '1', '1', '1', '1', '0.00000', '0', '15.33500', '114', '42.0', '0', '1', '1', '42.0', '123', '1', '1', '-1', 0, 0),
	(52148, '00:d0:69:45:d9:08', '2013-03-12 22:20:00', 320, 1396, '1', '1', '0', '15.34500', '15.34500', '15.34500', '1', '1', '1', '1', '1', '0.00000', '0', '15.37200', '120', '42.0', '0', '1', '1', '42.0', '123', '1', '1', '-1', 0, 0),
	(52149, '00:d0:69:45:d9:08', '2013-03-12 22:30:00', 320, 1396, '1', '1', '0', '15.34500', '15.34500', '15.34500', '1', '1', '1', '1', '1', '0.00000', '0', '15.35000', '118', '42.0', '0', '1', '1', '42.0', '123', '1', '1', '-1', 0, 0),
	(52150, '00:d0:69:45:d9:08', '2013-03-12 22:40:01', 320, 1396, '1', '1', '0', '15.34500', '15.34500', '15.34500', '1', '1', '1', '1', '1', '0.00000', '0', '15.36900', '117', '42.0', '0', '1', '1', '42.0', '123', '1', '1', '-1', 0, 0),
	(52151, '00:d0:69:45:d9:08', '2013-03-12 22:50:01', 320, 1396, '1', '1', '0', '15.34500', '15.34500', '15.34500', '1', '1', '1', '1', '1', '0.00000', '0', '15.33100', '113', '42.0', '0', '1', '1', '42.0', '123', '1', '1', '-1', 0, 0),
	(52152, '00:d0:69:45:d9:08', '2013-03-12 23:00:00', 320, 1396, '1', '1', '0', '15.34500', '15.34500', '15.34500', '1', '1', '1', '1', '1', '0.00000', '0', '15.37900', '111', '42.0', '0', '1', '1', '42.0', '123', '1', '1', '-1', 0, 0),
	(52153, '00:d0:69:45:d9:08', '2013-03-12 23:10:00', 320, 1396, '1', '1', '0', '15.34500', '15.34500', '15.34500', '1', '1', '1', '1', '1', '0.00000', '0', '15.34900', '123', '42.0', '0', '1', '1', '42.0', '123', '1', '1', '-1', 0, 0),
	(52154, '00:d0:69:45:d9:08', '2013-03-12 23:20:00', 320, 1396, '1', '1', '0', '13.20000', '13.20000', '13.20000', '1', '1', '1', '1', '1', '0.00000', '0', '13.06000', '114', '41.8', '0', '1', '1', '41.8', '123', '1', '1', '-1', 0, 0),
	(52155, '00:d0:69:45:d9:08', '2013-03-12 23:30:00', 320, 1396, '1', '1', '0', '13.17000', '13.17000', '13.17000', '1', '1', '1', '1', '1', '0.00000', '0', '13.07300', '187', '42.0', '0', '1', '1', '42.0', '123', '1', '1', '-1', 0, 0),
	(52156, '00:d0:69:45:d9:08', '2013-03-12 23:40:01', 320, 1396, '1', '1', '0', '13.18500', '13.18500', '13.18500', '1', '1', '1', '1', '1', '0.00000', '0', '13.07300', '184', '42.0', '0', '1', '1', '42.0', '123', '1', '1', '-1', 0, 0),
	(52157, '00:d0:69:45:d9:08', '2013-03-12 23:50:01', 320, 1396, '1', '1', '0', '13.14000', '13.14000', '13.14000', '1', '1', '1', '1', '1', '0.00000', '0', '13.07500', '191', '42.0', '0', '1', '1', '42.0', '123', '1', '1', '-1', 0, 0),
	(52158, '00:d0:69:45:d9:08', '2013-03-13 00:00:00', 320, 1396, '1', '1', '0', '13.14000', '13.14000', '13.14000', '1', '1', '1', '1', '1', '0.00000', '0', '13.04200', '190', '41.8', '0', '1', '1', '41.8', '123', '1', '1', '-1', 0, 0),
	(52159, '00:d0:69:45:d9:08', '2013-03-13 00:10:00', 320, 1396, '1', '1', '0', '13.20000', '13.20000', '13.20000', '1', '1', '1', '1', '1', '0.00000', '0', '13.05600', '183', '41.8', '0', '1', '1', '41.8', '123', '1', '1', '-1', 0, 0),
	(52160, '00:d0:69:45:d9:08', '2013-03-13 00:20:00', 320, 1396, '1', '1', '0', '13.20000', '13.20000', '13.20000', '1', '1', '1', '1', '1', '0.00000', '0', '13.07100', '184', '41.8', '0', '1', '1', '41.8', '123', '1', '1', '-1', 0, 0),
	(52161, '00:d0:69:45:d9:08', '2013-03-13 00:30:00', 320, 1396, '1', '1', '0', '13.20000', '13.20000', '13.20000', '1', '1', '1', '1', '1', '0.00000', '0', '13.08000', '184', '41.8', '0', '1', '1', '41.8', '123', '1', '1', '-1', 0, 0),
	(52162, '00:d0:69:45:d9:08', '2013-03-13 00:40:01', 320, 1396, '1', '1', '0', '13.11000', '13.11000', '13.11000', '1', '1', '1', '1', '1', '0.00000', '0', '13.02300', '182', '41.8', '0', '1', '1', '41.8', '123', '1', '1', '-1', 0, 0),
	(52163, '00:d0:69:45:d9:08', '2013-03-13 00:50:01', 320, 1396, '1', '1', '0', '13.20000', '13.20000', '13.20000', '1', '1', '1', '1', '1', '0.00000', '0', '13.03600', '184', '41.8', '0', '1', '1', '41.8', '123', '1', '1', '-1', 0, 0),
	(52164, '00:d0:69:45:d9:08', '2013-03-13 01:00:00', 320, 1396, '1', '1', '0', '13.17000', '13.17000', '13.17000', '1', '1', '1', '1', '1', '0.00000', '0', '13.07300', '185', '41.8', '0', '1', '1', '41.8', '123', '1', '1', '-1', 0, 0),
	(52165, '00:d0:69:45:d9:08', '2013-03-13 01:10:00', 320, 1396, '1', '1', '0', '13.20000', '13.20000', '13.20000', '1', '1', '1', '1', '1', '0.00000', '0', '13.04400', '189', '41.8', '0', '1', '1', '41.8', '123', '1', '1', '-1', 0, 0),
	(52166, '00:d0:69:45:d9:08', '2013-03-13 01:20:00', 320, 1396, '1', '1', '0', '13.20000', '13.20000', '13.20000', '1', '1', '1', '1', '1', '0.00000', '0', '13.03600', '185', '41.8', '0', '1', '1', '41.8', '123', '1', '1', '-1', 0, 0),
	(52167, '00:d0:69:45:d9:08', '2013-03-13 01:30:00', 320, 1396, '1', '1', '0', '13.20000', '13.20000', '13.20000', '1', '1', '1', '1', '1', '0.00000', '0', '13.02200', '213', '41.8', '0', '1', '1', '41.8', '123', '1', '1', '-1', 0, 0),
	(52168, '00:d0:69:45:d9:08', '2013-03-13 01:40:01', 320, 1396, '1', '1', '0', '13.18500', '13.18500', '13.18500', '1', '1', '1', '1', '1', '0.00000', '0', '13.04400', '220', '41.5', '0', '1', '1', '41.5', '123', '1', '1', '-1', 0, 0),
	(52169, '00:d0:69:45:d9:08', '2013-03-13 01:50:01', 320, 1396, '1', '1', '0', '13.20000', '13.20000', '13.20000', '1', '1', '1', '1', '1', '0.00000', '0', '13.06000', '219', '41.8', '0', '1', '1', '41.8', '123', '1', '1', '-1', 0, 0),
	(52170, '00:d0:69:45:d9:08', '2013-03-13 02:00:00', 320, 1396, '1', '1', '0', '13.11000', '13.11000', '13.11000', '1', '1', '1', '1', '1', '0.00000', '0', '13.07600', '212', '41.5', '0', '1', '1', '41.5', '123', '1', '1', '-1', 0, 0),
	(52171, '00:d0:69:45:d9:08', '2013-03-13 02:10:00', 320, 1396, '1', '1', '0', '13.14000', '13.14000', '13.14000', '1', '1', '1', '1', '1', '0.00000', '0', '13.07400', '226', '41.8', '0', '1', '1', '41.8', '123', '1', '1', '-1', 0, 0),
	(52172, '00:d0:69:45:d9:08', '2013-03-13 02:20:00', 320, 1396, '1', '1', '0', '13.17000', '13.17000', '13.17000', '1', '1', '1', '1', '1', '0.00000', '0', '13.02400', '228', '41.8', '0', '1', '1', '41.8', '123', '1', '1', '-1', 0, 0),
	(52173, '00:d0:69:45:d9:08', '2013-03-13 02:30:00', 320, 1396, '1', '1', '0', '13.20000', '13.20000', '13.20000', '1', '1', '1', '1', '1', '0.00000', '0', '13.07300', '232', '41.5', '0', '1', '1', '41.5', '123', '1', '1', '-1', 0, 0),
	(52174, '00:d0:69:45:d9:08', '2013-03-13 02:40:01', 320, 1396, '1', '1', '0', '13.17000', '13.17000', '13.17000', '1', '1', '1', '1', '1', '0.00000', '0', '13.03600', '253', '41.8', '0', '1', '1', '41.8', '123', '1', '1', '-1', 0, 0),
	(52175, '00:d0:69:45:d9:08', '2013-03-13 02:50:01', 320, 1396, '1', '1', '0', '13.14000', '13.14000', '13.14000', '1', '1', '1', '1', '1', '0.00000', '0', '13.02500', '261', '41.5', '0', '1', '1', '41.5', '123', '1', '1', '-1', 0, 0),
	(52176, '00:d0:69:45:d9:08', '2013-03-13 03:00:00', 320, 1396, '1', '1', '0', '13.20000', '13.20000', '13.20000', '1', '1', '1', '1', '1', '0.00000', '0', '13.07300', '257', '41.5', '0', '1', '1', '41.5', '123', '1', '1', '-1', 0, 0),
	(52177, '00:d0:69:45:d9:08', '2013-03-13 03:10:00', 320, 1396, '1', '1', '0', '13.20000', '13.20000', '13.20000', '1', '1', '1', '1', '1', '0.00000', '0', '13.03800', '255', '41.8', '0', '1', '1', '41.8', '123', '1', '1', '-1', 0, 0),
	(52178, '00:d0:69:45:d9:08', '2013-03-13 03:20:00', 320, 1396, '1', '1', '0', '13.18500', '13.18500', '13.18500', '1', '1', '1', '1', '1', '0.00000', '0', '13.08500', '255', '41.5', '0', '1', '1', '41.5', '123', '1', '1', '-1', 0, 0),
	(52179, '00:d0:69:45:d9:08', '2013-03-13 03:30:00', 320, 1396, '1', '1', '0', '13.20000', '13.20000', '13.20000', '1', '1', '1', '1', '1', '0.00000', '0', '13.02500', '257', '41.5', '0', '1', '1', '41.5', '123', '1', '1', '-1', 0, 0),
	(52180, '00:d0:69:45:d9:08', '2013-03-13 03:40:01', 320, 1396, '1', '1', '0', '13.11000', '13.11000', '13.11000', '1', '1', '1', '1', '1', '0.00000', '0', '13.07400', '252', '41.8', '0', '1', '1', '41.8', '123', '1', '1', '-1', 0, 0),
	(52181, '00:d0:69:45:d9:08', '2013-03-13 03:50:01', 320, 1396, '1', '1', '0', '13.12500', '13.12500', '13.12500', '1', '1', '1', '1', '1', '0.00000', '0', '13.07300', '255', '41.5', '0', '1', '1', '41.5', '123', '1', '1', '-1', 0, 0),
	(52182, '00:d0:69:45:d9:08', '2013-03-13 04:00:00', 320, 1396, '1', '1', '0', '13.20000', '13.20000', '13.20000', '1', '1', '1', '1', '1', '0.00000', '0', '13.04400', '253', '41.5', '0', '1', '1', '41.5', '123', '1', '1', '-1', 0, 0),
	(52183, '00:d0:69:45:d9:08', '2013-03-13 04:10:00', 320, 1396, '1', '1', '0', '13.12500', '13.12500', '13.12500', '1', '1', '1', '1', '1', '0.00000', '0', '13.07300', '256', '41.8', '0', '1', '1', '41.8', '123', '1', '1', '-1', 0, 0),
	(52184, '00:d0:69:45:d9:08', '2013-03-13 04:20:00', 320, 1396, '1', '1', '0', '13.18500', '13.18500', '13.18500', '1', '1', '1', '1', '1', '0.00000', '0', '13.06700', '256', '41.5', '0', '1', '1', '41.5', '123', '1', '1', '-1', 0, 0),
	(52185, '00:d0:69:45:d9:08', '2013-03-13 04:30:00', 320, 1396, '1', '1', '0', '13.20000', '13.20000', '13.20000', '1', '1', '1', '1', '1', '0.00000', '0', '13.03800', '256', '41.5', '0', '1', '1', '41.5', '123', '1', '1', '-1', 0, 0),
	(52186, '00:d0:69:45:d9:08', '2013-03-13 04:40:01', 320, 1396, '1', '1', '0', '13.14000', '13.14000', '13.14000', '1', '1', '1', '1', '1', '0.00000', '0', '13.05700', '252', '41.5', '0', '1', '1', '41.5', '123', '1', '1', '-1', 0, 0),
	(52187, '00:d0:69:45:d9:08', '2013-03-13 04:50:01', 320, 1396, '1', '1', '0', '13.14000', '13.14000', '13.14000', '1', '1', '1', '1', '1', '0.00000', '0', '13.04400', '254', '41.5', '0', '1', '1', '41.5', '123', '1', '1', '-1', 0, 0),
	(52188, '00:d0:69:45:d9:08', '2013-03-13 05:00:00', 320, 1396, '1', '1', '0', '13.15500', '13.15500', '13.15500', '1', '1', '1', '1', '1', '0.00000', '0', '13.08100', '254', '41.5', '0', '1', '1', '41.5', '123', '1', '1', '-1', 0, 0),
	(52189, '00:d0:69:45:d9:08', '2013-03-13 05:10:00', 320, 1396, '1', '1', '0', '13.09500', '13.09500', '13.09500', '1', '1', '1', '1', '1', '0.00000', '0', '13.05400', '258', '41.5', '0', '1', '1', '41.5', '123', '1', '1', '-1', 0, 0),
	(52190, '00:d0:69:45:d9:08', '2013-03-13 05:20:00', 320, 1396, '1', '1', '0', '13.20000', '13.20000', '13.20000', '1', '1', '1', '1', '1', '0.00000', '0', '13.07400', '255', '41.2', '0', '1', '1', '41.2', '123', '1', '1', '-1', 0, 0),
	(52191, '00:d0:69:45:d9:08', '2013-03-13 05:20:01', 320, 1396, '1', '1', '0', '13.20000', '13.20000', '13.20000', '1', '1', '1', '1', '1', '0.00000', '0', '13.07400', '255', '41.5', '0', '1', '1', '41.5', '123', '1', '1', '-1', 0, 0),
	(52192, '00:d0:69:45:d9:08', '2013-03-13 05:30:00', 320, 1396, '1', '1', '0', '13.17000', '13.17000', '13.17000', '1', '1', '1', '1', '1', '0.00000', '0', '13.07500', '255', '41.2', '0', '1', '1', '41.2', '123', '1', '1', '-1', 0, 0),
	(52193, '00:d0:69:45:d9:08', '2013-03-13 05:40:00', 320, 1396, '1', '1', '0', '13.15500', '13.15500', '13.15500', '1', '1', '1', '1', '1', '0.00000', '0', '13.07300', '254', '41.5', '0', '1', '1', '41.5', '123', '1', '1', '-1', 0, 0),
	(52194, '00:d0:69:45:d9:08', '2013-03-13 05:50:01', 320, 1396, '1', '1', '0', '13.20000', '13.20000', '13.20000', '1', '1', '1', '1', '1', '0.00000', '0', '13.02500', '260', '41.2', '0', '1', '1', '41.2', '123', '1', '1', '-1', 0, 0),
	(52195, '00:d0:69:45:d9:08', '2013-03-13 06:00:00', 320, 1396, '1', '1', '0', '13.09500', '13.09500', '13.09500', '1', '1', '1', '1', '1', '0.00000', '0', '13.07400', '252', '41.5', '0', '1', '1', '41.5', '123', '1', '1', '-1', 0, 0),
	(52196, '00:d0:69:45:d9:08', '2013-03-13 06:10:00', 320, 1396, '1', '1', '0', '13.09500', '13.09500', '13.09500', '1', '1', '1', '1', '1', '0.00000', '0', '13.08300', '255', '41.5', '0', '1', '1', '41.5', '123', '1', '1', '-1', 0, 0);
/*!40000 ALTER TABLE `heartbeat` ENABLE KEYS */;


-- Dumping structure for table naesta_cleanup.invoice
DROP TABLE IF EXISTS `invoice`;
CREATE TABLE IF NOT EXISTS `invoice` (
  `ID` int(11) unsigned NOT NULL AUTO_INCREMENT,
  `CREATE_TIME` timestamp NOT NULL DEFAULT CURRENT_TIMESTAMP ON UPDATE CURRENT_TIMESTAMP,
  `CUSTOMER_ID` int(10) NOT NULL,
  `TOTAL_COST` double DEFAULT NULL,
  `TOTAL_TAX1` double DEFAULT NULL,
  `TOTAL_TAX2` double DEFAULT NULL,
  `INVOICE_TOTAL` double DEFAULT NULL,
  `PAYMENT_ATTEMPTS` int(11) NOT NULL DEFAULT '0',
  `IS_PROCESS_PAYMENT` tinyint(1) NOT NULL DEFAULT '1',
  `DELETED` tinyint(1) NOT NULL DEFAULT '0',
  `STATUS` int(3) DEFAULT NULL,
  PRIMARY KEY (`ID`),
  KEY `CUSTOMER_ID` (`CUSTOMER_ID`),
  CONSTRAINT `invoice_ibfk_1` FOREIGN KEY (`CUSTOMER_ID`) REFERENCES `customer` (`id`)
) ENGINE=InnoDB AUTO_INCREMENT=55 DEFAULT CHARSET=latin1;

-- Dumping data for table naesta_cleanup.invoice: ~50 rows (approximately)
DELETE FROM `invoice`;
/*!40000 ALTER TABLE `invoice` DISABLE KEYS */;
INSERT INTO `invoice` (`ID`, `CREATE_TIME`, `CUSTOMER_ID`, `TOTAL_COST`, `TOTAL_TAX1`, `TOTAL_TAX2`, `INVOICE_TOTAL`, `PAYMENT_ATTEMPTS`, `IS_PROCESS_PAYMENT`, `DELETED`, `STATUS`) VALUES
	(1, '2013-01-31 15:36:33', 164, 95, 0, 0, 95, 1, 1, 0, 1),
	(2, '2013-01-31 16:22:54', 164, 0.5, 0, 0, 0.5, 1, 1, 0, 1),
	(3, '2013-01-31 16:38:02', 165, 95, 0, 0, 95, 1, 1, 0, 1),
	(4, '2013-01-31 20:08:12', 164, 7, 0, 0, 7, 1, 1, 0, 1),
	(5, '2013-01-31 20:24:38', 164, 3, 0, 0, 3, 1, 1, 0, 1),
	(6, '2013-02-01 08:40:35', 164, 1, 0, 0, 1, 1, 1, 0, 1),
	(7, '2013-02-01 09:00:05', 166, 95, 0, 0, 95, 1, 1, 0, 1),
	(8, '2013-02-01 09:33:09', 167, 95, 0, 0, 95, 1, 1, 0, 1),
	(9, '2013-02-01 09:48:06', 168, 95, 0, 0, 95, 1, 1, 0, 1),
	(10, '2013-02-01 10:02:32', 172, 25, 0, 0, 25, 1, 1, 0, 1),
	(11, '2013-02-01 10:18:00', 174, 95, 0, 0, 95, 1, 1, 0, 1),
	(12, '2013-02-01 10:27:59', 176, 19.9, 0, 0, 19.9, 1, 1, 0, 1),
	(13, '2013-02-01 10:31:26', 173, 9.95, 0, 0, 9.95, 1, 1, 0, 1),
	(14, '2013-02-01 10:32:22', 171, 9.95, 0, 0, 9.95, 1, 1, 0, 1),
	(15, '2013-02-01 10:37:04', 177, 95, 0, 0, 95, 1, 1, 0, 1),
	(16, '2013-02-01 10:40:41', 170, 9.95, 0, 0, 9.95, 1, 1, 0, 1),
	(17, '2013-02-01 10:42:43', 169, 9.95, 0, 0, 9.95, 1, 1, 0, 1),
	(18, '2013-02-01 10:49:03', 171, 0, 0, 0, 0, 0, 1, 0, 1),
	(19, '2013-02-01 10:51:49', 179, 95, 0, 0, 95, 1, 1, 0, 1),
	(20, '2013-02-01 11:01:54', 178, 19.9, 0, 0, 19.9, 1, 1, 0, 1),
	(21, '2013-02-04 17:15:50', 164, 5, 0, 0, -5.34, 4, 1, 0, 1),
	(22, '2013-02-01 13:45:44', 181, 9.95, 0, 0, 9.95, 1, 1, 0, 1),
	(23, '2013-02-01 14:29:58', 181, 0, 0, 0, 0, 0, 1, 0, 1),
	(24, '2013-02-01 14:30:49', 179, 9, 0, 0, 9, 1, 1, 0, 1),
	(25, '2013-02-01 16:16:16', 170, 12, 0, 0, 12, 1, 1, 0, 1),
	(26, '2013-02-02 10:12:23', 177, 0, 0, 0, 0, 0, 1, 0, 1),
	(27, '2013-02-02 10:33:27', 172, 12, 0, 0, 12, 1, 1, 0, 1),
	(28, '2013-02-02 10:55:22', 181, 0, 0, 0, 0, 0, 1, 0, 1),
	(29, '2013-02-02 10:58:11', 176, 0, 0, 0, 0, 0, 1, 0, 1),
	(30, '2013-02-02 11:32:47', 181, 4, 0, 0, 4, 1, 1, 0, 1),
	(31, '2013-02-02 12:22:48', 179, 18, 0, 0, 18, 1, 1, 0, 1),
	(32, '2013-02-02 12:25:00', 177, 9, 0, 0, 9, 1, 1, 0, 1),
	(34, '2013-02-02 15:35:19', 186, 95, 0, 0, 95, 1, 1, 0, 1),
	(38, '2013-02-02 16:03:32', 190, 95, 0, 0, 95, 1, 1, 0, 1),
	(39, '2013-02-04 15:23:24', 169, 0, 0, 0, 0, 0, 1, 0, 1),
	(40, '2013-02-04 15:23:24', 173, 19.9, 0, 0, 19.9, 1, 1, 0, 1),
	(41, '2013-02-04 15:23:24', 176, 9.95, 0, 0, 9.95, 1, 1, 0, 1),
	(42, '2013-02-04 15:23:24', 178, 22.95, 0, 0, 22.95, 1, 1, 0, 1),
	(43, '2013-02-04 15:23:24', 180, 106.95, 0, 0, 106.95, 1, 1, 0, 1),
	(44, '2013-02-04 15:23:24', 182, 9.95, 0, 0, 9.95, 1, 1, 0, 1),
	(45, '2013-02-04 15:23:24', 184, 19.9, 0, 0, 19.9, 1, 1, 0, 1),
	(46, '2013-03-01 12:04:10', 164, 4, 0, 0, 4, 1, 1, 0, 2),
	(47, '2013-02-20 10:29:03', 176, 101, 0, 0, 101, 3, 1, 0, 3),
	(48, '2013-02-21 09:29:19', 173, 101, 0, 0, 101, 1, 1, 0, 3),
	(49, '2013-02-21 09:43:12', 173, 202, 0, 0, 202, 1, 1, 0, 3),
	(50, '2013-02-21 10:48:42', 191, 95, 0, 0, 95, 1, 1, 0, 1),
	(51, '2013-02-21 11:29:32', 166, 9.95, 0, 0, 9.95, 1, 1, 0, 1),
	(52, '2013-02-21 12:51:20', 169, 101, 0, 0, 101, 1, 1, 0, 3),
	(53, '2013-02-21 14:08:48', 181, 101, 0, 0, 101, 1, 1, 0, 3),
	(54, '2013-03-12 14:36:48', 176, 202, 0, 0, 202, 1, 1, 0, 3);
/*!40000 ALTER TABLE `invoice` ENABLE KEYS */;


-- Dumping structure for table naesta_cleanup.invoice_line
DROP TABLE IF EXISTS `invoice_line`;
CREATE TABLE IF NOT EXISTS `invoice_line` (
  `ID` int(11) unsigned NOT NULL AUTO_INCREMENT,
  `INVOICE_ID` int(11) unsigned DEFAULT NULL,
  `CUSTOMER_ID` int(10) NOT NULL,
  `ITEM_COST` double DEFAULT NULL,
  `CREATE_TIME` timestamp NOT NULL DEFAULT CURRENT_TIMESTAMP ON UPDATE CURRENT_TIMESTAMP,
  `DELETED` tinyint(1) NOT NULL DEFAULT '0',
  `ITEM_TYPE_ID` int(11) unsigned NOT NULL,
  `DESCRIPTION` varchar(500) DEFAULT NULL,
  `CREATOR` varchar(45) DEFAULT NULL,
  `BIKE_ID` int(11) unsigned DEFAULT NULL,
  PRIMARY KEY (`ID`),
  KEY `INVOICE_ID` (`INVOICE_ID`),
  KEY `CUSTOMER_ID` (`CUSTOMER_ID`),
  KEY `ITEM_TYPE_ID` (`ITEM_TYPE_ID`),
  CONSTRAINT `invoice_line_ibfk_1` FOREIGN KEY (`INVOICE_ID`) REFERENCES `invoice` (`ID`),
  CONSTRAINT `invoice_line_ibfk_2` FOREIGN KEY (`CUSTOMER_ID`) REFERENCES `customer` (`id`),
  CONSTRAINT `invoice_line_ibfk_3` FOREIGN KEY (`ITEM_TYPE_ID`) REFERENCES `item_type` (`ID`)
) ENGINE=InnoDB AUTO_INCREMENT=217 DEFAULT CHARSET=latin1;

-- Dumping data for table naesta_cleanup.invoice_line: ~193 rows (approximately)
DELETE FROM `invoice_line`;
/*!40000 ALTER TABLE `invoice_line` DISABLE KEYS */;
INSERT INTO `invoice_line` (`ID`, `INVOICE_ID`, `CUSTOMER_ID`, `ITEM_COST`, `CREATE_TIME`, `DELETED`, `ITEM_TYPE_ID`, `DESCRIPTION`, `CREATOR`, `BIKE_ID`) VALUES
	(1, 1, 164, 95, '2013-03-05 12:21:48', 0, 1, 'Annual Std', NULL, 14518),
	(2, 2, 164, 1, '2013-01-31 16:14:40', 0, 7, 'Testing TC078 - Add a transaction', NULL, NULL),
	(3, 2, 164, -0.5, '2013-01-31 16:17:10', 0, 6, 'Testing TC081 - Process a refund', NULL, NULL),
	(6, 3, 165, 95, '2013-01-31 16:38:02', 0, 1, 'Annual Std', NULL, NULL),
	(10, 4, 164, 7, '2013-01-31 20:08:10', 0, 7, 'Tested', NULL, NULL),
	(12, 5, 164, 3, '2013-01-31 20:24:32', 0, 7, 'gfgf', NULL, NULL),
	(13, 6, 164, 1, '2013-02-01 08:40:26', 0, 5, 'Test', NULL, NULL),
	(14, 7, 166, 95, '2013-02-01 09:00:05', 0, 1, 'Annual Std', NULL, NULL),
	(15, 21, 164, 0, '2013-02-01 09:25:15', 0, 2, '4972:Bike Return', NULL, NULL),
	(16, 21, 164, 0, '2013-02-01 09:28:26', 0, 2, '4973:Bike Return', NULL, NULL),
	(17, 21, 164, 0, '2013-02-01 09:29:27', 0, 2, '4974:Bike Return', NULL, NULL),
	(18, 8, 167, 95, '2013-02-01 09:33:09', 0, 1, 'Annual Std', NULL, NULL),
	(19, 21, 164, 0, '2013-02-01 09:37:11', 0, 2, '4975:Bike Return', NULL, NULL),
	(20, 21, 164, 0, '2013-02-01 09:37:54', 0, 2, '4976:Bike Return', NULL, NULL),
	(21, 21, 164, 0, '2013-02-01 09:38:23', 0, 2, '4977:Bike Return', NULL, NULL),
	(22, 21, 164, 0, '2013-02-01 09:42:37', 0, 2, '4979:Bike Return', NULL, NULL),
	(23, 21, 164, 0, '2013-02-01 09:43:07', 0, 2, '4980:Bike Return', NULL, NULL),
	(24, 9, 168, 95, '2013-02-01 09:48:06', 0, 1, 'Annual Std', NULL, NULL),
	(25, 17, 169, 9.95, '2013-02-01 09:55:15', 0, 1, '24 Hour Subscription', NULL, NULL),
	(26, 17, 169, 0, '2013-02-01 09:56:16', 0, 2, '4983:Bike Return', NULL, NULL),
	(27, 16, 170, 9.95, '2013-02-01 09:58:04', 0, 1, '24 Hour Subscription', NULL, NULL),
	(28, 16, 170, 0, '2013-02-01 09:58:46', 0, 2, '4984:Bike Return', NULL, NULL),
	(29, 14, 171, 9.95, '2013-02-01 09:59:36', 0, 1, '24 Hour Subscription', NULL, NULL),
	(30, 10, 172, 25, '2013-02-01 10:02:32', 0, 1, '7 Day Subscription', NULL, NULL),
	(31, 14, 171, 0, '2013-02-01 10:07:16', 0, 2, '4985:Bike Return', NULL, NULL),
	(32, 13, 173, 9.95, '2013-02-01 10:13:46', 0, 1, '24 Hour Subscription', NULL, NULL),
	(33, 13, 173, 0, '2013-02-01 10:14:51', 0, 2, '4986:Bike Return', NULL, NULL),
	(34, 11, 174, 95, '2013-02-01 10:18:00', 0, 1, 'Annual Std', NULL, NULL),
	(35, 12, 176, 19.9, '2013-02-01 10:25:42', 0, 1, '24 Hour Subscription', NULL, NULL),
	(36, 12, 176, 0, '2013-02-01 10:26:40', 0, 2, '4987:Bike Return', NULL, NULL),
	(37, 12, 176, 0, '2013-02-01 10:26:52', 0, 2, '4988:Bike Return', NULL, NULL),
	(38, 29, 176, 0, '2013-02-01 10:36:25', 0, 2, '4990:Bike Return', NULL, NULL),
	(39, 29, 176, 0, '2013-02-01 10:36:42', 0, 2, '4991:Bike Return', NULL, NULL),
	(40, 15, 177, 95, '2013-02-01 10:37:04', 0, 1, 'Annual Std', NULL, NULL),
	(41, 18, 171, 0, '2013-02-01 10:38:49', 0, 2, '4992:Bike Return', NULL, NULL),
	(42, 18, 171, 0, '2013-02-01 10:45:06', 0, 2, '4993:Bike Return', NULL, NULL),
	(43, 20, 178, 19.9, '2013-02-01 10:51:05', 0, 1, '24 Hour Subscription', NULL, NULL),
	(44, 19, 179, 95, '2013-02-01 10:51:49', 0, 1, 'Annual Std', NULL, NULL),
	(45, 20, 178, 0, '2013-02-01 10:51:59', 0, 2, '4994:Bike Return', NULL, NULL),
	(46, 20, 178, 0, '2013-02-01 10:52:15', 0, 2, '4995:Bike Return', NULL, NULL),
	(47, 24, 179, 0, '2013-02-01 11:01:51', 0, 2, '4996:Bike Return', NULL, NULL),
	(48, NULL, 168, 0, '2013-02-01 11:04:53', 0, 2, '4997:Bike Return', NULL, NULL),
	(49, 24, 179, 0, '2013-02-01 11:04:53', 0, 2, '4998:Bike Return', NULL, NULL),
	(50, 24, 179, 0, '2013-02-01 11:05:16', 0, 2, '5000:Bike Return', NULL, NULL),
	(51, NULL, 168, 0, '2013-02-01 11:05:18', 0, 2, '4999:Bike Return', NULL, NULL),
	(52, 24, 179, 0, '2013-02-01 11:05:52', 0, 2, '5002:Bike Return', NULL, NULL),
	(53, NULL, 168, 0, '2013-02-01 11:06:03', 0, 2, '5001:Bike Return', NULL, NULL),
	(54, 24, 179, 0, '2013-02-01 11:06:51', 0, 2, '5004:Bike Return', NULL, NULL),
	(55, NULL, 168, 0, '2013-02-01 11:07:44', 0, 2, '5003:Bike Return', NULL, NULL),
	(56, NULL, 168, 0, '2013-02-01 11:07:44', 0, 2, '5003:Bike Return', NULL, NULL),
	(57, NULL, 168, 0, '2013-02-01 11:07:44', 0, 2, '5003:Bike Return', NULL, NULL),
	(58, NULL, 168, 0, '2013-02-01 11:07:44', 0, 2, '5003:Bike Return', NULL, NULL),
	(59, 24, 179, 0, '2013-02-01 11:08:09', 0, 2, '5005:Bike Return', NULL, NULL),
	(60, NULL, 168, 0, '2013-02-01 11:08:22', 0, 2, '5007:Bike Return', NULL, NULL),
	(61, NULL, 168, 0, '2013-02-01 11:08:22', 0, 2, '5006:Bike Return', NULL, NULL),
	(62, 43, 180, 9.95, '2013-02-01 11:43:46', 0, 1, '24 Hour Subscription', NULL, NULL),
	(63, 24, 179, 0, '2013-02-01 13:35:14', 0, 2, '5021:Bike Return', NULL, NULL),
	(64, 24, 179, 9, '2013-02-01 13:37:49', 0, 2, '5022:Bike Return', NULL, NULL),
	(65, 25, 170, 12, '2013-02-01 13:39:55', 0, 2, '5023:Bike Return', NULL, NULL),
	(66, 22, 181, 9.95, '2013-02-01 13:43:56', 0, 1, '24 Hour Subscription', NULL, NULL),
	(67, 23, 181, 0, '2013-02-01 14:01:09', 0, 2, '5026:Bike Return', NULL, NULL),
	(68, 27, 172, 0, '2013-02-01 14:03:10', 0, 2, '5025:Bike Return', NULL, NULL),
	(69, 25, 170, 0, '2013-02-01 14:16:25', 0, 2, '5027:Bike Return', NULL, NULL),
	(70, 28, 181, 0, '2013-02-01 14:49:31', 0, 2, '5029:Bike Return', NULL, NULL),
	(71, 44, 182, 9.95, '2013-02-01 14:53:03', 0, 1, '24 Hour Subscription', NULL, NULL),
	(72, NULL, 168, 0, '2013-02-01 15:26:00', 0, 2, '5030:Bike Return', NULL, NULL),
	(74, NULL, 168, 0, '2013-02-01 15:32:19', 0, 2, '5033:Bike Return', NULL, NULL),
	(75, 27, 172, 0, '2013-02-01 15:53:34', 0, 2, '5036:Bike Return', NULL, NULL),
	(76, 42, 178, 0, '2013-02-01 16:02:20', 0, 2, '5038:Bike Return', NULL, NULL),
	(77, 25, 170, 0, '2013-02-01 16:11:52', 0, 2, '5037:Bike Return', NULL, NULL),
	(78, 39, 169, 0, '2013-02-01 16:13:07', 0, 2, '5040:Bike Return', NULL, NULL),
	(79, 26, 177, 0, '2013-02-01 16:20:56', 0, 2, '5041:Bike Return', NULL, NULL),
	(80, NULL, 174, 0, '2013-02-01 16:21:01', 0, 2, '5042:Bike Return', NULL, NULL),
	(81, 26, 177, 0, '2013-02-01 16:21:42', 0, 2, '5044:Bike Return', NULL, NULL),
	(82, NULL, 174, 0, '2013-02-01 16:21:50', 0, 2, '5043:Bike Return', NULL, NULL),
	(83, 31, 179, 0, '2013-02-01 16:22:06', 0, 2, '5045:Bike Return', NULL, NULL),
	(84, 26, 177, 0, '2013-02-01 16:22:29', 0, 2, '5048:Bike Return', NULL, NULL),
	(85, 31, 179, 0, '2013-02-01 16:22:31', 0, 2, '5047:Bike Return', NULL, NULL),
	(86, NULL, 174, 0, '2013-02-01 16:22:32', 0, 2, '5046:Bike Return', NULL, NULL),
	(87, 31, 179, 0, '2013-02-01 16:22:59', 0, 2, '5050:Bike Return', NULL, NULL),
	(88, NULL, 174, 0, '2013-02-01 16:23:03', 0, 2, '5049:Bike Return', NULL, NULL),
	(89, 26, 177, 0, '2013-02-01 16:23:05', 0, 2, '5051:Bike Return', NULL, NULL),
	(90, NULL, 174, 0, '2013-02-01 16:25:20', 0, 2, '5052:Bike Return', NULL, NULL),
	(91, 31, 179, 0, '2013-02-01 16:25:22', 0, 2, '5054:Bike Return', NULL, NULL),
	(92, 29, 176, 0, '2013-02-01 17:16:28', 0, 2, '5056:Bike Return', NULL, NULL),
	(93, 45, 184, 19.9, '2013-02-01 17:32:20', 0, 1, '24 Hour Subscription', NULL, NULL),
	(94, 45, 184, 0, '2013-02-01 17:35:17', 0, 2, '5061:Bike Return', NULL, NULL),
	(95, 45, 184, 0, '2013-02-01 17:35:23', 0, 2, '5062:Bike Return', NULL, NULL),
	(96, 27, 172, 12, '2013-02-02 09:54:25', 0, 2, '5058:Bike Return', NULL, NULL),
	(97, 27, 172, 0, '2013-02-02 10:26:51', 0, 2, '5063:Bike Return', NULL, NULL),
	(98, NULL, 172, 0, '2013-02-02 10:38:16', 0, 2, '5066:Bike Return', NULL, NULL),
	(99, 28, 181, 0, '2013-02-02 10:54:39', 0, 2, '5067:Bike Return', NULL, NULL),
	(100, 42, 178, 9.95, '2013-02-02 11:04:04', 0, 1, '24 Hour Subscription', NULL, NULL),
	(101, 41, 176, 9.95, '2013-02-02 11:08:55', 0, 1, '24 Hour Subscription', NULL, NULL),
	(103, 30, 181, 4, '2013-02-02 11:27:18', 0, 2, '5068:Bike Return', NULL, NULL),
	(104, 32, 177, 9, '2013-02-02 11:54:33', 0, 2, '5065:Bike Return', NULL, NULL),
	(106, NULL, 180, 97, '2013-02-02 12:00:01', 0, 9, 'Maximum usage fee is applied', NULL, NULL),
	(107, 43, 180, 97, '2013-02-02 12:01:51', 0, 2, '5020:Bike Return', NULL, NULL),
	(108, 42, 178, 13, '2013-02-02 12:10:21', 0, 2, '5069:Bike Return', NULL, NULL),
	(109, 31, 179, 18, '2013-02-02 12:20:05', 0, 2, '5064:Bike Return', NULL, NULL),
	(110, 32, 177, 0, '2013-02-02 12:21:50', 0, 2, '5072:Bike Return', NULL, NULL),
	(111, NULL, 179, 0, '2013-02-02 12:38:00', 0, 2, '5073:Bike Return', NULL, NULL),
	(112, NULL, 174, 100, '2013-02-02 12:38:03', 0, 2, '5057:Bike Return', NULL, NULL),
	(114, NULL, 177, 18, '2013-02-02 14:00:45', 0, 2, '5074:Bike Return', NULL, NULL),
	(116, 34, 186, 95, '2013-02-02 15:35:19', 0, 1, 'Annual Std', NULL, NULL),
	(118, 40, 173, 19.9, '2013-02-02 15:53:46', 0, 1, '24 Hour Subscription', NULL, NULL),
	(122, 38, 190, 95, '2013-02-02 16:03:32', 0, 1, 'Annual Std', NULL, NULL),
	(123, 46, 164, 4, '2013-02-04 17:10:36', 0, 7, 'moi test', NULL, NULL),
	(124, 47, 176, 101, '2013-02-20 10:29:03', 0, 3, 'Hold Amount', NULL, NULL),
	(125, NULL, 176, 9.95, '2013-02-20 10:29:03', 0, 1, '24 Hour Subscription', NULL, NULL),
	(126, NULL, 177, 0, '2013-02-20 19:32:08', 0, 2, '5080:Bike Return', NULL, NULL),
	(127, NULL, 177, 0, '2013-02-20 19:42:45', 0, 2, '5081:Bike Return', NULL, NULL),
	(128, NULL, 177, 0, '2013-02-20 19:42:46', 0, 2, '5081:Bike Return', NULL, NULL),
	(129, NULL, 177, 0, '2013-02-20 19:42:52', 0, 2, '5082:Bike Return', NULL, NULL),
	(130, NULL, 177, 0, '2013-02-20 19:43:54', 0, 2, '5083:Bike Return', NULL, NULL),
	(131, NULL, 177, 0, '2013-02-20 19:44:15', 0, 2, '5084:Bike Return', NULL, NULL),
	(132, 48, 173, 101, '2013-02-21 09:29:19', 0, 3, 'Hold Amount', NULL, NULL),
	(133, NULL, 173, 9.95, '2013-02-21 09:29:20', 0, 1, '24 Hour Subscription', NULL, NULL),
	(134, 49, 173, 202, '2013-02-21 09:43:12', 0, 3, 'Hold Amount', NULL, NULL),
	(135, NULL, 173, 19.9, '2013-02-21 09:43:12', 0, 1, '24 Hour Subscription', NULL, NULL),
	(136, NULL, 173, 9.95, '2013-02-21 10:07:02', 0, 1, '24 Hour Subscription', NULL, NULL),
	(137, NULL, 173, 9.95, '2013-02-21 10:16:52', 0, 1, '24 Hour Subscription', NULL, NULL),
	(138, 50, 191, 95, '2013-02-21 10:48:42', 0, 1, 'Annual Std', NULL, NULL),
	(139, NULL, 177, 0, '2013-02-21 10:55:43', 0, 2, '5088:Bike Return', NULL, NULL),
	(140, NULL, 177, 0, '2013-02-21 11:03:40', 0, 2, '5089:Bike Return', NULL, NULL),
	(141, NULL, 173, 0, '2013-02-21 11:05:09', 0, 2, '5090:Bike Return', NULL, NULL),
	(142, NULL, 173, 0, '2013-02-21 11:05:09', 0, 2, '5090:Bike Return', NULL, NULL),
	(143, NULL, 177, 0, '2013-02-21 11:14:26', 0, 2, '5091:Bike Return', NULL, NULL),
	(144, NULL, 177, 0, '2013-02-21 11:16:47', 0, 2, '5092:Bike Return', NULL, NULL),
	(145, 51, 166, 9.95, '2013-02-21 11:29:32', 0, 1, '24 Hour Subscription', NULL, NULL),
	(146, NULL, 177, 0, '2013-02-21 11:44:35', 0, 2, '5093:Bike Return', NULL, NULL),
	(147, NULL, 177, 0, '2013-02-21 12:14:51', 0, 2, '5094:Bike Return', NULL, NULL),
	(148, NULL, 177, 0, '2013-02-21 12:15:08', 0, 2, '5095:Bike Return', NULL, NULL),
	(149, NULL, 177, 0, '2013-02-21 12:16:21', 0, 2, '5096:Bike Return', NULL, NULL),
	(150, NULL, 177, 0, '2013-02-21 12:16:53', 0, 2, '5097:Bike Return', NULL, NULL),
	(151, NULL, 177, 0, '2013-02-21 12:18:16', 0, 2, '5098:Bike Return', NULL, NULL),
	(152, NULL, 177, 0, '2013-02-21 12:33:29', 0, 2, '5100:Bike Return', NULL, NULL),
	(153, NULL, 177, 0, '2013-02-21 12:34:31', 0, 2, '5101:Bike Return', NULL, NULL),
	(154, 52, 169, 101, '2013-02-21 12:51:20', 0, 3, 'Hold Amount', NULL, NULL),
	(155, NULL, 169, 9.95, '2013-02-21 12:51:20', 0, 1, '24 Hour Subscription', NULL, NULL),
	(156, NULL, 177, 0, '2013-02-21 13:49:20', 0, 2, '5103:Bike Return', NULL, NULL),
	(157, NULL, 179, 0, '2013-02-21 13:54:51', 0, 2, '5102:Bike Return', NULL, NULL),
	(158, NULL, 179, 0, '2013-02-21 14:01:28', 0, 2, '5105:Bike Return', NULL, NULL),
	(159, 53, 181, 101, '2013-02-21 14:08:48', 0, 3, 'Hold Amount', NULL, NULL),
	(160, NULL, 181, 9.95, '2013-02-21 14:08:49', 0, 1, '24 Hour Subscription', NULL, NULL),
	(161, NULL, 169, 0, '2013-02-21 14:10:35', 0, 2, '5104:Bike Return', NULL, NULL),
	(162, NULL, 181, 0, '2013-02-21 14:10:52', 0, 2, '5107:Bike Return', NULL, NULL),
	(163, NULL, 181, 0, '2013-02-21 14:20:46', 0, 2, '5108:Bike Return', NULL, NULL),
	(164, NULL, 181, 0, '2013-02-21 14:50:11', 0, 2, '5110:Bike Return', NULL, NULL),
	(165, NULL, 176, 9.95, '2013-02-21 16:03:35', 0, 1, '24 Hour Subscription', NULL, NULL),
	(166, NULL, 179, 18, '2013-02-21 16:04:15', 0, 2, '5106:Bike Return', NULL, NULL),
	(167, NULL, 176, 0, '2013-02-21 16:05:27', 0, 2, '5112:Bike Return', NULL, NULL),
	(168, NULL, 177, 0, '2013-02-21 16:09:59', 0, 2, '5113:Bike Return', NULL, NULL),
	(169, NULL, 177, 0, '2013-02-21 16:30:57', 0, 2, '5114:Bike Return', NULL, NULL),
	(170, NULL, 168, 0, '2013-02-21 16:36:21', 0, 2, '5115:Bike Return', NULL, NULL),
	(171, NULL, 190, -10, '2013-02-21 16:58:27', 0, 6, 'test discount', 'superuser', NULL),
	(172, NULL, 168, 0, '2013-02-21 17:10:52', 0, 2, '5117:Bike Return', NULL, NULL),
	(173, NULL, 169, 37, '2013-02-21 17:10:52', 0, 2, '5109:Bike Return', NULL, NULL),
	(174, NULL, 167, 0, '2013-02-21 17:18:51', 0, 2, '5116:Bike Return', NULL, NULL),
	(175, NULL, 168, 0, '2013-02-21 17:42:44', 0, 2, '5120:Bike Return', NULL, NULL),
	(176, NULL, 168, 0, '2013-02-21 17:43:02', 0, 2, '5121:Bike Return', NULL, NULL),
	(177, NULL, 168, 0, '2013-02-21 17:43:20', 0, 2, '5122:Bike Return', NULL, NULL),
	(178, NULL, 168, 0, '2013-02-21 17:53:25', 0, 2, '5123:Bike Return', NULL, NULL),
	(179, NULL, 168, 0, '2013-02-21 17:53:45', 0, 2, '5124:Bike Return', NULL, NULL),
	(180, NULL, 168, 0, '2013-02-21 17:54:15', 0, 2, '5125:Bike Return', NULL, NULL),
	(181, NULL, 167, 0, '2013-02-21 18:08:01', 0, 2, '5127:Bike Return', NULL, NULL),
	(182, NULL, 167, 0, '2013-02-21 18:10:30', 0, 2, '5128:Bike Return', NULL, NULL),
	(183, NULL, 167, 0, '2013-02-21 18:23:44', 0, 2, '5129:Bike Return', NULL, NULL),
	(184, NULL, 167, 0, '2013-02-21 18:32:30', 0, 2, '5130:Bike Return', NULL, NULL),
	(185, NULL, 167, 0, '2013-02-21 18:36:35', 0, 2, '5131:Bike Return', NULL, NULL),
	(186, NULL, 167, 0, '2013-02-21 18:38:22', 0, 2, '5132:Bike Return', NULL, NULL),
	(187, NULL, 167, 0, '2013-02-22 02:03:33', 0, 2, '5132:Bike Return', NULL, NULL),
	(188, NULL, 165, 100, '2013-02-22 05:39:29', 0, 2, '5137:Bike Return', NULL, NULL),
	(189, NULL, 165, 100, '2013-02-22 05:43:34', 0, 2, '5138:Bike Return', NULL, NULL),
	(190, NULL, 164, 72, '2013-02-22 12:42:52', 0, 2, '5141:Bike Return', NULL, NULL),
	(191, NULL, 164, 72, '2013-02-22 13:00:54', 0, 2, '5142:Bike Return', NULL, NULL),
	(192, NULL, 164, 900, '2013-02-28 11:50:00', 0, 5, 'Stolen bike fee is applied', NULL, NULL),
	(193, NULL, 164, 100, '2013-02-28 11:50:00', 0, 9, 'Maximum usage fee is applied', NULL, NULL),
	(194, 52, 169, 1.05, '2013-02-21 12:51:20', 0, 1, 'Test Amount', NULL, NULL),
	(196, NULL, 164, 100, '2013-03-05 11:35:55', 0, 2, '5141:Bike Return', NULL, NULL),
	(198, NULL, 164, 100, '2013-03-05 11:42:16', 0, 2, '5141:Bike Return', NULL, NULL),
	(200, NULL, 164, 100, '2013-03-05 11:48:11', 0, 2, '5141:Bike Return', NULL, NULL),
	(202, NULL, 164, 100, '2013-03-05 11:52:21', 0, 2, '5141:Bike Return', NULL, NULL),
	(204, NULL, 164, 100, '2013-03-05 11:59:55', 0, 2, '5141:Bike Return', NULL, NULL),
	(206, NULL, 164, 100, '2013-03-05 12:12:38', 0, 2, '5141:Bike Return', NULL, NULL),
	(208, NULL, 164, 100, '2013-03-05 12:22:05', 0, 2, '5141:Bike Return', NULL, NULL),
	(210, NULL, 164, 100, '2013-03-05 15:42:12', 0, 2, '5141:Bike Return', NULL, 14518),
	(211, 54, 176, 202, '2013-03-12 14:36:48', 0, 3, 'Hold Amount', NULL, NULL),
	(212, NULL, 176, 19.9, '2013-03-12 14:36:49', 0, 1, '24 Hour Subscription', NULL, NULL),
	(213, NULL, 176, 0, '2013-03-12 15:06:24', 0, 2, '5145:Bike Return', NULL, 14521),
	(214, NULL, 176, 9.95, '2013-03-12 15:17:59', 0, 1, '24 Hour Subscription', NULL, NULL),
	(215, NULL, 176, 0, '2013-03-12 15:18:59', 0, 2, '5146:Bike Return', NULL, 14521),
	(216, NULL, 165, 0, '2013-03-12 15:25:04', 0, 2, '5148:Bike Return', NULL, 14521);
/*!40000 ALTER TABLE `invoice_line` ENABLE KEYS */;


-- Dumping structure for table naesta_cleanup.item_type
DROP TABLE IF EXISTS `item_type`;
CREATE TABLE IF NOT EXISTS `item_type` (
  `ID` int(11) unsigned NOT NULL AUTO_INCREMENT,
  `IS_TAXABLE` tinyint(1) DEFAULT NULL,
  `DESCRIPTION` varchar(50) NOT NULL,
  PRIMARY KEY (`ID`)
) ENGINE=InnoDB AUTO_INCREMENT=11 DEFAULT CHARSET=latin1;

-- Dumping data for table naesta_cleanup.item_type: ~10 rows (approximately)
DELETE FROM `item_type`;
/*!40000 ALTER TABLE `item_type` DISABLE KEYS */;
INSERT INTO `item_type` (`ID`, `IS_TAXABLE`, `DESCRIPTION`) VALUES
	(1, 1, '(SUB) subscription'),
	(2, 1, '(BRF) bike rental fee'),
	(3, 0, '(HOLD) hold amount'),
	(4, 1, '(PARK) parking'),
	(5, 0, '(MISS) missing bike fee'),
	(6, 0, '(DISCOUNT) discount'),
	(7, 0, '(MISC) miscellaneous'),
	(8, 1, '(REFUND) refund'),
	(9, 0, '(MAXUS) maximum usage fee'),
	(10, 0, '(CARRIED) carried amount');
/*!40000 ALTER TABLE `item_type` ENABLE KEYS */;


-- Dumping structure for table naesta_cleanup.keyinventory
DROP TABLE IF EXISTS `keyinventory`;
CREATE TABLE IF NOT EXISTS `keyinventory` (
  `id` int(10) NOT NULL AUTO_INCREMENT,
  `createdBy` int(10) DEFAULT NULL,
  `DateCreatedOn` datetime DEFAULT NULL,
  `Uaid` varchar(7) DEFAULT NULL,
  `Msn_bc` varchar(100) DEFAULT NULL,
  `Batch_id` int(10) DEFAULT NULL,
  `date_key_assigned` datetime DEFAULT NULL,
  `date_key_activated` datetime DEFAULT NULL,
  `satus_key_assignment` int(1) DEFAULT NULL,
  `satus_key_activation` int(1) DEFAULT NULL,
  `satus_key_functional` int(1) DEFAULT NULL,
  `satus_key_location` int(1) DEFAULT NULL,
  `Technician_id` int(10) DEFAULT NULL,
  `Msn_emb` varchar(100) DEFAULT NULL,
  `Subscriber_id` int(10) DEFAULT NULL,
  `date_key_encrypted` datetime DEFAULT NULL,
  `registeredOn` datetime DEFAULT NULL,
  `isDeleted` int(1) DEFAULT '0',
  PRIMARY KEY (`id`),
  UNIQUE KEY `Uaid` (`Uaid`),
  UNIQUE KEY `Msn_bc` (`Msn_bc`),
  KEY `FK6B3355BD2043C1AA` (`Subscriber_id`),
  KEY `FK6B3355BDE308C084` (`Technician_id`),
  KEY `FK6B3355BDD27D54C9` (`Batch_id`),
  CONSTRAINT `FK_Batch` FOREIGN KEY (`Batch_id`) REFERENCES `key_shipment_batch` (`Id`),
  CONSTRAINT `FK_Subscriber` FOREIGN KEY (`Subscriber_id`) REFERENCES `customer` (`id`),
  CONSTRAINT `FK_Technician` FOREIGN KEY (`Technician_id`) REFERENCES `user` (`id`)
) ENGINE=InnoDB AUTO_INCREMENT=2339 DEFAULT CHARSET=latin1;

-- Dumping data for table naesta_cleanup.keyinventory: ~567 rows (approximately)
DELETE FROM `keyinventory`;
/*!40000 ALTER TABLE `keyinventory` DISABLE KEYS */;
INSERT INTO `keyinventory` (`id`, `createdBy`, `DateCreatedOn`, `Uaid`, `Msn_bc`, `Batch_id`, `date_key_assigned`, `date_key_activated`, `satus_key_assignment`, `satus_key_activation`, `satus_key_functional`, `satus_key_location`, `Technician_id`, `Msn_emb`, `Subscriber_id`, `date_key_encrypted`, `registeredOn`, `isDeleted`) VALUES
	(1769, 1, '2012-09-24 17:11:26', '0004462', '9020201', 96, '2012-09-24 19:01:19', '2012-09-13 12:25:31', 3, 3, 1, 1, NULL, '0000637DDF5C000104E0', NULL, '2012-09-24 17:11:26', '2012-09-24 17:11:26', 0),
	(1770, 1, '2012-09-24 17:11:37', '0004463', '9020202', 96, '2012-09-24 19:01:36', '2012-09-13 12:25:31', 3, 3, 1, 1, NULL, '00009874DF5C000104E0', NULL, '2012-09-24 17:11:37', '2012-09-24 17:11:37', 0),
	(1771, 1, '2012-09-24 17:11:49', '0004464', '9020203', 96, '2012-09-24 19:01:58', '2012-09-13 12:25:31', 3, 3, 1, 1, NULL, '00006497DF5C000104E0', NULL, '2012-09-24 17:11:49', '2012-09-24 17:11:49', 0),
	(1772, 1, '2012-09-24 17:12:00', '0004465', '9020204', 96, '2012-09-24 19:02:17', '2012-09-13 12:25:31', 3, 3, 1, 1, NULL, '00005376DF5C000104E0', NULL, '2012-09-24 17:12:00', '2012-09-24 17:12:00', 0),
	(1773, 1, '2012-09-24 17:12:11', '0004466', '9020205', 96, '2012-09-24 19:02:34', '2012-09-13 12:25:31', 2, 1, 1, 1, 2, '00008287DF5C000104E0', NULL, '2012-09-24 17:12:11', '2012-09-24 17:12:11', 0),
	(1774, 1, '2012-09-24 17:12:24', '0004467', '9020206', 96, '2012-09-24 19:02:49', '2012-11-26 17:07:01', 2, 1, 1, 1, 2, '00000D3D9171000104E0', NULL, '2012-09-24 17:12:24', '2012-09-24 17:12:24', 0),
	(1775, 1, '2012-09-24 17:12:34', '0004468', '9020207', 96, '2012-09-24 19:03:03', '2012-09-13 12:25:31', 3, 3, 1, 1, NULL, '0000E4F69071000104E0', NULL, '2012-09-24 17:12:34', '2012-09-24 17:12:34', 0),
	(1776, 1, '2012-09-24 17:12:43', '0004469', '9020208', 103, '2012-09-24 19:03:24', '2012-09-13 12:25:31', 3, 3, 1, 1, NULL, '0000A0229171000104E0', NULL, '2012-09-24 17:12:43', '2012-09-24 17:12:43', 0),
	(1777, 1, '2012-09-24 17:12:54', '0004470', '9020209', 103, '2012-09-24 19:03:40', '2012-09-13 12:25:31', 3, 3, 1, 1, NULL, '0000FDF69071000104E0', NULL, '2012-09-24 17:12:54', '2012-09-24 17:12:54', 0),
	(1779, 1, '2012-09-24 17:13:15', '0004472', '9020210', 103, '2012-09-24 19:03:54', '2012-09-24 19:06:54', 3, 3, 1, 1, NULL, '0000B0F69071000104E0', NULL, '2012-09-24 17:13:15', '2012-09-24 17:13:15', 0),
	(1780, 1, '2012-09-24 18:57:46', '0004523', 'a', 103, '2012-09-24 19:04:54', '2012-09-25 12:37:33', 3, 3, 1, 1, NULL, '00006093CB74000104E0', NULL, '2012-09-24 18:57:46', '2012-09-24 18:57:46', 0),
	(1781, 1, '2012-09-24 18:57:58', '0004524', 'b', 103, '2012-09-24 19:04:54', '2012-09-25 12:37:33', 3, 3, 1, 1, NULL, '0000249ACB74000104E0', NULL, '2012-09-24 18:57:58', '2012-09-24 18:57:58', 0),
	(1782, 1, '2012-09-24 18:58:42', '0004525', 'c', 103, '2012-09-25 06:30:32', '2012-09-25 12:37:33', 3, 3, 1, 1, NULL, '0000C4B7CD74000104E0', NULL, '2012-09-24 18:58:42', '2012-09-24 18:58:42', 0),
	(1784, 1, '2012-09-24 18:58:56', '0004527', 'd', 103, '2012-09-24 19:04:54', '2012-09-25 12:37:33', 3, 3, 1, 1, NULL, '0000A57CCD74000104E0', NULL, '2012-09-24 18:58:56', '2012-09-24 18:58:56', 0),
	(1785, 1, '2012-09-24 18:59:04', '0004528', 'e', 103, '2012-09-25 12:36:03', NULL, 3, 3, 1, 1, NULL, '0000A77CCD74000104E0', NULL, '2012-09-24 18:59:04', '2012-09-24 18:59:04', 0),
	(1786, NULL, '2012-10-10 14:54:45', '0004565', '9999012', 166, '2013-02-02 12:24:46', '2013-02-02 12:24:52', 2, 1, 1, 1, NULL, '0000A084D478000104E0', 165, '2012-10-10 14:54:45', '2012-10-10 14:54:45', 0),
	(1787, NULL, '2012-10-10 16:06:51', '0004598', '9999006', 105, '2012-10-10 16:07:22', '2012-10-10 16:07:42', 3, 3, 1, 1, NULL, '0000ABA53B7A000104E0', NULL, '2012-10-10 16:06:51', '2012-10-10 16:06:51', 0),
	(1788, NULL, '2012-10-10 17:31:38', '0004599', '9999010', 163, '2013-02-01 10:48:31', '2013-02-01 10:48:41', 2, 1, 1, 1, NULL, '0000EB6FD478000104E0', 177, '2012-10-10 17:31:38', '2012-10-10 17:31:38', 0),
	(1789, NULL, '2012-10-10 17:32:36', '0004600', '9999011', 125, '2012-10-25 15:03:45', '2012-10-25 15:42:59', 3, 3, 1, 1, NULL, '000099383B7A000104E0', NULL, '2012-10-10 17:32:36', '2012-10-10 17:32:36', 0),
	(1790, NULL, '2012-10-10 17:33:19', '0004601', '9999009', 161, '2013-02-01 10:27:53', '2013-02-01 10:28:25', 2, 1, 1, 1, NULL, '0000E46FD478000104E0', 174, '2012-10-10 17:33:19', '2012-10-10 17:33:19', 0),
	(1791, NULL, '2012-10-10 17:34:08', '0004602', '9999005', 111, '2012-10-15 13:54:27', '2012-10-15 13:54:35', 2, 1, 1, 1, NULL, '000020553B7A000104E0', 164, '2012-10-10 17:34:08', '2012-10-10 17:34:08', 0),
	(1792, NULL, '2012-10-10 17:35:07', '0004603', '9999004', 110, '2012-10-15 13:53:36', '2012-11-09 12:24:21', 2, 1, 1, 1, NULL, '0000F46E3B7A000104E0', 172, '2012-10-10 17:35:07', '2012-10-10 17:35:07', 0),
	(1793, NULL, '2012-10-10 17:35:54', '0004604', '9999001', 164, '2013-02-01 11:00:36', '2013-02-01 11:00:46', 2, 1, 1, 1, NULL, '0000032A3B7A000104E0', 179, '2012-10-10 17:35:54', '2012-10-10 17:35:54', 0),
	(1794, NULL, '2012-10-10 17:36:43', '0004605', '9999003', 103, '2012-10-11 11:14:03', '2012-10-11 11:15:16', 2, 1, 1, 1, NULL, '000080563B7A000104E0', 167, '2012-10-10 17:36:43', '2012-10-10 17:36:43', 0),
	(1795, NULL, '2012-10-10 17:37:40', '0004606', '9999007', 106, '2012-10-11 11:11:44', '2012-10-18 14:04:25', 2, 1, 1, 1, NULL, '0000B6143B7A000104E0', 168, '2012-10-10 17:37:40', '2012-10-10 17:37:40', 0),
	(1796, NULL, '2012-10-11 13:11:22', '0004677', 'T', 103, '2012-10-11 13:11:57', '2012-10-15 16:27:54', 2, 1, 1, 1, 100536, '00002F69D478000104E0', NULL, '2012-10-11 13:11:22', '2012-10-11 13:11:22', 0),
	(1797, NULL, '2012-10-12 12:57:57', '0004679', '3110499', 103, '2012-10-12 12:59:05', '2012-10-12 12:59:25', 2, 1, 1, 1, 100553, '000045563B7A000104E0', NULL, '2012-10-12 12:57:57', '2012-10-12 12:57:57', 0),
	(1798, 1, '2012-10-12 14:00:00', '0004700', '9900182', 107, NULL, NULL, 3, 3, 1, 1, NULL, '000045133B7A000104E0', NULL, '2012-10-12 14:00:00', '2012-10-12 14:00:00', 0),
	(1799, 1, '2012-10-12 14:00:00', '0004701', '9900238', 107, NULL, NULL, 3, 3, 1, 1, NULL, '0000B98E3B7A000104E0', NULL, '2012-10-12 14:00:00', '2012-10-12 14:00:00', 0),
	(1800, 1, '2012-10-12 14:00:00', '0004702', '9900081', 107, NULL, NULL, 3, 3, 1, 1, NULL, '00007068877A000104E0', NULL, '2012-10-12 14:00:00', '2012-10-12 14:00:00', 0),
	(1801, 1, '2012-10-12 14:00:00', '0004703', '9900200', 107, NULL, NULL, 3, 3, 1, 1, NULL, '000038913B7A000104E0', NULL, '2012-10-12 14:00:00', '2012-10-12 14:00:00', 0),
	(1802, 1, '2012-10-12 14:00:00', '0004704', '9900229', 117, '2012-10-24 17:24:53', NULL, 3, 3, 1, 1, NULL, '00007E3B3B7A000104E0', NULL, '2012-10-12 14:00:00', '2012-10-12 14:00:00', 0),
	(1803, 1, '2012-10-12 14:00:00', '0004705', '9900230', 107, NULL, NULL, 3, 3, 1, 1, NULL, '000042863B7A000104E0', NULL, '2012-10-12 14:00:00', '2012-10-12 14:00:00', 0),
	(1804, 1, '2012-10-12 14:00:00', '0004706', '9900201', 107, NULL, NULL, 3, 3, 1, 1, NULL, '0000C2B33B7A000104E0', NULL, '2012-10-12 14:00:00', '2012-10-12 14:00:00', 0),
	(1805, 1, '2012-10-12 14:00:00', '0004707', '9900239', 107, NULL, NULL, 3, 3, 1, 1, NULL, '00000D803B7A000104E0', NULL, '2012-10-12 14:00:00', '2012-10-12 14:00:00', 0),
	(1806, 1, '2012-10-12 14:00:00', '0004708', '9900162', 107, NULL, NULL, 3, 3, 1, 1, NULL, '00003E053C7A000104E0', NULL, '2012-10-12 14:00:00', '2012-10-12 14:00:00', 0),
	(1807, 1, '2012-10-12 14:00:00', '0004709', '9900124', 107, NULL, NULL, 3, 3, 1, 1, NULL, '0000FE66877A000104E0', NULL, '2012-10-12 14:00:00', '2012-10-12 14:00:00', 0),
	(1808, 1, '2012-10-12 14:00:00', '0004710', '9900105', 107, NULL, NULL, 3, 3, 1, 1, NULL, '0000320D3B7A000104E0', NULL, '2012-10-12 14:00:00', '2012-10-12 14:00:00', 0),
	(1809, 1, '2012-10-12 14:00:00', '0004711', '9900106', 107, NULL, NULL, 3, 3, 1, 1, NULL, '0000C29C3B7A000104E0', NULL, '2012-10-12 14:00:00', '2012-10-12 14:00:00', 0),
	(1810, 1, '2012-10-12 14:00:00', '0004712', '9900127', 117, '2012-10-24 16:46:46', NULL, 3, 3, 1, 1, NULL, '00002467877A000104E0', NULL, '2012-10-12 14:00:00', '2012-10-12 14:00:00', 0),
	(1811, 1, '2012-10-12 14:00:00', '0004713', '9900092', 107, NULL, NULL, 3, 3, 1, 1, NULL, '00005050877A000104E0', NULL, '2012-10-12 14:00:00', '2012-10-12 14:00:00', 0),
	(1812, 1, '2012-10-12 14:00:00', '0004714', '9900107', 107, NULL, NULL, 3, 3, 1, 1, NULL, '000011A53B7A000104E0', NULL, '2012-10-12 14:00:00', '2012-10-12 14:00:00', 0),
	(1813, 1, '2012-10-12 14:00:00', '0004715', '9900019', 107, NULL, NULL, 3, 3, 1, 1, NULL, '0000DAFA3B7A000104E0', NULL, '2012-10-12 14:00:00', '2012-10-12 14:00:00', 0),
	(1814, 1, '2012-10-12 14:00:00', '0004716', '9900011', 160, '2012-12-14 16:14:55', '2012-12-14 16:24:35', 2, 1, 1, 1, 100624, '0000B9933B7A000104E0', NULL, '2012-10-12 14:00:00', '2012-10-12 14:00:00', 0),
	(1815, 1, '2012-10-12 14:00:00', '0004717', '9900093', 107, NULL, NULL, 3, 3, 1, 1, NULL, '00006E7D877A000104E0', NULL, '2012-10-12 14:00:00', '2012-10-12 14:00:00', 0),
	(1816, 1, '2012-10-12 14:00:00', '0004718', '9900161', 107, NULL, NULL, 3, 3, 1, 1, NULL, '0000332B3B7A000104E0', NULL, '2012-10-12 14:00:00', '2012-10-12 14:00:00', 0),
	(1817, 1, '2012-10-12 14:00:00', '0004719', '9900044', 107, NULL, NULL, 3, 3, 1, 1, NULL, '0000542A3B7A000104E0', NULL, '2012-10-12 14:00:00', '2012-10-12 14:00:00', 0),
	(1818, 1, '2012-10-12 14:00:00', '0004720', '9900091', 117, '2012-10-24 17:34:22', NULL, 3, 3, 1, 1, NULL, '0000257B877A000104E0', NULL, '2012-10-12 14:00:00', '2012-10-12 14:00:00', 0),
	(1819, 1, '2012-10-12 14:00:00', '0004721', '9900082', 117, '2012-10-24 16:13:51', NULL, 3, 3, 1, 1, NULL, '0000D84C877A000104E0', NULL, '2012-10-12 14:00:00', '2012-10-12 14:00:00', 0),
	(1820, 1, '2012-10-12 14:00:00', '0004722', '9900010', 147, '2012-11-29 11:35:00', NULL, 2, 4, 1, 1, 100612, '00005A6B3B7A000104E0', NULL, '2012-10-12 14:00:00', '2012-10-12 14:00:00', 0),
	(1821, 1, '2012-10-12 14:00:00', '0004723', '9900050', 160, '2012-12-14 16:21:16', '2012-12-14 16:22:20', 2, 1, 1, 1, 100642, '000022F23B7A000104E0', NULL, '2012-10-12 14:00:00', '2012-10-12 14:00:00', 0),
	(1822, 1, '2012-10-12 14:00:00', '0004724', '9900016', 117, '2012-10-23 11:01:11', NULL, 3, 3, 1, 1, NULL, '000009AC3B7A000104E0', NULL, '2012-10-12 14:00:00', '2012-10-12 14:00:00', 0),
	(1823, 1, '2012-10-12 14:00:00', '0004725', '9900094', 117, '2012-10-23 11:56:12', NULL, 3, 3, 1, 1, NULL, '0000A569877A000104E0', NULL, '2012-10-12 14:00:00', '2012-10-12 14:00:00', 0),
	(1824, 1, '2012-10-12 14:00:00', '0004726', '9900083', 117, '2012-10-23 10:46:16', '2012-12-05 12:03:24', 3, 3, 1, 1, NULL, '00006A68877A000104E0', NULL, '2012-10-12 14:00:00', '2012-10-12 14:00:00', 0),
	(1825, 1, '2012-10-12 14:00:00', '0004727', '9900036', 158, '2012-12-11 15:05:56', '2012-12-11 15:06:09', 3, 3, 1, 1, NULL, '0000FC353B7A000104E0', NULL, '2012-10-12 14:00:00', '2012-10-12 14:00:00', 0),
	(1826, 1, '2012-10-12 14:00:00', '0004728', '9900037', 159, '2012-12-12 10:48:32', NULL, 3, 3, 1, 1, NULL, '0000263F3B7A000104E0', NULL, '2012-10-12 14:00:00', '2012-10-12 14:00:00', 0),
	(1827, 1, '2012-10-12 14:00:00', '0004729', '9900084', 107, NULL, NULL, 3, 3, 1, 1, NULL, '00003A7A877A000104E0', NULL, '2012-10-12 14:00:00', '2012-10-12 14:00:00', 0),
	(1828, 1, '2012-10-12 14:00:00', '0004730', '9900038', 107, NULL, NULL, 3, 3, 1, 1, NULL, '0000BFAD3B7A000104E0', NULL, '2012-10-12 14:00:00', '2012-10-12 14:00:00', 0),
	(1829, 1, '2012-10-12 14:00:00', '0004731', '9900033', 107, NULL, NULL, 3, 3, 1, 1, NULL, '0000F9153B7A000104E0', NULL, '2012-10-12 14:00:00', '2012-10-12 14:00:00', 0),
	(1830, 1, '2012-10-12 14:00:00', '0004732', '9900095', 117, '2012-10-24 17:07:56', NULL, 3, 3, 1, 1, NULL, '00003872877A000104E0', NULL, '2012-10-12 14:00:00', '2012-10-12 14:00:00', 0),
	(1831, 1, '2012-10-12 14:00:00', '0004733', '9900125', 107, NULL, NULL, 3, 3, 1, 1, NULL, '0000026D877A000104E0', NULL, '2012-10-12 14:00:00', '2012-10-12 14:00:00', 0),
	(1832, 1, '2012-10-12 14:00:00', '0004734', '9900108', 107, NULL, NULL, 3, 3, 1, 1, NULL, '000077333B7A000104E0', NULL, '2012-10-12 14:00:00', '2012-10-12 14:00:00', 0),
	(1833, 1, '2012-10-12 14:00:00', '0004735', '9900130', 117, '2012-10-24 16:38:46', NULL, 3, 3, 1, 1, NULL, '00002BBB3B7A000104E0', NULL, '2012-10-12 14:00:00', '2012-10-12 14:00:00', 0),
	(1834, 1, '2012-10-12 14:00:00', '0004736', '9900126', 107, NULL, NULL, 3, 3, 1, 1, NULL, '00008C4C877A000104E0', NULL, '2012-10-12 14:00:00', '2012-10-12 14:00:00', 0),
	(1835, 1, '2012-10-12 14:00:00', '0004737', '9900109', 117, '2012-10-24 17:57:07', NULL, 3, 3, 1, 1, NULL, '000086773B7A000104E0', NULL, '2012-10-12 14:00:00', '2012-10-12 14:00:00', 0),
	(1836, 1, '2012-10-12 14:00:00', '0004738', '9900197', 107, NULL, NULL, 3, 3, 1, 1, NULL, '00007D803B7A000104E0', NULL, '2012-10-12 14:00:00', '2012-10-12 14:00:00', 0),
	(1837, 1, '2012-10-12 14:00:00', '0004739', '9900110', 107, NULL, NULL, 3, 3, 1, 1, NULL, '0000F2FB3B7A000104E0', NULL, '2012-10-12 14:00:00', '2012-10-12 14:00:00', 0),
	(1838, 1, '2012-10-12 14:00:00', '0004740', '9900121', 107, NULL, NULL, 3, 3, 1, 1, NULL, '0000395E877A000104E0', NULL, '2012-10-12 14:00:00', '2012-10-12 14:00:00', 0),
	(1839, 1, '2012-10-12 14:00:00', '0004741', '9900163', 160, '2012-12-14 16:18:51', '2012-12-14 16:23:35', 2, 1, 1, 1, 100634, '0000AF523B7A000104E0', NULL, '2012-10-12 14:00:00', '2012-10-12 14:00:00', 0),
	(1840, 1, '2012-10-12 14:00:00', '0004742', '9900111', 157, '2012-12-11 14:00:01', '2012-12-11 14:00:42', 2, 1, 1, 1, 100622, '00002C0D3B7A000104E0', NULL, '2012-10-12 14:00:00', '2012-10-12 14:00:00', 0),
	(1841, 1, '2012-10-12 14:00:00', '0004743', '9900112', 117, '2012-10-24 17:48:08', NULL, 3, 3, 1, 1, NULL, '00002A0A3C7A000104E0', NULL, '2012-10-12 14:00:00', '2012-10-12 14:00:00', 0),
	(1842, 1, '2012-10-12 14:00:00', '0004744', '9900096', 107, NULL, NULL, 3, 3, 1, 1, NULL, '00006F89877A000104E0', NULL, '2012-10-12 14:00:00', '2012-10-12 14:00:00', 0),
	(1843, 1, '2012-10-12 14:00:00', '0004745', '9900129', 160, '2012-12-14 16:19:08', '2012-12-14 16:23:28', 2, 1, 1, 1, 100635, '000043073C7A000104E0', NULL, '2012-10-12 14:00:00', '2012-10-12 14:00:00', 0),
	(1844, 1, '2012-10-12 14:00:00', '0004746', '9900164', 117, '2012-10-23 10:51:41', NULL, 3, 3, 1, 1, NULL, '000099D23B7A000104E0', NULL, '2012-10-12 14:00:00', '2012-10-12 14:00:00', 0),
	(1845, 1, '2012-10-12 14:00:00', '0004747', '9900165', 117, '2012-10-23 11:13:31', NULL, 3, 3, 1, 1, NULL, '000024B33B7A000104E0', NULL, '2012-10-12 14:00:00', '2012-10-12 14:00:00', 0),
	(1846, 1, '2012-10-12 14:00:00', '0004748', '9900199', 107, NULL, NULL, 3, 3, 1, 1, NULL, '000068FD3B7A000104E0', NULL, '2012-10-12 14:00:00', '2012-10-12 14:00:00', 0),
	(1847, 1, '2012-10-12 14:00:00', '0004749', '9900166', 107, NULL, NULL, 3, 3, 1, 1, NULL, '0000863F3B7A000104E0', NULL, '2012-10-12 14:00:00', '2012-10-12 14:00:00', 0),
	(1848, 1, '2012-10-12 14:00:00', '0004750', '9900198', 107, NULL, NULL, 3, 3, 1, 1, NULL, '00005BAD3B7A000104E0', NULL, '2012-10-12 14:00:00', '2012-10-12 14:00:00', 0),
	(1849, 1, '2012-10-12 14:00:00', '0004751', '9900242', 107, NULL, NULL, 3, 3, 1, 1, NULL, '000055FA3B7A000104E0', NULL, '2012-10-12 14:00:00', '2012-10-12 14:00:00', 0),
	(1850, 1, '2012-10-12 14:00:00', '0004752', '9900123', 107, NULL, NULL, 3, 3, 1, 1, NULL, '00008375877A000104E0', NULL, '2012-10-12 14:00:00', '2012-10-12 14:00:00', 0),
	(1851, 1, '2012-10-12 14:00:00', '0004753', '9900241', 160, '2012-12-14 16:16:09', '2012-12-14 16:24:24', 2, 1, 1, 1, 100626, '0000896F877A000104E0', NULL, '2012-10-12 14:00:00', '2012-10-12 14:00:00', 0),
	(1852, 1, '2012-10-12 14:00:00', '0004754', '9900085', 107, NULL, NULL, 3, 3, 1, 1, NULL, '0000636A877A000104E0', NULL, '2012-10-12 14:00:00', '2012-10-12 14:00:00', 0),
	(1853, 1, '2012-10-12 14:00:00', '0004755', '9900113', 107, NULL, NULL, 3, 3, 1, 1, NULL, '00003D243B7A000104E0', NULL, '2012-10-12 14:00:00', '2012-10-12 14:00:00', 0),
	(1854, 1, '2012-10-12 14:00:00', '0004756', '9900097', 107, NULL, NULL, 3, 3, 1, 1, NULL, '0000FC64877A000104E0', NULL, '2012-10-12 14:00:00', '2012-10-12 14:00:00', 0),
	(1855, 1, '2012-10-12 14:00:00', '0004757', '9900167', 107, NULL, NULL, 3, 3, 1, 1, NULL, '0000689F3B7A000104E0', NULL, '2012-10-12 14:00:00', '2012-10-12 14:00:00', 0),
	(1856, 1, '2012-10-12 14:00:00', '0004758', '9900128', 107, NULL, NULL, 3, 3, 1, 1, NULL, '000096F23B7A000104E0', NULL, '2012-10-12 14:00:00', '2012-10-12 14:00:00', 0),
	(1857, 1, '2012-10-12 14:00:00', '0004759', '9900122', 117, '2012-10-24 16:42:45', NULL, 3, 3, 1, 1, NULL, '0000AA70877A000104E0', NULL, '2012-10-12 14:00:00', '2012-10-12 14:00:00', 0),
	(1858, 1, '2012-10-12 14:00:00', '0004760', '9900240', 107, NULL, NULL, 3, 3, 1, 1, NULL, '00002CDF3B7A000104E0', NULL, '2012-10-12 14:00:00', '2012-10-12 14:00:00', 0),
	(1859, 1, '2012-10-12 14:00:00', '0004761', '9900191', 160, '2012-12-14 16:17:29', '2012-12-14 16:24:07', 2, 1, 1, 1, 100630, '0000A8E03B7A000104E0', NULL, '2012-10-12 14:00:00', '2012-10-12 14:00:00', 0),
	(1860, 1, '2012-10-12 14:00:00', '0004762', '9900190', 107, NULL, NULL, 3, 3, 1, 1, NULL, '0000FCF83B7A000104E0', NULL, '2012-10-12 14:00:00', '2012-10-12 14:00:00', 0),
	(1861, 1, '2012-10-12 14:00:00', '0004763', '9900181', 107, NULL, NULL, 3, 3, 1, 1, NULL, '0000ABA23B7A000104E0', NULL, '2012-10-12 14:00:00', '2012-10-12 14:00:00', 0),
	(1862, 1, '2012-10-12 14:00:00', '0004764', '9900219', 107, NULL, NULL, 3, 3, 1, 1, NULL, '00005FB33B7A000104E0', NULL, '2012-10-12 14:00:00', '2012-10-12 14:00:00', 0),
	(1863, 1, '2012-10-12 14:00:00', '0004765', '9900204', 107, NULL, NULL, 3, 3, 1, 1, NULL, '000094CD3B7A000104E0', NULL, '2012-10-12 14:00:00', '2012-10-12 14:00:00', 0),
	(1864, 1, '2012-10-12 14:00:00', '0004766', '9900205', 107, NULL, NULL, 3, 3, 1, 1, NULL, '0000187D3B7A000104E0', NULL, '2012-10-12 14:00:00', '2012-10-12 14:00:00', 0),
	(1865, 1, '2012-10-12 14:00:00', '0004767', '9900207', 107, NULL, NULL, 3, 3, 1, 1, NULL, '00001E863B7A000104E0', NULL, '2012-10-12 14:00:00', '2012-10-12 14:00:00', 0),
	(1866, 1, '2012-10-12 14:00:00', '0004768', '9900202', 117, '2012-10-23 10:32:17', '2012-11-04 20:39:27', 3, 3, 1, 1, NULL, '00006B4B3B7A000104E0', NULL, '2012-10-12 14:00:00', '2012-10-12 14:00:00', 0),
	(1867, 1, '2012-10-12 14:00:00', '0004769', '9900236', 160, '2012-12-14 16:20:37', '2012-12-14 16:22:32', 2, 1, 1, 1, 100640, '00001B923B7A000104E0', NULL, '2012-10-12 14:00:00', '2012-10-12 14:00:00', 0),
	(1868, 1, '2012-10-12 14:00:00', '0004770', '9900227', 107, NULL, NULL, 3, 3, 1, 1, NULL, '0000260C3C7A000104E0', NULL, '2012-10-12 14:00:00', '2012-10-12 14:00:00', 0),
	(1869, 1, '2012-10-12 14:00:00', '0004771', '9900221', 107, NULL, NULL, 3, 3, 1, 1, NULL, '0000EF423B7A000104E0', NULL, '2012-10-12 14:00:00', '2012-10-12 14:00:00', 0),
	(1870, 1, '2012-10-12 14:00:00', '0004772', '9900216', 107, NULL, NULL, 3, 3, 1, 1, NULL, '00006EF33B7A000104E0', NULL, '2012-10-12 14:00:00', '2012-10-12 14:00:00', 0),
	(1871, 1, '2012-10-12 14:00:00', '0004773', '9900187', 107, NULL, NULL, 3, 3, 1, 1, NULL, '0000D9233B7A000104E0', NULL, '2012-10-12 14:00:00', '2012-10-12 14:00:00', 0),
	(1872, 1, '2012-10-12 14:00:00', '0004774', '9900188', 107, NULL, NULL, 3, 3, 1, 1, NULL, '00002B343B7A000104E0', NULL, '2012-10-12 14:00:00', '2012-10-12 14:00:00', 0),
	(1873, 1, '2012-10-12 14:00:00', '0004775', '9900192', 107, NULL, NULL, 3, 3, 1, 1, NULL, '0000E38F3B7A000104E0', NULL, '2012-10-12 14:00:00', '2012-10-12 14:00:00', 0),
	(1874, 1, '2012-10-12 14:00:00', '0004776', '9900226', 107, NULL, NULL, 3, 3, 1, 1, NULL, '0000EE6F3B7A000104E0', NULL, '2012-10-12 14:00:00', '2012-10-12 14:00:00', 0),
	(1875, 1, '2012-10-12 14:00:00', '0004777', '9900220', 107, NULL, NULL, 3, 3, 1, 1, NULL, '000070B93B7A000104E0', NULL, '2012-10-12 14:00:00', '2012-10-12 14:00:00', 0),
	(1876, 1, '2012-10-12 14:00:00', '0004778', '9900208', 107, NULL, NULL, 3, 3, 1, 1, NULL, '000030E13B7A000104E0', NULL, '2012-10-12 14:00:00', '2012-10-12 14:00:00', 0),
	(1877, 1, '2012-10-12 14:00:00', '0004779', '9900196', 107, NULL, NULL, 3, 3, 1, 1, NULL, '00001ADB3B7A000104E0', NULL, '2012-10-12 14:00:00', '2012-10-12 14:00:00', 0),
	(1878, 1, '2012-10-12 14:00:00', '0004780', '9900195', 107, NULL, NULL, 3, 3, 1, 1, NULL, '0000A1353B7A000104E0', NULL, '2012-10-12 14:00:00', '2012-10-12 14:00:00', 0),
	(1879, 1, '2012-10-12 14:00:00', '0004781', '9900185', 117, '2012-10-24 15:58:08', NULL, 3, 3, 1, 1, NULL, '00007C7C3B7A000104E0', NULL, '2012-10-12 14:00:00', '2012-10-12 14:00:00', 0),
	(1880, 1, '2012-10-12 14:00:00', '0004782', '9900212', 160, '2012-12-14 16:19:25', '2012-12-14 16:23:23', 2, 1, 1, 1, 100636, '000059DF3B7A000104E0', NULL, '2012-10-12 14:00:00', '2012-10-12 14:00:00', 0),
	(1881, 1, '2012-10-12 14:00:00', '0004783', '9900213', 160, '2012-12-14 16:15:47', '2012-12-14 16:24:29', 2, 1, 1, 1, 100625, '00008B0B3B7A000104E0', NULL, '2012-10-12 14:00:00', '2012-10-12 14:00:00', 0),
	(1882, 1, '2012-10-12 14:00:00', '0004784', '9900193', 160, '2012-12-14 16:19:44', '2012-12-14 16:23:18', 2, 1, 1, 1, 100637, '0000FF8D3B7A000104E0', NULL, '2012-10-12 14:00:00', '2012-10-12 14:00:00', 0),
	(1883, 1, '2012-10-12 14:00:00', '0004785', '9900210', 107, NULL, NULL, 3, 3, 1, 1, NULL, '000071A13B7A000104E0', NULL, '2012-10-12 14:00:00', '2012-10-12 14:00:00', 0),
	(1884, 1, '2012-10-12 14:00:00', '0004786', '9900218', 107, NULL, NULL, 3, 3, 1, 1, NULL, '0000912A3B7A000104E0', NULL, '2012-10-12 14:00:00', '2012-10-12 14:00:00', 0),
	(1885, 1, '2012-10-12 14:00:00', '0004787', '9900186', 107, NULL, NULL, 3, 3, 1, 1, NULL, '000016A23B7A000104E0', NULL, '2012-10-12 14:00:00', '2012-10-12 14:00:00', 0),
	(1886, 1, '2012-10-12 14:00:00', '0004788', '9900194', 107, NULL, NULL, 3, 3, 1, 1, NULL, '000062FD3B7A000104E0', NULL, '2012-10-12 14:00:00', '2012-10-12 14:00:00', 0),
	(1887, 1, '2012-10-12 14:00:00', '0004789', '9900203', 160, '2012-12-14 16:20:00', '2012-12-14 16:22:46', 2, 1, 1, 1, 100638, '000088653B7A000104E0', NULL, '2012-10-12 14:00:00', '2012-10-12 14:00:00', 0),
	(1888, 1, '2012-10-12 14:00:00', '0004790', '9900183', 107, NULL, NULL, 3, 3, 1, 1, NULL, '000063A33B7A000104E0', NULL, '2012-10-12 14:00:00', '2012-10-12 14:00:00', 0),
	(1889, 1, '2012-10-12 14:00:00', '0004791', '9900209', 107, NULL, NULL, 3, 3, 1, 1, NULL, '0000BCDC3B7A000104E0', NULL, '2012-10-12 14:00:00', '2012-10-12 14:00:00', 0),
	(1890, 1, '2012-10-12 14:00:00', '0004792', '9900175', 107, NULL, NULL, 3, 3, 1, 1, NULL, '000096103B7A000104E0', NULL, '2012-10-12 14:00:00', '2012-10-12 14:00:00', 0),
	(1891, 1, '2012-10-12 14:00:00', '0004793', '9900174', 107, NULL, NULL, 3, 3, 1, 1, NULL, '000010AF3B7A000104E0', NULL, '2012-10-12 14:00:00', '2012-10-12 14:00:00', 0),
	(1892, 1, '2012-10-12 14:00:00', '0004794', '9900173', 117, '2012-10-23 11:25:06', NULL, 3, 3, 1, 1, NULL, '0000B5FA3B7A000104E0', NULL, '2012-10-12 14:00:00', '2012-10-12 14:00:00', 0),
	(1893, 1, '2012-10-12 14:00:00', '0004795', '9900172', 107, NULL, NULL, 3, 3, 1, 1, NULL, '000051173B7A000104E0', NULL, '2012-10-12 14:00:00', '2012-10-12 14:00:00', 0),
	(1894, 1, '2012-10-12 14:00:00', '0004796', '9900171', 107, NULL, NULL, 3, 3, 1, 1, NULL, '000026DE3B7A000104E0', NULL, '2012-10-12 14:00:00', '2012-10-12 14:00:00', 0),
	(1895, 1, '2012-10-12 14:00:00', '0004797', '9900170', 107, NULL, NULL, 3, 3, 1, 1, NULL, '000081353B7A000104E0', NULL, '2012-10-12 14:00:00', '2012-10-12 14:00:00', 0),
	(1896, 1, '2012-10-12 14:00:00', '0004798', '9900169', 107, NULL, NULL, 3, 3, 1, 1, NULL, '000033533B7A000104E0', NULL, '2012-10-12 14:00:00', '2012-10-12 14:00:00', 0),
	(1897, 1, '2012-10-12 14:00:00', '0004799', '9900168', 119, '2012-10-24 12:01:35', '2012-10-24 12:06:57', 2, 1, 1, 1, 100601, '00005C4E3B7A000104E0', NULL, '2012-10-12 14:00:00', '2012-10-12 14:00:00', 0),
	(1898, 1, '2012-10-12 14:00:00', '0004800', '9900225', 160, '2012-12-14 16:20:18', '2012-12-14 16:22:40', 2, 1, 1, 1, 100639, '0000AE103B7A000104E0', NULL, '2012-10-12 14:00:00', '2012-10-12 14:00:00', 0),
	(1899, 1, '2012-10-12 14:00:00', '0004801', '9900189', 107, NULL, NULL, 3, 3, 1, 1, NULL, '0000FFDF3B7A000104E0', NULL, '2012-10-12 14:00:00', '2012-10-12 14:00:00', 0),
	(1900, 1, '2012-10-12 14:00:00', '0004802', '9900180', 107, NULL, NULL, 3, 3, 1, 1, NULL, '0000E5693B7A000104E0', NULL, '2012-10-12 14:00:00', '2012-10-12 14:00:00', 0),
	(1901, 1, '2012-10-12 14:00:00', '0004803', '9900215', 107, NULL, NULL, 3, 3, 1, 1, NULL, '0000E13C3B7A000104E0', NULL, '2012-10-12 14:00:00', '2012-10-12 14:00:00', 0),
	(1902, 1, '2012-10-12 14:00:00', '0004804', '9900178', 107, NULL, NULL, 3, 3, 1, 1, NULL, '000048713B7A000104E0', NULL, '2012-10-12 14:00:00', '2012-10-12 14:00:00', 0),
	(1903, 1, '2012-10-12 14:00:00', '0004805', '9900176', 117, '2012-10-24 17:37:34', NULL, 3, 3, 1, 1, NULL, '0000765A3B7A000104E0', NULL, '2012-10-12 14:00:00', '2012-10-12 14:00:00', 0),
	(1904, 1, '2012-10-12 14:00:00', '0004806', '9900160', 107, NULL, NULL, 3, 3, 1, 1, NULL, '000054CB3B7A000104E0', NULL, '2012-10-12 14:00:00', '2012-10-12 14:00:00', 0),
	(1905, 1, '2012-10-12 14:00:00', '0004807', '9900159', 107, NULL, NULL, 3, 3, 1, 1, NULL, '000070A43B7A000104E0', NULL, '2012-10-12 14:00:00', '2012-10-12 14:00:00', 0),
	(1906, 1, '2012-10-12 14:00:00', '0004808', '9900155', 107, NULL, NULL, 3, 3, 1, 1, NULL, '000043B73B7A000104E0', NULL, '2012-10-12 14:00:00', '2012-10-12 14:00:00', 0),
	(1907, 1, '2012-10-12 14:00:00', '0004809', '9900149', 107, NULL, NULL, 3, 3, 1, 1, NULL, '0000E46D3B7A000104E0', NULL, '2012-10-12 14:00:00', '2012-10-12 14:00:00', 0),
	(1908, 1, '2012-10-12 14:00:00', '0004810', '9900148', 107, NULL, NULL, 3, 3, 1, 1, NULL, '00008C353B7A000104E0', NULL, '2012-10-12 14:00:00', '2012-10-12 14:00:00', 0),
	(1909, 1, '2012-10-12 14:00:00', '0004811', '9900153', 117, '2012-10-24 10:58:55', '2012-10-24 11:01:06', 3, 3, 1, 1, NULL, '00002A0A3B7A000104E0', NULL, '2012-10-12 14:00:00', '2012-10-12 14:00:00', 0),
	(1910, 1, '2012-10-12 14:00:00', '0004812', '9900231', 107, NULL, NULL, 3, 3, 1, 1, NULL, '0000C5B03B7A000104E0', NULL, '2012-10-12 14:00:00', '2012-10-12 14:00:00', 0),
	(1911, 1, '2012-10-12 14:00:00', '0004813', '9900224', 107, NULL, NULL, 3, 3, 1, 1, NULL, '000095353B7A000104E0', NULL, '2012-10-12 14:00:00', '2012-10-12 14:00:00', 0),
	(1912, 1, '2012-10-12 14:00:00', '0004814', '9900184', 160, '2012-12-14 16:17:10', '2012-12-14 16:24:11', 2, 1, 1, 1, 100629, '000042523B7A000104E0', NULL, '2012-10-12 14:00:00', '2012-10-12 14:00:00', 0),
	(1913, 1, '2012-10-12 14:00:00', '0004815', '9900177', 108, '2012-10-15 12:14:50', '2012-10-15 12:43:21', 2, 1, 1, 1, 100558, '0000B2E53B7A000104E0', NULL, '2012-10-12 14:00:00', '2012-10-12 14:00:00', 0),
	(1914, 1, '2012-10-12 14:00:00', '0004816', '9900156', 108, '2012-10-15 12:14:11', '2012-10-15 12:43:26', 2, 1, 1, 1, 100557, '00007F073C7A000104E0', NULL, '2012-10-12 14:00:00', '2012-10-12 14:00:00', 0),
	(1915, 1, '2012-10-12 14:00:00', '0004817', '9900152', 108, '2012-10-15 12:13:22', '2012-10-15 12:18:24', 2, 1, 1, 1, 100560, '0000CCC83B7A000104E0', NULL, '2012-10-12 14:00:00', '2012-10-12 14:00:00', 0),
	(1916, 1, '2012-10-12 14:00:00', '0004818', '9900151', 108, '2012-10-15 12:11:38', '2012-12-11 11:35:23', 2, 1, 1, 1, 100556, '00007CE53B7A000104E0', NULL, '2012-10-12 14:00:00', '2012-10-12 14:00:00', 0),
	(1917, 1, '2012-10-12 14:00:00', '0004819', '9900150', 108, '2012-10-15 12:10:06', '2012-10-15 12:43:16', 2, 1, 1, 1, 100559, '00003A663B7A000104E0', NULL, '2012-10-12 14:00:00', '2012-10-12 14:00:00', 0),
	(1918, 1, '2012-10-12 14:00:00', '0004820', '9900158', 107, NULL, NULL, 3, 3, 1, 1, NULL, '000095A23B7A000104E0', NULL, '2012-10-12 14:00:00', '2012-10-12 14:00:00', 0),
	(1919, 1, '2012-10-12 14:00:00', '0004821', '9900154', 107, NULL, NULL, 3, 3, 1, 1, NULL, '0000E8F73B7A000104E0', NULL, '2012-10-12 14:00:00', '2012-10-12 14:00:00', 0),
	(1920, 1, '2012-10-12 14:00:00', '0004822', '9900117', 107, NULL, NULL, 3, 3, 1, 1, NULL, '000064293B7A000104E0', NULL, '2012-10-12 14:00:00', '2012-10-12 14:00:00', 0),
	(1921, 1, '2012-10-12 14:00:00', '0004823', '9900116', 107, NULL, NULL, 3, 3, 1, 1, NULL, '0000D8FD3B7A000104E0', NULL, '2012-10-12 14:00:00', '2012-10-12 14:00:00', 0),
	(1922, 1, '2012-10-12 14:00:00', '0004824', '9900115', 117, '2012-10-24 17:03:23', NULL, 3, 3, 1, 1, NULL, '000002A13B7A000104E0', NULL, '2012-10-12 14:00:00', '2012-10-12 14:00:00', 0),
	(1923, 1, '2012-10-12 14:00:00', '0004825', '9900114', 117, '2012-10-23 11:49:18', NULL, 3, 3, 1, 1, NULL, '0000117A3B7A000104E0', NULL, '2012-10-12 14:00:00', '2012-10-12 14:00:00', 0),
	(1924, 1, '2012-10-12 14:00:00', '0004826', '9900214', 107, NULL, NULL, 3, 3, 1, 1, NULL, '0000A6143B7A000104E0', NULL, '2012-10-12 14:00:00', '2012-10-12 14:00:00', 0),
	(1925, 1, '2012-10-12 14:00:00', '0004827', '9900232', 107, NULL, NULL, 3, 3, 1, 1, NULL, '0000DAC23B7A000104E0', NULL, '2012-10-12 14:00:00', '2012-10-12 14:00:00', 0),
	(1926, 1, '2012-10-12 14:00:00', '0004828', '9900211', 107, NULL, NULL, 3, 3, 1, 1, NULL, '000026863B7A000104E0', NULL, '2012-10-12 14:00:00', '2012-10-12 14:00:00', 0),
	(1927, 1, '2012-10-12 14:00:00', '0004829', '9900206', 107, NULL, NULL, 3, 3, 1, 1, NULL, '0000E3503B7A000104E0', NULL, '2012-10-12 14:00:00', '2012-10-12 14:00:00', 0),
	(1928, 1, '2012-10-12 14:00:00', '0004830', '9900233', 160, '2012-12-14 16:17:47', '2012-12-14 16:24:02', 2, 1, 1, 1, 100631, '000018113B7A000104E0', NULL, '2012-10-12 14:00:00', '2012-10-12 14:00:00', 0),
	(1929, 1, '2012-10-12 14:00:00', '0004831', '9900098', 107, NULL, NULL, 3, 3, 1, 1, NULL, '00001E68877A000104E0', NULL, '2012-10-12 14:00:00', '2012-10-12 14:00:00', 0),
	(1930, 1, '2012-10-12 14:00:00', '0004832', '9900217', 109, '2012-10-15 13:28:04', '2012-10-15 14:09:37', 2, 1, 1, 1, 100565, '00006C383B7A000104E0', NULL, '2012-10-12 14:00:00', '2012-10-12 14:00:00', 0),
	(1931, 1, '2012-10-12 14:00:00', '0004833', '9900099', 109, '2012-10-15 12:45:38', '2012-10-15 12:46:36', 2, 1, 1, 1, 100561, '00007368877A000104E0', NULL, '2012-10-12 14:00:00', '2012-10-12 14:00:00', 0),
	(1932, 1, '2012-10-12 14:00:00', '0004834', '9900100', 109, '2012-10-15 13:23:14', '2012-10-15 14:09:55', 2, 1, 1, 1, 100562, '0000F37E877A000104E0', NULL, '2012-10-12 14:00:00', '2012-10-12 14:00:00', 0),
	(1933, 1, '2012-10-12 14:00:00', '0004835', '9900101', 160, '2012-12-14 16:20:59', '2012-12-14 16:22:26', 2, 1, 1, 1, 100641, '0000096D877A000104E0', NULL, '2012-10-12 14:00:00', '2012-10-12 14:00:00', 0),
	(1934, 1, '2012-10-12 14:00:00', '0004836', '9900131', 117, '2012-10-23 13:30:55', NULL, 3, 3, 1, 1, NULL, '00003BDB3B7A000104E0', NULL, '2012-10-12 14:00:00', '2012-10-12 14:00:00', 0),
	(1935, 1, '2012-10-12 14:00:00', '0004837', '9900235', 107, NULL, NULL, 3, 3, 1, 1, NULL, '00003DF93B7A000104E0', NULL, '2012-10-12 14:00:00', '2012-10-12 14:00:00', 0),
	(1936, 1, '2012-10-12 14:00:00', '0004838', '9900069', 107, NULL, NULL, 3, 3, 1, 1, NULL, '00001E73877A000104E0', NULL, '2012-10-12 14:00:00', '2012-10-12 14:00:00', 0),
	(1937, 1, '2012-10-12 14:00:00', '0004839', '9900102', 107, NULL, NULL, 3, 3, 1, 1, NULL, '0000CD85877A000104E0', NULL, '2012-10-12 14:00:00', '2012-10-12 14:00:00', 0),
	(1938, 1, '2012-10-12 14:00:00', '0004840', '9900090', 109, '2012-10-15 13:25:20', '2012-10-15 14:09:49', 2, 1, 1, 1, 100563, '0000FA62877A000104E0', NULL, '2012-10-12 14:00:00', '2012-10-12 14:00:00', 0),
	(1939, 1, '2012-10-12 14:00:00', '0004841', '9900089', 109, '2012-10-15 13:34:22', '2012-10-15 14:08:36', 2, 1, 1, 1, 100574, '00006B793B7A000104E0', NULL, '2012-10-12 14:00:00', '2012-10-12 14:00:00', 0),
	(1940, 1, '2012-10-12 14:00:00', '0004842', '9900046', 109, '2012-10-15 13:31:41', '2012-10-15 14:08:52', 2, 1, 1, 1, 100571, '0000D8F33B7A000104E0', NULL, '2012-10-12 14:00:00', '2012-10-12 14:00:00', 0),
	(1941, 1, '2012-10-12 14:00:00', '0004843', '9900035', 109, '2012-10-15 13:34:59', '2012-10-15 14:08:30', 2, 1, 1, 1, 100575, '00008EB53B7A000104E0', NULL, '2012-10-12 14:00:00', '2012-10-12 14:00:00', 0),
	(1942, 1, '2012-10-12 14:00:00', '0004844', '9900088', 109, '2012-10-15 13:35:35', '2012-10-15 14:08:25', 2, 1, 1, 1, 100576, '0000B84E877A000104E0', NULL, '2012-10-12 14:00:00', '2012-10-12 14:00:00', 0),
	(1943, 1, '2012-10-12 14:00:00', '0004845', '9900006', 109, '2012-10-15 13:36:05', '2012-10-15 14:08:19', 2, 1, 1, 1, 100577, '0000B4373B7A000104E0', NULL, '2012-10-12 14:00:00', '2012-10-12 14:00:00', 0),
	(1944, 1, '2012-10-12 14:00:00', '0004846', '9900007', 109, '2012-10-15 13:36:35', '2012-10-15 14:08:14', 2, 1, 1, 1, 100578, '00000F4F3B7A000104E0', NULL, '2012-10-12 14:00:00', '2012-10-12 14:00:00', 0),
	(1945, 1, '2012-10-12 14:00:00', '0004847', '9900005', 109, '2012-10-15 13:37:08', '2012-10-15 14:08:08', 2, 1, 1, 1, 100579, '0000C6E23B7A000104E0', NULL, '2012-10-12 14:00:00', '2012-10-12 14:00:00', 0),
	(1946, 1, '2012-10-12 14:00:00', '0004848', '9900008', 109, '2012-10-15 13:37:37', '2012-10-15 14:07:55', 2, 1, 1, 1, 100580, '0000900A3B7A000104E0', NULL, '2012-10-12 14:00:00', '2012-10-12 14:00:00', 0),
	(1947, 1, '2012-10-12 14:00:00', '0004849', '9900013', 109, '2012-10-15 13:38:30', '2012-10-15 14:07:42', 2, 1, 1, 1, 100581, '0000A4783B7A000104E0', NULL, '2012-10-12 14:00:00', '2012-10-12 14:00:00', 0),
	(1948, 1, '2012-10-12 14:00:00', '0004850', '9900023', 109, '2012-10-15 13:30:33', '2012-10-15 14:09:15', 2, 1, 1, 1, 100569, '0000AF203B7A000104E0', NULL, '2012-10-12 14:00:00', '2012-10-12 14:00:00', 0),
	(1949, 1, '2012-10-12 14:00:00', '0004851', '9900003', 109, '2012-10-15 13:32:30', '2012-10-15 14:08:47', 2, 1, 1, 1, 100572, '000092263B7A000104E0', NULL, '2012-10-12 14:00:00', '2012-10-12 14:00:00', 0),
	(1950, 1, '2012-10-12 14:00:00', '0004852', '9900017', 109, '2012-10-15 13:33:13', '2012-10-15 14:08:42', 2, 1, 1, 1, 100573, '0000E1593B7A000104E0', NULL, '2012-10-12 14:00:00', '2012-10-12 14:00:00', 0),
	(1951, 1, '2012-10-12 14:00:00', '0004853', '9900015', 109, '2012-10-15 13:48:33', '2012-10-15 14:06:17', 2, 1, 1, 1, 100593, '00002BD03B7A000104E0', NULL, '2012-10-12 14:00:00', '2012-10-12 14:00:00', 0),
	(1952, 1, '2012-10-12 14:00:00', '0004854', '9900014', 109, '2012-10-15 13:49:04', '2012-10-15 14:06:10', 2, 1, 1, 1, 100594, '000052AC3B7A000104E0', NULL, '2012-10-12 14:00:00', '2012-10-12 14:00:00', 0),
	(1953, 1, '2012-10-12 14:00:00', '0004855', '9900009', 109, '2012-10-15 13:49:44', '2012-10-15 14:06:00', 2, 1, 1, 1, 100595, '0000FE583B7A000104E0', NULL, '2012-10-12 14:00:00', '2012-10-12 14:00:00', 0),
	(1954, 1, '2012-10-12 14:00:00', '0004856', '9900001', 108, '2012-10-15 11:40:37', '2012-10-15 11:41:10', 2, 1, 1, 1, 100555, '000043203B7A000104E0', NULL, '2012-10-12 14:00:00', '2012-10-12 14:00:00', 0),
	(1955, 1, '2012-10-12 14:00:00', '0004857', '9900002', 108, '2012-10-15 11:47:32', '2012-10-15 11:48:23', 2, 1, 1, 1, 100531, '0000BBB13B7A000104E0', NULL, '2012-10-12 14:00:00', '2012-10-12 14:00:00', 0),
	(1956, 1, '2012-10-12 14:00:00', '0004858', '9900066', 109, '2012-10-15 13:50:16', '2012-10-15 14:05:54', 2, 1, 1, 1, 100596, '0000DC7F877A000104E0', NULL, '2012-10-12 14:00:00', '2012-10-12 14:00:00', 0),
	(1957, 1, '2012-10-12 14:00:00', '0004859', '9900065', 109, '2012-10-15 13:26:51', '2012-10-15 14:09:43', 2, 1, 1, 1, 100564, '0000E3FF867A000104E0', NULL, '2012-10-12 14:00:00', '2012-10-12 14:00:00', 0),
	(1958, 1, '2012-10-12 14:00:00', '0004860', '9900067', 109, '2012-10-15 13:28:49', '2012-10-15 14:09:32', 2, 1, 1, 1, 100566, '00003C63877A000104E0', NULL, '2012-10-12 14:00:00', '2012-10-12 14:00:00', 0),
	(1959, 1, '2012-10-12 14:00:00', '0004861', '9900060', 109, '2012-10-15 13:31:07', '2012-10-15 14:08:59', 2, 1, 1, 1, 100570, '00006288877A000104E0', NULL, '2012-10-12 14:00:00', '2012-10-12 14:00:00', 0),
	(1960, 1, '2012-10-12 14:00:00', '0004862', '9900055', 107, NULL, NULL, 3, 3, 1, 1, NULL, '00004D68877A000104E0', NULL, '2012-10-12 14:00:00', '2012-10-12 14:00:00', 0),
	(1961, 1, '2012-10-12 14:00:00', '0004863', '9900031', 107, NULL, NULL, 3, 3, 1, 1, NULL, '000066083C7A000104E0', NULL, '2012-10-12 14:00:00', '2012-10-12 14:00:00', 0),
	(1962, 1, '2012-10-12 14:00:00', '0004864', '9900041', 107, NULL, NULL, 3, 3, 1, 1, NULL, '000085633B7A000104E0', NULL, '2012-10-12 14:00:00', '2012-10-12 14:00:00', 0),
	(1963, 1, '2012-10-12 14:00:00', '0004865', '9900045', 107, NULL, NULL, 3, 3, 1, 1, NULL, '0000C10E3B7A000104E0', NULL, '2012-10-12 14:00:00', '2012-10-12 14:00:00', 0),
	(1964, 1, '2012-10-12 14:00:00', '0004866', '9900047', 107, NULL, NULL, 3, 3, 1, 1, NULL, '000049353B7A000104E0', NULL, '2012-10-12 14:00:00', '2012-10-12 14:00:00', 0),
	(1965, 1, '2012-10-12 14:00:00', '0004867', '9900042', 160, '2012-12-14 16:21:32', '2012-12-14 16:22:12', 2, 1, 1, 1, 100643, '0000440A3C7A000104E0', NULL, '2012-10-12 14:00:00', '2012-10-12 14:00:00', 0),
	(1966, 1, '2012-10-12 14:00:00', '0004868', '9900032', 109, '2012-10-15 13:39:13', '2012-10-15 14:07:38', 2, 1, 1, 1, 100582, '0000832B3B7A000104E0', NULL, '2012-10-12 14:00:00', '2012-10-12 14:00:00', 0),
	(1967, 1, '2012-10-12 14:00:00', '0004869', '9900133', 109, '2012-10-15 13:39:49', '2012-10-15 14:07:32', 2, 1, 1, 1, 100583, '0000D44F877A000104E0', NULL, '2012-10-12 14:00:00', '2012-10-12 14:00:00', 0),
	(1968, 1, '2012-10-12 14:00:00', '0004870', '9900143', 109, '2012-10-15 13:40:21', '2012-10-15 14:07:27', 2, 1, 1, 1, 100584, '000038373B7A000104E0', NULL, '2012-10-12 14:00:00', '2012-10-12 14:00:00', 0),
	(1969, 1, '2012-10-12 14:00:00', '0004871', '9900134', 107, NULL, NULL, 3, 3, 1, 1, NULL, '00005F00877A000104E0', NULL, '2012-10-12 14:00:00', '2012-10-12 14:00:00', 0),
	(1970, 1, '2012-10-12 14:00:00', '0004872', '9900120', 109, '2012-10-15 13:41:11', '2012-10-15 14:07:19', 2, 1, 1, 1, 100585, '0000E3DB3B7A000104E0', NULL, '2012-10-12 14:00:00', '2012-10-12 14:00:00', 0),
	(1971, 1, '2012-10-12 14:00:00', '0004873', '9900068', 109, '2012-10-15 13:41:46', '2012-10-15 14:07:14', 2, 1, 1, 1, 100586, '00009C54877A000104E0', NULL, '2012-10-12 14:00:00', '2012-10-12 14:00:00', 0),
	(1972, 1, '2012-10-12 14:00:00', '0004874', '9900087', 109, '2012-10-15 13:42:17', '2012-10-15 14:07:08', 2, 1, 1, 1, 100587, '00009B73877A000104E0', NULL, '2012-10-12 14:00:00', '2012-10-12 14:00:00', 0),
	(1973, 1, '2012-10-12 14:00:00', '0004875', '9900043', 109, '2012-10-15 13:42:54', '2012-10-15 14:07:00', 2, 1, 1, 1, 100588, '0000C77D3B7A000104E0', NULL, '2012-10-12 14:00:00', '2012-10-12 14:00:00', 0),
	(1974, 1, '2012-10-12 14:00:00', '0004876', '9900237', 109, '2012-10-15 13:44:07', '2012-10-15 14:06:52', 2, 1, 1, 1, 100589, '00006FF83B7A000104E0', NULL, '2012-10-12 14:00:00', '2012-10-12 14:00:00', 0),
	(1975, 1, '2012-10-12 14:00:00', '0004877', '9900119', 109, '2012-10-15 13:46:53', '2012-10-15 14:06:39', 2, 1, 1, 1, 100590, '00002D173B7A000104E0', NULL, '2012-10-12 14:00:00', '2012-10-12 14:00:00', 0),
	(1976, 1, '2012-10-12 14:00:00', '0004878', '9900135', 109, '2012-10-15 13:47:21', '2012-10-15 14:06:30', 2, 1, 1, 1, 100591, '00003450877A000104E0', NULL, '2012-10-12 14:00:00', '2012-10-12 14:00:00', 0),
	(1977, 1, '2012-10-12 14:00:00', '0004879', '9900118', 109, '2012-10-15 13:48:00', '2012-10-15 14:06:24', 2, 1, 1, 1, 100592, '000016153B7A000104E0', NULL, '2012-10-12 14:00:00', '2012-10-12 14:00:00', 0),
	(1978, 1, '2012-10-12 14:00:00', '0004880', '9900070', 109, '2012-10-15 13:50:43', '2012-10-15 14:05:48', 2, 1, 1, 1, 100597, '00008F6D877A000104E0', NULL, '2012-10-12 14:00:00', '2012-10-12 14:00:00', 0),
	(1979, 1, '2012-10-12 14:00:00', '0004881', '9900034', 109, '2012-10-15 13:51:10', '2012-10-15 14:05:38', 2, 1, 1, 1, 100598, '00004A713B7A000104E0', NULL, '2012-10-12 14:00:00', '2012-10-12 14:00:00', 0),
	(1980, 1, '2012-10-12 14:00:00', '0004882', '9900049', 109, '2012-10-15 13:51:44', '2012-10-15 14:05:29', 2, 1, 1, 1, 100599, '00007FE43B7A000104E0', NULL, '2012-10-12 14:00:00', '2012-10-12 14:00:00', 0),
	(1981, 1, '2012-10-12 14:00:00', '0004883', '9900048', 107, NULL, NULL, 3, 3, 1, 1, NULL, '00006B153B7A000104E0', NULL, '2012-10-12 14:00:00', '2012-10-12 14:00:00', 0),
	(1982, 1, '2012-10-12 14:00:00', '0004884', '9900026', 109, '2012-10-22 14:21:58', '2012-10-22 14:25:13', 2, 1, 1, 1, 100600, '000022573B7A000104E0', NULL, '2012-10-12 14:00:00', '2012-10-12 14:00:00', 0),
	(1983, 1, '2012-10-12 14:00:00', '0004885', '9900030', 117, '2012-10-23 14:12:15', NULL, 3, 3, 1, 1, NULL, '000032CA3B7A000104E0', NULL, '2012-10-12 14:00:00', '2012-10-12 14:00:00', 0),
	(1984, 1, '2012-10-12 14:00:00', '0004886', '9900025', 117, '2012-10-23 12:46:41', NULL, 3, 3, 1, 1, NULL, '000098A33B7A000104E0', NULL, '2012-10-12 14:00:00', '2012-10-12 14:00:00', 0),
	(1985, 1, '2012-10-12 14:00:00', '0004887', '9900027', 117, '2012-10-23 11:28:59', NULL, 3, 3, 1, 1, NULL, '00009BCE3B7A000104E0', NULL, '2012-10-12 14:00:00', '2012-10-12 14:00:00', 0),
	(1986, 1, '2012-10-12 14:00:00', '0004888', '9900022', 117, '2012-10-23 11:34:22', NULL, 3, 3, 1, 1, NULL, '00002EDE3B7A000104E0', NULL, '2012-10-12 14:00:00', '2012-10-12 14:00:00', 0),
	(1987, 1, '2012-10-12 14:00:00', '0004889', '9900004', 117, '2012-10-23 10:55:23', NULL, 3, 3, 1, 1, NULL, '00008BE63B7A000104E0', NULL, '2012-10-12 14:00:00', '2012-10-12 14:00:00', 0),
	(1988, 1, '2012-10-12 14:00:00', '0004890', '9900029', 116, '2012-10-16 16:47:46', '2012-10-25 15:49:41', 3, 3, 1, 1, NULL, '000042943B7A000104E0', NULL, '2012-10-12 14:00:00', '2012-10-12 14:00:00', 0),
	(1989, 1, '2012-10-12 14:00:00', '0004891', '9900020', 107, NULL, NULL, 3, 3, 1, 1, NULL, '00001B543B7A000104E0', NULL, '2012-10-12 14:00:00', '2012-10-12 14:00:00', 0),
	(1990, 1, '2012-10-12 14:00:00', '0004892', '9900028', 107, NULL, NULL, 3, 3, 1, 1, NULL, '00007E273B7A000104E0', NULL, '2012-10-12 14:00:00', '2012-10-12 14:00:00', 0),
	(1991, 1, '2012-10-12 14:00:00', '0004893', '9900147', 160, '2012-12-14 16:16:32', '2012-12-14 16:24:19', 2, 1, 1, 1, 100627, '00007B9D3B7A000104E0', NULL, '2012-10-12 14:00:00', '2012-10-12 14:00:00', 0),
	(1992, 1, '2012-10-12 14:00:00', '0004894', '9900179', 107, NULL, NULL, 1, 2, 1, 1, NULL, '0000A6873B7A000104E0', NULL, '2012-10-12 14:00:00', '2012-10-12 14:00:00', 0),
	(1993, 1, '2012-10-12 14:00:00', '0004895', '9900157', 117, '2012-10-24 17:42:11', NULL, 3, 3, 1, 1, NULL, '00009B333B7A000104E0', NULL, '2012-10-12 14:00:00', '2012-10-12 14:00:00', 0),
	(1994, 1, '2012-10-12 14:00:00', '0004896', '9900146', 107, NULL, NULL, 3, 3, 1, 1, NULL, '000077363B7A000104E0', NULL, '2012-10-12 14:00:00', '2012-10-12 14:00:00', 0),
	(1995, 1, '2012-10-12 14:00:00', '0004897', '9900141', 107, NULL, NULL, 3, 3, 1, 1, NULL, '0000DCF83B7A000104E0', NULL, '2012-10-12 14:00:00', '2012-10-12 14:00:00', 0),
	(1996, 1, '2012-10-12 14:00:00', '0004898', '9900140', 160, '2012-12-14 16:16:49', '2012-12-14 16:24:15', 2, 1, 1, 1, 100628, '0000AA103B7A000104E0', NULL, '2012-10-12 14:00:00', '2012-10-12 14:00:00', 0),
	(1997, 1, '2012-10-12 14:00:00', '0004899', '9900139', 117, '2012-10-23 11:59:54', NULL, 3, 3, 1, 1, NULL, '00000D7B3B7A000104E0', NULL, '2012-10-12 14:00:00', '2012-10-12 14:00:00', 0),
	(1998, 1, '2012-10-12 14:00:00', '0004900', '9900104', 107, NULL, NULL, 3, 3, 1, 1, NULL, '0000AD63877A000104E0', NULL, '2012-10-12 14:00:00', '2012-10-12 14:00:00', 0),
	(1999, 1, '2012-10-12 14:00:00', '0004901', '9900142', 107, NULL, NULL, 3, 3, 1, 1, NULL, '00000F0E3B7A000104E0', NULL, '2012-10-12 14:00:00', '2012-10-12 14:00:00', 0),
	(2000, 1, '2012-10-12 14:00:00', '0004902', '9900223', 117, '2012-10-23 11:52:38', NULL, 3, 3, 1, 1, NULL, '0000C8F43B7A000104E0', NULL, '2012-10-12 14:00:00', '2012-10-12 14:00:00', 0),
	(2001, 1, '2012-10-12 14:00:00', '0004903', '9900136', 117, '2012-10-23 10:39:41', NULL, 3, 3, 1, 1, NULL, '00001E7D877A000104E0', NULL, '2012-10-12 14:00:00', '2012-10-12 14:00:00', 0),
	(2002, 1, '2012-10-12 14:00:00', '0004904', '9900228', 109, '2012-10-15 13:30:01', '2012-10-15 14:09:20', 2, 1, 1, 1, 100568, '0000086E3B7A000104E0', NULL, '2012-10-12 14:00:00', '2012-10-12 14:00:00', 0),
	(2003, 1, '2012-10-12 14:00:00', '0004905', '9900018', 107, NULL, NULL, 3, 3, 1, 1, NULL, '0000E1E63B7A000104E0', NULL, '2012-10-12 14:00:00', '2012-10-12 14:00:00', 0),
	(2004, 1, '2012-10-12 14:00:00', '0004906', '9900024', 107, NULL, NULL, 3, 3, 1, 1, NULL, '000041133B7A000104E0', NULL, '2012-10-12 14:00:00', '2012-10-12 14:00:00', 0),
	(2005, 1, '2012-10-12 14:00:00', '0004907', '9900021', 107, NULL, NULL, 3, 3, 1, 1, NULL, '0000429E3B7A000104E0', NULL, '2012-10-12 14:00:00', '2012-10-12 14:00:00', 0),
	(2006, 1, '2012-10-12 14:00:00', '0004908', '9900144', 107, NULL, NULL, 3, 3, 1, 1, NULL, '00006FB53B7A000104E0', NULL, '2012-10-12 14:00:00', '2012-10-12 14:00:00', 0),
	(2007, 1, '2012-10-12 14:00:00', '0004909', '9900086', 117, '2012-10-23 16:00:28', '2012-10-23 16:01:15', 3, 3, 1, 1, NULL, '00006276877A000104E0', NULL, '2012-10-12 14:00:00', '2012-10-12 14:00:00', 0),
	(2008, 1, '2012-10-12 14:00:00', '0004910', '9900080', 107, NULL, NULL, 3, 3, 1, 1, NULL, '00004271877A000104E0', NULL, '2012-10-12 14:00:00', '2012-10-12 14:00:00', 0),
	(2009, 1, '2012-10-12 14:00:00', '0004911', '9900078', 107, NULL, NULL, 3, 3, 1, 1, NULL, '00006960877A000104E0', NULL, '2012-10-12 14:00:00', '2012-10-12 14:00:00', 0),
	(2010, 1, '2012-10-12 14:00:00', '0004912', '9900222', 107, NULL, NULL, 3, 3, 1, 1, NULL, '000092503B7A000104E0', NULL, '2012-10-12 14:00:00', '2012-10-12 14:00:00', 0),
	(2011, 1, '2012-10-12 14:00:00', '0004913', '9900103', 107, NULL, NULL, 3, 3, 1, 1, NULL, '0000CF54877A000104E0', NULL, '2012-10-12 14:00:00', '2012-10-12 14:00:00', 0),
	(2012, 1, '2012-10-12 14:00:00', '0004914', '9900138', 117, '2012-10-23 13:36:10', NULL, 3, 3, 1, 1, NULL, '00004C383B7A000104E0', NULL, '2012-10-12 14:00:00', '2012-10-12 14:00:00', 0),
	(2013, 1, '2012-10-12 14:00:00', '0004915', '9900145', 107, NULL, NULL, 3, 3, 1, 1, NULL, '000075E33B7A000104E0', NULL, '2012-10-12 14:00:00', '2012-10-12 14:00:00', 0),
	(2014, 1, '2012-10-12 14:00:00', '0004916', '9900137', 107, NULL, NULL, 3, 3, 1, 1, NULL, '00005B6A877A000104E0', NULL, '2012-10-12 14:00:00', '2012-10-12 14:00:00', 0),
	(2015, 1, '2012-10-12 14:00:00', '0004917', '9900132', 160, '2012-12-14 16:18:30', '2012-12-14 16:23:48', 2, 1, 1, 1, 100633, '0000230B3C7A000104E0', NULL, '2012-10-12 14:00:00', '2012-10-12 14:00:00', 0),
	(2016, 1, '2012-10-12 14:00:00', '0004918', '9900075', 107, NULL, NULL, 3, 3, 1, 1, NULL, '0000914D877A000104E0', NULL, '2012-10-12 14:00:00', '2012-10-12 14:00:00', 0),
	(2017, 1, '2012-10-12 14:00:00', '0004919', '9900074', 107, NULL, NULL, 3, 3, 1, 1, NULL, '00004F02877A000104E0', NULL, '2012-10-12 14:00:00', '2012-10-12 14:00:00', 0),
	(2018, 1, '2012-10-12 14:00:00', '0004920', '9900072', 107, NULL, NULL, 3, 3, 1, 1, NULL, '0000ED87877A000104E0', NULL, '2012-10-12 14:00:00', '2012-10-12 14:00:00', 0),
	(2019, 1, '2012-10-12 14:00:00', '0004921', '9900076', 107, NULL, NULL, 3, 3, 1, 1, NULL, '0000BD66877A000104E0', NULL, '2012-10-12 14:00:00', '2012-10-12 14:00:00', 0),
	(2020, 1, '2012-10-12 14:00:00', '0004922', '9900071', 107, NULL, NULL, 3, 3, 1, 1, NULL, '00002589877A000104E0', NULL, '2012-10-12 14:00:00', '2012-10-12 14:00:00', 0),
	(2021, 1, '2012-10-12 14:00:00', '0004923', '9900077', 107, NULL, NULL, 3, 3, 1, 1, NULL, '00007F81877A000104E0', NULL, '2012-10-12 14:00:00', '2012-10-12 14:00:00', 0),
	(2022, 1, '2012-10-12 14:00:00', '0004924', '9900079', 156, '2012-12-11 10:26:49', '2012-12-11 10:27:00', 2, 1, 1, 1, 100620, '00001A5F867A000104E0', NULL, '2012-10-12 14:00:00', '2012-10-12 14:00:00', 0),
	(2023, 1, '2012-10-12 14:00:00', '0004925', '9900073', 160, '2012-12-14 16:18:06', '2012-12-14 16:23:55', 2, 1, 1, 1, 100632, '0000EF83877A000104E0', NULL, '2012-10-12 14:00:00', '2012-10-12 14:00:00', 0),
	(2024, 1, '2012-10-12 14:00:00', '0004926', '9900063', 107, NULL, NULL, 3, 3, 1, 1, NULL, '00004E72877A000104E0', NULL, '2012-10-12 14:00:00', '2012-10-12 14:00:00', 0),
	(2025, 1, '2012-10-12 14:00:00', '0004927', '9900061', 107, NULL, NULL, 3, 3, 1, 1, NULL, '0000AE7C877A000104E0', NULL, '2012-10-12 14:00:00', '2012-10-12 14:00:00', 0),
	(2026, 1, '2012-10-12 14:00:00', '0004928', '9900062', 107, NULL, NULL, 3, 3, 1, 1, NULL, '00001F70877A000104E0', NULL, '2012-10-12 14:00:00', '2012-10-12 14:00:00', 0),
	(2027, 1, '2012-10-12 14:00:00', '0004929', '9900040', 107, NULL, NULL, 3, 3, 1, 1, NULL, '0000526C3B7A000104E0', NULL, '2012-10-12 14:00:00', '2012-10-12 14:00:00', 0),
	(2028, 1, '2012-10-12 14:00:00', '0004930', '9900054', 107, NULL, NULL, 3, 3, 1, 1, NULL, '0000A46E877A000104E0', NULL, '2012-10-12 14:00:00', '2012-10-12 14:00:00', 0),
	(2029, 1, '2012-10-12 14:00:00', '0004931', '9900051', 107, NULL, NULL, 3, 3, 1, 1, NULL, '00009B53877A000104E0', NULL, '2012-10-12 14:00:00', '2012-10-12 14:00:00', 0),
	(2030, 1, '2012-10-12 14:00:00', '0004932', '9900052', 107, NULL, NULL, 3, 3, 1, 1, NULL, '00007361877A000104E0', NULL, '2012-10-12 14:00:00', '2012-10-12 14:00:00', 0),
	(2031, 1, '2012-10-12 14:00:00', '0004933', '9900056', 107, NULL, NULL, 3, 3, 1, 1, NULL, '0000E662877A000104E0', NULL, '2012-10-12 14:00:00', '2012-10-12 14:00:00', 0),
	(2032, 1, '2012-10-12 14:00:00', '0004934', '9900059', 107, NULL, NULL, 3, 3, 1, 1, NULL, '0000816F877A000104E0', NULL, '2012-10-12 14:00:00', '2012-10-12 14:00:00', 0),
	(2033, 1, '2012-10-12 14:00:00', '0004935', '9900058', 107, NULL, NULL, 3, 3, 1, 1, NULL, '00006A60877A000104E0', NULL, '2012-10-12 14:00:00', '2012-10-12 14:00:00', 0),
	(2034, 1, '2012-10-12 14:00:00', '0004936', '9900057', 107, NULL, NULL, 3, 3, 1, 1, NULL, '0000C97B877A000104E0', NULL, '2012-10-12 14:00:00', '2012-10-12 14:00:00', 0),
	(2035, 1, '2012-10-12 14:00:00', '0004937', '9900053', 107, NULL, NULL, 3, 3, 1, 1, NULL, '0000CE63877A000104E0', NULL, '2012-10-12 14:00:00', '2012-10-12 14:00:00', 0),
	(2036, 1, '2012-10-12 14:00:00', '0004938', '9900064', 117, '2012-10-23 15:53:46', '2012-10-23 15:55:39', 3, 3, 1, 1, NULL, '00000C76877A000104E0', NULL, '2012-10-12 14:00:00', '2012-10-12 14:00:00', 0),
	(2037, 1, '2012-10-12 14:00:00', '0004939', '9900012', 109, '2012-10-15 13:29:30', '2012-10-15 14:09:26', 2, 1, 1, 1, 100567, '0000D1AC3B7A000104E0', NULL, '2012-10-12 14:00:00', '2012-10-12 14:00:00', 0),
	(2038, 1, '2012-10-12 14:00:00', '0004940', '9900248', 107, NULL, NULL, 3, 3, 1, 1, NULL, '00002C67877A000104E0', NULL, '2012-10-12 14:00:00', '2012-10-12 14:00:00', 0),
	(2039, 1, '2012-10-12 14:00:00', '0004941', '9900254', 107, NULL, NULL, 3, 3, 1, 1, NULL, '00005274877A000104E0', NULL, '2012-10-12 14:00:00', '2012-10-12 14:00:00', 0),
	(2040, 1, '2012-10-12 14:00:00', '0004942', '9900244', 107, NULL, NULL, 3, 3, 1, 1, NULL, '0000D883877A000104E0', NULL, '2012-10-12 14:00:00', '2012-10-12 14:00:00', 0),
	(2041, 1, '2012-10-12 14:00:00', '0004943', '9900243', 107, NULL, NULL, 3, 3, 1, 1, NULL, '00004B89877A000104E0', NULL, '2012-10-12 14:00:00', '2012-10-12 14:00:00', 0),
	(2042, 1, '2012-10-12 14:00:00', '0004944', '9900257', 107, NULL, NULL, 3, 3, 1, 1, NULL, '00000063877A000104E0', NULL, '2012-10-12 14:00:00', '2012-10-12 14:00:00', 0),
	(2043, 1, '2012-10-12 14:00:00', '0004945', '9900249', 107, NULL, NULL, 3, 3, 1, 1, NULL, '0000FD64877A000104E0', NULL, '2012-10-12 14:00:00', '2012-10-12 14:00:00', 0),
	(2044, 1, '2012-10-12 14:00:00', '0004946', '9900246', 107, NULL, NULL, 3, 3, 1, 1, NULL, '00007C4F877A000104E0', NULL, '2012-10-12 14:00:00', '2012-10-12 14:00:00', 0),
	(2045, 1, '2012-10-12 14:00:00', '0004947', '9900250', 107, NULL, NULL, 3, 3, 1, 1, NULL, '0000EA4C877A000104E0', NULL, '2012-10-12 14:00:00', '2012-10-12 14:00:00', 0),
	(2046, 1, '2012-10-12 14:00:00', '0004948', '9900245', 107, NULL, NULL, 3, 3, 1, 1, NULL, '00004D77877A000104E0', NULL, '2012-10-12 14:00:00', '2012-10-12 14:00:00', 0),
	(2047, 1, '2012-10-12 14:00:00', '0004949', '9900255', 107, NULL, NULL, 3, 3, 1, 1, NULL, '00004A6F877A000104E0', NULL, '2012-10-12 14:00:00', '2012-10-12 14:00:00', 0),
	(2048, 1, '2012-10-12 14:00:00', '0004950', '9900251', 107, NULL, NULL, 3, 3, 1, 1, NULL, '0000546C877A000104E0', NULL, '2012-10-12 14:00:00', '2012-10-12 14:00:00', 0),
	(2049, 1, '2012-10-12 14:00:00', '0004951', '9900258', 107, NULL, NULL, 3, 3, 1, 1, NULL, '0000F14F877A000104E0', NULL, '2012-10-12 14:00:00', '2012-10-12 14:00:00', 0),
	(2050, 1, '2012-10-12 14:00:00', '0004952', '9900256', 107, NULL, NULL, 3, 3, 1, 1, NULL, '00002977877A000104E0', NULL, '2012-10-12 14:00:00', '2012-10-12 14:00:00', 0),
	(2051, 1, '2012-10-12 14:00:00', '0004953', '9900247', 107, NULL, NULL, 3, 3, 1, 1, NULL, '00002A4D877A000104E0', NULL, '2012-10-12 14:00:00', '2012-10-12 14:00:00', 0),
	(2052, 1, '2012-10-12 14:00:00', '0004954', '9900252', 107, NULL, NULL, 3, 3, 1, 1, NULL, '0000C07D877A000104E0', NULL, '2012-10-12 14:00:00', '2012-10-12 14:00:00', 0),
	(2053, 1, '2012-10-12 14:00:00', '0004955', '9900253', 107, NULL, NULL, 3, 3, 1, 1, NULL, '00000A4C877A000104E0', NULL, '2012-10-12 14:00:00', '2012-10-12 14:00:00', 0),
	(2054, 1, '2012-10-12 14:00:00', '0004956', '9900269', 107, NULL, NULL, 3, 3, 1, 1, NULL, '00007D4A867A000104E0', NULL, '2012-10-12 14:00:00', '2012-10-12 14:00:00', 0),
	(2055, 1, '2012-10-12 14:00:00', '0004957', '9900270', 107, NULL, NULL, 3, 3, 1, 1, NULL, '0000C160877A000104E0', NULL, '2012-10-12 14:00:00', '2012-10-12 14:00:00', 0),
	(2056, 1, '2012-10-12 14:00:00', '0004958', '9900293', 107, NULL, NULL, 3, 3, 1, 1, NULL, '0000F283867A000104E0', NULL, '2012-10-12 14:00:00', '2012-10-12 14:00:00', 0),
	(2057, 1, '2012-10-12 14:00:00', '0004959', '9900301', 107, NULL, NULL, 3, 3, 1, 1, NULL, '00009352867A000104E0', NULL, '2012-10-12 14:00:00', '2012-10-12 14:00:00', 0),
	(2058, 1, '2012-10-12 14:00:00', '0004960', '9900313', 107, NULL, NULL, 3, 3, 1, 1, NULL, '00008C47877A000104E0', NULL, '2012-10-12 14:00:00', '2012-10-12 14:00:00', 0),
	(2059, 1, '2012-10-12 14:00:00', '0004961', '9900299', 107, NULL, NULL, 3, 3, 1, 1, NULL, '00004C44877A000104E0', NULL, '2012-10-12 14:00:00', '2012-10-12 14:00:00', 0),
	(2060, 1, '2012-10-12 14:00:00', '0004962', '9900274', 107, NULL, NULL, 3, 3, 1, 1, NULL, '00006772877A000104E0', NULL, '2012-10-12 14:00:00', '2012-10-12 14:00:00', 0),
	(2061, 1, '2012-10-12 14:00:00', '0004963', '9900295', 107, NULL, NULL, 3, 3, 1, 1, NULL, '00007F52867A000104E0', NULL, '2012-10-12 14:00:00', '2012-10-12 14:00:00', 0),
	(2062, 1, '2012-10-12 14:00:00', '0004964', '9900311', 107, NULL, NULL, 3, 3, 1, 1, NULL, '0000E249867A000104E0', NULL, '2012-10-12 14:00:00', '2012-10-12 14:00:00', 0),
	(2063, 1, '2012-10-12 14:00:00', '0004965', '9900290', 107, NULL, NULL, 3, 3, 1, 1, NULL, '0000B268867A000104E0', NULL, '2012-10-12 14:00:00', '2012-10-12 14:00:00', 0),
	(2064, 1, '2012-10-12 14:00:00', '0004966', '9900279', 107, NULL, NULL, 3, 3, 1, 1, NULL, '00008B52867A000104E0', NULL, '2012-10-12 14:00:00', '2012-10-12 14:00:00', 0),
	(2065, 1, '2012-10-12 14:00:00', '0004967', '9900305', 107, NULL, NULL, 3, 3, 1, 1, NULL, '00003B7E867A000104E0', NULL, '2012-10-12 14:00:00', '2012-10-12 14:00:00', 0),
	(2066, 1, '2012-10-12 14:00:00', '0004968', '9900283', 107, NULL, NULL, 3, 3, 1, 1, NULL, '00007186867A000104E0', NULL, '2012-10-12 14:00:00', '2012-10-12 14:00:00', 0),
	(2067, 1, '2012-10-12 14:00:00', '0004969', '9900282', 107, NULL, NULL, 3, 3, 1, 1, NULL, '0000A55E867A000104E0', NULL, '2012-10-12 14:00:00', '2012-10-12 14:00:00', 0),
	(2068, 1, '2012-10-12 14:00:00', '0004970', '9900275', 107, NULL, NULL, 3, 3, 1, 1, NULL, '00004E68867A000104E0', NULL, '2012-10-12 14:00:00', '2012-10-12 14:00:00', 0),
	(2069, 1, '2012-10-12 14:00:00', '0004971', '9900296', 107, NULL, NULL, 3, 3, 1, 1, NULL, '0000AA84867A000104E0', NULL, '2012-10-12 14:00:00', '2012-10-12 14:00:00', 0),
	(2070, 1, '2012-10-12 14:00:00', '0004972', '9900260', 107, NULL, NULL, 3, 3, 1, 1, NULL, '0000106B877A000104E0', NULL, '2012-10-12 14:00:00', '2012-10-12 14:00:00', 0),
	(2071, 1, '2012-10-12 14:00:00', '0004973', '9900324', 107, NULL, NULL, 3, 3, 1, 1, NULL, '00009044867A000104E0', NULL, '2012-10-12 14:00:00', '2012-10-12 14:00:00', 0),
	(2072, 1, '2012-10-12 14:00:00', '0004974', '9900331', 107, NULL, NULL, 3, 3, 1, 1, NULL, '00007247877A000104E0', NULL, '2012-10-12 14:00:00', '2012-10-12 14:00:00', 0),
	(2073, 1, '2012-10-12 14:00:00', '0004975', '9900323', 107, NULL, NULL, 3, 3, 1, 1, NULL, '0000613D877A000104E0', NULL, '2012-10-12 14:00:00', '2012-10-12 14:00:00', 0),
	(2074, 1, '2012-10-12 14:00:00', '0004976', '9900332', 107, NULL, NULL, 3, 3, 1, 1, NULL, '0000BB82867A000104E0', NULL, '2012-10-12 14:00:00', '2012-10-12 14:00:00', 0),
	(2075, 1, '2012-10-12 14:00:00', '0004977', '9900330', 107, NULL, NULL, 3, 3, 1, 1, NULL, '00006954867A000104E0', NULL, '2012-10-12 14:00:00', '2012-10-12 14:00:00', 0),
	(2076, 1, '2012-10-12 14:00:00', '0004978', '9900492', 107, NULL, NULL, 3, 3, 1, 1, NULL, '00001B8E867A000104E0', NULL, '2012-10-12 14:00:00', '2012-10-12 14:00:00', 0),
	(2077, 1, '2012-10-12 14:00:00', '0004979', '9900338', 107, NULL, NULL, 3, 3, 1, 1, NULL, '0000DE7D867A000104E0', NULL, '2012-10-12 14:00:00', '2012-10-12 14:00:00', 0),
	(2078, 1, '2012-10-12 14:00:00', '0004980', '9900396', 107, NULL, NULL, 3, 3, 1, 1, NULL, '00003E43877A000104E0', NULL, '2012-10-12 14:00:00', '2012-10-12 14:00:00', 0),
	(2079, 1, '2012-10-12 14:00:00', '0004981', '9900337', 107, NULL, NULL, 3, 3, 1, 1, NULL, '00007D76867A000104E0', NULL, '2012-10-12 14:00:00', '2012-10-12 14:00:00', 0),
	(2080, 1, '2012-10-12 14:00:00', '0004982', '9900336', 107, NULL, NULL, 3, 3, 1, 1, NULL, '0000CB5E867A000104E0', NULL, '2012-10-12 14:00:00', '2012-10-12 14:00:00', 0),
	(2081, 1, '2012-10-12 14:00:00', '0004983', '9900325', 107, NULL, NULL, 3, 3, 1, 1, NULL, '0000AB89877A000104E0', NULL, '2012-10-12 14:00:00', '2012-10-12 14:00:00', 0),
	(2082, 1, '2012-10-12 14:00:00', '0004984', '9900335', 107, NULL, NULL, 3, 3, 1, 1, NULL, '0000F685867A000104E0', NULL, '2012-10-12 14:00:00', '2012-10-12 14:00:00', 0),
	(2083, 1, '2012-10-12 14:00:00', '0004985', '9900272', 107, NULL, NULL, 3, 3, 1, 1, NULL, '0000404C867A000104E0', NULL, '2012-10-12 14:00:00', '2012-10-12 14:00:00', 0),
	(2084, 1, '2012-10-12 14:00:00', '0004986', '9900285', 107, NULL, NULL, 3, 3, 1, 1, NULL, '00002634877A000104E0', NULL, '2012-10-12 14:00:00', '2012-10-12 14:00:00', 0),
	(2085, 1, '2012-10-12 14:00:00', '0004987', '9900265', 107, NULL, NULL, 3, 3, 1, 1, NULL, '00001F6A867A000104E0', NULL, '2012-10-12 14:00:00', '2012-10-12 14:00:00', 0),
	(2086, 1, '2012-10-12 14:00:00', '0004988', '9900261', 107, NULL, NULL, 3, 3, 1, 1, NULL, '00005540877A000104E0', NULL, '2012-10-12 14:00:00', '2012-10-12 14:00:00', 0),
	(2087, 1, '2012-10-12 14:00:00', '0004989', '9900259', 107, NULL, NULL, 3, 3, 1, 1, NULL, '00000442877A000104E0', NULL, '2012-10-12 14:00:00', '2012-10-12 14:00:00', 0),
	(2088, 1, '2012-10-12 14:00:00', '0004990', '9900266', 107, NULL, NULL, 3, 3, 1, 1, NULL, '0000CB75867A000104E0', NULL, '2012-10-12 14:00:00', '2012-10-12 14:00:00', 0),
	(2089, 1, '2012-10-12 14:00:00', '0004991', '9900307', 107, NULL, NULL, 3, 3, 1, 1, NULL, '0000555F867A000104E0', NULL, '2012-10-12 14:00:00', '2012-10-12 14:00:00', 0),
	(2090, 1, '2012-10-12 14:00:00', '0004992', '9900263', 107, NULL, NULL, 3, 3, 1, 1, NULL, '00009581867A000104E0', NULL, '2012-10-12 14:00:00', '2012-10-12 14:00:00', 0),
	(2091, 1, '2012-10-12 14:00:00', '0004993', '9900264', 107, NULL, NULL, 3, 3, 1, 1, NULL, '00007543877A000104E0', NULL, '2012-10-12 14:00:00', '2012-10-12 14:00:00', 0),
	(2092, 1, '2012-10-12 14:00:00', '0004994', '9900310', 107, NULL, NULL, 3, 3, 1, 1, NULL, '00006555867A000104E0', NULL, '2012-10-12 14:00:00', '2012-10-12 14:00:00', 0),
	(2093, 1, '2012-10-12 14:00:00', '0004995', '9900277', 107, NULL, NULL, 3, 3, 1, 1, NULL, '00002B60867A000104E0', NULL, '2012-10-12 14:00:00', '2012-10-12 14:00:00', 0),
	(2094, 1, '2012-10-12 14:00:00', '0004996', '9900278', 107, NULL, NULL, 3, 3, 1, 1, NULL, '0000005F867A000104E0', NULL, '2012-10-12 14:00:00', '2012-10-12 14:00:00', 0),
	(2095, 1, '2012-10-12 14:00:00', '0004997', '9900289', 107, NULL, NULL, 3, 3, 1, 1, NULL, '00000A86867A000104E0', NULL, '2012-10-12 14:00:00', '2012-10-12 14:00:00', 0),
	(2096, 1, '2012-10-12 14:00:00', '0004998', '9900262', 107, NULL, NULL, 3, 3, 1, 1, NULL, '0000E469867A000104E0', NULL, '2012-10-12 14:00:00', '2012-10-12 14:00:00', 0),
	(2097, 1, '2012-10-12 14:00:00', '0004999', '9900347', 107, NULL, NULL, 3, 3, 1, 1, NULL, '00005F73867A000104E0', NULL, '2012-10-12 14:00:00', '2012-10-12 14:00:00', 0),
	(2098, 1, '2012-10-12 14:00:00', '0005000', '9900398', 107, NULL, NULL, 3, 3, 1, 1, NULL, '00001B76867A000104E0', NULL, '2012-10-12 14:00:00', '2012-10-12 14:00:00', 0),
	(2099, 1, '2012-10-12 14:00:00', '0005001', '9900430', 107, NULL, NULL, 3, 3, 1, 1, NULL, '00003B47877A000104E0', NULL, '2012-10-12 14:00:00', '2012-10-12 14:00:00', 0),
	(2100, 1, '2012-10-12 14:00:00', '0005002', '9900498', 126, '2012-10-25 15:14:15', NULL, 3, 3, 1, 1, NULL, '0000D385877A000104E0', NULL, '2012-10-12 14:00:00', '2012-10-12 14:00:00', 0),
	(2101, 1, '2012-10-12 14:00:00', '0005003', '9900309', 107, NULL, NULL, 3, 3, 1, 1, NULL, '00004548867A000104E0', NULL, '2012-10-12 14:00:00', '2012-10-12 14:00:00', 0),
	(2102, 1, '2012-10-12 14:00:00', '0005004', '9900318', 107, NULL, NULL, 3, 3, 1, 1, NULL, '00004E58867A000104E0', NULL, '2012-10-12 14:00:00', '2012-10-12 14:00:00', 0),
	(2103, 1, '2012-10-12 14:00:00', '0005005', '9900317', 107, NULL, NULL, 3, 3, 1, 1, NULL, '0000CA94867A000104E0', NULL, '2012-10-12 14:00:00', '2012-10-12 14:00:00', 0),
	(2104, 1, '2012-10-12 14:00:00', '0005006', '9900316', 107, NULL, NULL, 3, 3, 1, 1, NULL, '0000CD87867A000104E0', NULL, '2012-10-12 14:00:00', '2012-10-12 14:00:00', 0),
	(2105, 1, '2012-10-12 14:00:00', '0005007', '9900339', 107, NULL, NULL, 3, 3, 1, 1, NULL, '0000E166867A000104E0', NULL, '2012-10-12 14:00:00', '2012-10-12 14:00:00', 0),
	(2106, 1, '2012-10-12 14:00:00', '0005008', '9900340', 107, NULL, NULL, 3, 3, 1, 1, NULL, '00001D41877A000104E0', NULL, '2012-10-12 14:00:00', '2012-10-12 14:00:00', 0),
	(2107, 1, '2012-10-12 14:00:00', '0005009', '9900291', 107, NULL, NULL, 3, 3, 1, 1, NULL, '00009174867A000104E0', NULL, '2012-10-12 14:00:00', '2012-10-12 14:00:00', 0),
	(2108, 1, '2012-10-12 14:00:00', '0005010', '9900271', 107, NULL, NULL, 3, 3, 1, 1, NULL, '0000A952867A000104E0', NULL, '2012-10-12 14:00:00', '2012-10-12 14:00:00', 0),
	(2109, 1, '2012-10-12 14:00:00', '0005011', '9900039', 107, NULL, NULL, 3, 3, 1, 1, NULL, '00004D283B7A000104E0', NULL, '2012-10-12 14:00:00', '2012-10-12 14:00:00', 0),
	(2110, 1, '2012-10-12 14:00:00', '0005012', '9900491', 144, '2012-11-13 09:28:32', NULL, 2, 4, 1, 1, 100608, '0000484D867A000104E0', NULL, '2012-10-12 14:00:00', '2012-10-12 14:00:00', 0),
	(2111, 1, '2012-10-12 14:00:00', '0005013', '9900349', 107, NULL, NULL, 3, 3, 1, 1, NULL, '00000F6F867A000104E0', NULL, '2012-10-12 14:00:00', '2012-10-12 14:00:00', 0),
	(2112, 1, '2012-10-12 14:00:00', '0005014', '9900350', 107, NULL, NULL, 3, 3, 1, 1, NULL, '00001C54867A000104E0', NULL, '2012-10-12 14:00:00', '2012-10-12 14:00:00', 0),
	(2113, 1, '2012-10-12 14:00:00', '0005015', '9900304', 107, NULL, NULL, 3, 3, 1, 1, NULL, '00008F61877A000104E0', NULL, '2012-10-12 14:00:00', '2012-10-12 14:00:00', 0),
	(2114, 1, '2012-10-12 14:00:00', '0005016', '9900294', 107, NULL, NULL, 3, 3, 1, 1, NULL, '0000C275867A000104E0', NULL, '2012-10-12 14:00:00', '2012-10-12 14:00:00', 0),
	(2115, 1, '2012-10-12 14:00:00', '0005017', '9900284', 107, NULL, NULL, 3, 3, 1, 1, NULL, '0000C48C867A000104E0', NULL, '2012-10-12 14:00:00', '2012-10-12 14:00:00', 0),
	(2116, 1, '2012-10-12 14:00:00', '0005018', '9900268', 107, NULL, NULL, 3, 3, 1, 1, NULL, '00003E6E867A000104E0', NULL, '2012-10-12 14:00:00', '2012-10-12 14:00:00', 0),
	(2117, 1, '2012-10-12 14:00:00', '0005019', '9900370', 107, NULL, NULL, 3, 3, 1, 1, NULL, '0000F78C867A000104E0', NULL, '2012-10-12 14:00:00', '2012-10-12 14:00:00', 0),
	(2118, 1, '2012-10-12 14:00:00', '0005020', '9900375', 107, NULL, NULL, 3, 3, 1, 1, NULL, '00008878867A000104E0', NULL, '2012-10-12 14:00:00', '2012-10-12 14:00:00', 0),
	(2119, 1, '2012-10-12 14:00:00', '0005021', '9900378', 107, NULL, NULL, 3, 3, 1, 1, NULL, '0000755B867A000104E0', NULL, '2012-10-12 14:00:00', '2012-10-12 14:00:00', 0),
	(2120, 1, '2012-10-12 14:00:00', '0005022', '9900424', 107, NULL, NULL, 3, 3, 1, 1, NULL, '0000C97F867A000104E0', NULL, '2012-10-12 14:00:00', '2012-10-12 14:00:00', 0),
	(2121, 1, '2012-10-12 14:00:00', '0005023', '9900433', 107, NULL, NULL, 3, 3, 1, 1, NULL, '0000D4C53B7A000104E0', NULL, '2012-10-12 14:00:00', '2012-10-12 14:00:00', 0),
	(2122, 1, '2012-10-12 14:00:00', '0005024', '9900453', 107, NULL, NULL, 3, 3, 1, 1, NULL, '00002F88867A000104E0', NULL, '2012-10-12 14:00:00', '2012-10-12 14:00:00', 0),
	(2123, 1, '2012-10-12 14:00:00', '0005025', '9900457', 107, NULL, NULL, 3, 3, 1, 1, NULL, '0000894B867A000104E0', NULL, '2012-10-12 14:00:00', '2012-10-12 14:00:00', 0),
	(2124, 1, '2012-10-12 14:00:00', '0005026', '9900454', 107, NULL, NULL, 3, 3, 1, 1, NULL, '0000D24A867A000104E0', NULL, '2012-10-12 14:00:00', '2012-10-12 14:00:00', 0),
	(2125, 1, '2012-10-12 14:00:00', '0005027', '9900459', 107, NULL, NULL, 3, 3, 1, 1, NULL, '0000F645867A000104E0', NULL, '2012-10-12 14:00:00', '2012-10-12 14:00:00', 0),
	(2126, 1, '2012-10-12 14:00:00', '0005028', '9900451', 107, NULL, NULL, 3, 3, 1, 1, NULL, '00005876877A000104E0', NULL, '2012-10-12 14:00:00', '2012-10-12 14:00:00', 0),
	(2127, 1, '2012-10-12 14:00:00', '0005029', '9900435', 107, NULL, NULL, 3, 3, 1, 1, NULL, '0000EA4C867A000104E0', NULL, '2012-10-12 14:00:00', '2012-10-12 14:00:00', 0),
	(2128, 1, '2012-10-12 14:00:00', '0005030', '9900499', 123, '2012-10-25 17:45:39', '2012-11-08 10:45:41', 2, 1, 1, 1, 100606, '0000D67B877A000104E0', NULL, '2012-10-12 14:00:00', '2012-10-12 14:00:00', 0),
	(2129, 1, '2012-10-12 14:00:00', '0005031', '9900458', 107, NULL, NULL, 3, 3, 1, 1, NULL, '0000D574877A000104E0', NULL, '2012-10-12 14:00:00', '2012-10-12 14:00:00', 0),
	(2130, 1, '2012-10-12 14:00:00', '0005032', '9900427', 107, NULL, NULL, 3, 3, 1, 1, NULL, '0000B889867A000104E0', NULL, '2012-10-12 14:00:00', '2012-10-12 14:00:00', 0),
	(2131, 1, '2012-10-12 14:00:00', '0005033', '9900425', 107, NULL, NULL, 3, 3, 1, 1, NULL, '0000AC73867A000104E0', NULL, '2012-10-12 14:00:00', '2012-10-12 14:00:00', 0),
	(2132, 1, '2012-10-12 14:00:00', '0005034', '9900399', 107, NULL, NULL, 3, 3, 1, 1, NULL, '0000A148867A000104E0', NULL, '2012-10-12 14:00:00', '2012-10-12 14:00:00', 0),
	(2133, 1, '2012-10-12 14:00:00', '0005035', '9900405', 107, NULL, NULL, 3, 3, 1, 1, NULL, '00009B5D867A000104E0', NULL, '2012-10-12 14:00:00', '2012-10-12 14:00:00', 0),
	(2134, 1, '2012-10-12 14:00:00', '0005036', '9900411', 107, NULL, NULL, 3, 3, 1, 1, NULL, '00001546867A000104E0', NULL, '2012-10-12 14:00:00', '2012-10-12 14:00:00', 0),
	(2135, 1, '2012-10-12 14:00:00', '0005037', '9900419', 107, NULL, NULL, 3, 3, 1, 1, NULL, '0000C766867A000104E0', NULL, '2012-10-12 14:00:00', '2012-10-12 14:00:00', 0),
	(2136, 1, '2012-10-12 14:00:00', '0005038', '9900422', 107, NULL, NULL, 3, 3, 1, 1, NULL, '00002B56867A000104E0', NULL, '2012-10-12 14:00:00', '2012-10-12 14:00:00', 0),
	(2137, 1, '2012-10-12 14:00:00', '0005039', '9900343', 107, NULL, NULL, 3, 3, 1, 1, NULL, '00001BE33B7A000104E0', NULL, '2012-10-12 14:00:00', '2012-10-12 14:00:00', 0),
	(2138, 1, '2012-10-12 14:00:00', '0005040', '9900348', 107, NULL, NULL, 3, 3, 1, 1, NULL, '0000978A867A000104E0', NULL, '2012-10-12 14:00:00', '2012-10-12 14:00:00', 0),
	(2139, 1, '2012-10-12 14:00:00', '0005041', '9900308', 107, NULL, NULL, 3, 3, 1, 1, NULL, '0000A398867A000104E0', NULL, '2012-10-12 14:00:00', '2012-10-12 14:00:00', 0),
	(2140, 1, '2012-10-12 14:00:00', '0005042', '9900276', 107, NULL, NULL, 3, 3, 1, 1, NULL, '0000883D877A000104E0', NULL, '2012-10-12 14:00:00', '2012-10-12 14:00:00', 0),
	(2141, 1, '2012-10-12 14:00:00', '0005043', '9900306', 107, NULL, NULL, 3, 3, 1, 1, NULL, '0000AA8C867A000104E0', NULL, '2012-10-12 14:00:00', '2012-10-12 14:00:00', 0),
	(2142, 1, '2012-10-12 14:00:00', '0005044', '9900302', 107, NULL, NULL, 3, 3, 1, 1, NULL, '0000F08F867A000104E0', NULL, '2012-10-12 14:00:00', '2012-10-12 14:00:00', 0),
	(2143, 1, '2012-10-12 14:00:00', '0005045', '9900286', 107, NULL, NULL, 3, 3, 1, 1, NULL, '00004F6A867A000104E0', NULL, '2012-10-12 14:00:00', '2012-10-12 14:00:00', 0),
	(2144, 1, '2012-10-12 14:00:00', '0005046', '9900312', 107, NULL, NULL, 3, 3, 1, 1, NULL, '00001E7E3B7A000104E0', NULL, '2012-10-12 14:00:00', '2012-10-12 14:00:00', 0),
	(2145, 1, '2012-10-12 14:00:00', '0005047', '9900303', 107, NULL, NULL, 3, 3, 1, 1, NULL, '00001463867A000104E0', NULL, '2012-10-12 14:00:00', '2012-10-12 14:00:00', 0),
	(2146, 1, '2012-10-12 14:00:00', '0005048', '9900287', 107, NULL, NULL, 3, 3, 1, 1, NULL, '00009B34877A000104E0', NULL, '2012-10-12 14:00:00', '2012-10-12 14:00:00', 0),
	(2147, 1, '2012-10-12 14:00:00', '0005049', '9900281', 107, NULL, NULL, 3, 3, 1, 1, NULL, '00008F54867A000104E0', NULL, '2012-10-12 14:00:00', '2012-10-12 14:00:00', 0),
	(2148, 1, '2012-10-12 14:00:00', '0005050', '9900297', 107, NULL, NULL, 3, 3, 1, 1, NULL, '00006871877A000104E0', NULL, '2012-10-12 14:00:00', '2012-10-12 14:00:00', 0),
	(2149, 1, '2012-10-12 14:00:00', '0005051', '9900288', 107, NULL, NULL, 3, 3, 1, 1, NULL, '0000A866867A000104E0', NULL, '2012-10-12 14:00:00', '2012-10-12 14:00:00', 0),
	(2150, 1, '2012-10-12 14:00:00', '0005052', '9900298', 107, NULL, NULL, 3, 3, 1, 1, NULL, '00007B3E877A000104E0', NULL, '2012-10-12 14:00:00', '2012-10-12 14:00:00', 0),
	(2151, 1, '2012-10-12 14:00:00', '0005053', '9900314', 107, NULL, NULL, 3, 3, 1, 1, NULL, '00002D77867A000104E0', NULL, '2012-10-12 14:00:00', '2012-10-12 14:00:00', 0),
	(2152, 1, '2012-10-12 14:00:00', '0005054', '9900273', 107, NULL, NULL, 3, 3, 1, 1, NULL, '0000626E867A000104E0', NULL, '2012-10-12 14:00:00', '2012-10-12 14:00:00', 0),
	(2153, 1, '2012-10-12 14:00:00', '0005055', '9900280', 107, NULL, NULL, 3, 3, 1, 1, NULL, '00004678867A000104E0', NULL, '2012-10-12 14:00:00', '2012-10-12 14:00:00', 0),
	(2154, 1, '2012-10-12 14:00:00', '0005056', '9900292', 107, NULL, NULL, 3, 3, 1, 1, NULL, '0000DD6E867A000104E0', NULL, '2012-10-12 14:00:00', '2012-10-12 14:00:00', 0),
	(2155, 1, '2012-10-12 14:00:00', '0005057', '9900319', 107, NULL, NULL, 3, 3, 1, 1, NULL, '0000717D877A000104E0', NULL, '2012-10-12 14:00:00', '2012-10-12 14:00:00', 0),
	(2156, 1, '2012-10-12 14:00:00', '0005058', '9900320', 107, NULL, NULL, 3, 3, 1, 1, NULL, '00008668877A000104E0', NULL, '2012-10-12 14:00:00', '2012-10-12 14:00:00', 0),
	(2157, 1, '2012-10-12 14:00:00', '0005059', '9900456', 107, NULL, NULL, 3, 3, 1, 1, NULL, '0000BC53867A000104E0', NULL, '2012-10-12 14:00:00', '2012-10-12 14:00:00', 0),
	(2158, 1, '2012-10-12 14:00:00', '0005060', '9900497', 107, NULL, NULL, 3, 3, 1, 1, NULL, '00001856867A000104E0', NULL, '2012-10-12 14:00:00', '2012-10-12 14:00:00', 0),
	(2159, 1, '2012-10-12 14:00:00', '0005061', '9900493', 107, NULL, NULL, 3, 3, 1, 1, NULL, '00008348867A000104E0', NULL, '2012-10-12 14:00:00', '2012-10-12 14:00:00', 0),
	(2160, 1, '2012-10-12 14:00:00', '0005062', '9900480', 107, NULL, NULL, 3, 3, 1, 1, NULL, '0000B95A867A000104E0', NULL, '2012-10-12 14:00:00', '2012-10-12 14:00:00', 0),
	(2161, 1, '2012-10-12 14:00:00', '0005063', '9900494', 107, NULL, NULL, 3, 3, 1, 1, NULL, '0000545B867A000104E0', NULL, '2012-10-12 14:00:00', '2012-10-12 14:00:00', 0),
	(2162, 1, '2012-10-12 14:00:00', '0005064', '9900421', 107, NULL, NULL, 3, 3, 1, 1, NULL, '00008C6C867A000104E0', NULL, '2012-10-12 14:00:00', '2012-10-12 14:00:00', 0),
	(2163, 1, '2012-10-12 14:00:00', '0005065', '9900473', 107, NULL, NULL, 3, 3, 1, 1, NULL, '00004174877A000104E0', NULL, '2012-10-12 14:00:00', '2012-10-12 14:00:00', 0),
	(2164, 1, '2012-10-12 14:00:00', '0005066', '9900474', 107, NULL, NULL, 3, 3, 1, 1, NULL, '0000C880877A000104E0', NULL, '2012-10-12 14:00:00', '2012-10-12 14:00:00', 0),
	(2165, 1, '2012-10-12 14:00:00', '0005067', '9900481', 107, NULL, NULL, 3, 3, 1, 1, NULL, '0000C160867A000104E0', NULL, '2012-10-12 14:00:00', '2012-10-12 14:00:00', 0),
	(2166, 1, '2012-10-12 14:00:00', '0005068', '9900389', 107, NULL, NULL, 3, 3, 1, 1, NULL, '0000DC5A867A000104E0', NULL, '2012-10-12 14:00:00', '2012-10-12 14:00:00', 0),
	(2167, 1, '2012-10-12 14:00:00', '0005069', '9900417', 107, NULL, NULL, 3, 3, 1, 1, NULL, '0000C748867A000104E0', NULL, '2012-10-12 14:00:00', '2012-10-12 14:00:00', 0),
	(2168, 1, '2012-10-12 14:00:00', '0005070', '9900418', 145, '2012-11-13 09:20:34', NULL, 3, 3, 1, 1, NULL, '00008872867A000104E0', NULL, '2012-10-12 14:00:00', '2012-10-12 14:00:00', 0),
	(2169, 1, '2012-10-12 14:00:00', '0005071', '9900444', 107, NULL, NULL, 3, 3, 1, 1, NULL, '0000BB72877A000104E0', NULL, '2012-10-12 14:00:00', '2012-10-12 14:00:00', 0),
	(2170, 1, '2012-10-12 14:00:00', '0005072', '9900447', 107, NULL, NULL, 3, 3, 1, 1, NULL, '0000E36A877A000104E0', NULL, '2012-10-12 14:00:00', '2012-10-12 14:00:00', 0),
	(2171, 1, '2012-10-12 14:00:00', '0005073', '9900445', 107, NULL, NULL, 3, 3, 1, 1, NULL, '0000EFFB867A000104E0', NULL, '2012-10-12 14:00:00', '2012-10-12 14:00:00', 0),
	(2172, 1, '2012-10-12 14:00:00', '0005074', '9900388', 107, NULL, NULL, 3, 3, 1, 1, NULL, '00006858867A000104E0', NULL, '2012-10-12 14:00:00', '2012-10-12 14:00:00', 0),
	(2173, 1, '2012-10-12 14:00:00', '0005075', '9900387', 107, NULL, NULL, 3, 3, 1, 1, NULL, '00008D6B877A000104E0', NULL, '2012-10-12 14:00:00', '2012-10-12 14:00:00', 0),
	(2174, 1, '2012-10-12 14:00:00', '0005076', '9900381', 107, NULL, NULL, 3, 3, 1, 1, NULL, '0000BD56867A000104E0', NULL, '2012-10-12 14:00:00', '2012-10-12 14:00:00', 0),
	(2175, 1, '2012-10-12 14:00:00', '0005077', '9900390', 107, NULL, NULL, 3, 3, 1, 1, NULL, '0000BE5C867A000104E0', NULL, '2012-10-12 14:00:00', '2012-10-12 14:00:00', 0),
	(2176, 1, '2012-10-12 14:00:00', '0005078', '9900392', 107, NULL, NULL, 3, 3, 1, 1, NULL, '0000E44B867A000104E0', NULL, '2012-10-12 14:00:00', '2012-10-12 14:00:00', 0),
	(2177, 1, '2012-10-12 14:00:00', '0005079', '9900373', 107, NULL, NULL, 3, 3, 1, 1, NULL, '00006F61867A000104E0', NULL, '2012-10-12 14:00:00', '2012-10-12 14:00:00', 0),
	(2178, 1, '2012-10-12 14:00:00', '0005080', '9900377', 107, NULL, NULL, 3, 3, 1, 1, NULL, '00004D81867A000104E0', NULL, '2012-10-12 14:00:00', '2012-10-12 14:00:00', 0),
	(2179, 1, '2012-10-12 14:00:00', '0005081', '9900393', 107, NULL, NULL, 3, 3, 1, 1, NULL, '00005B51867A000104E0', NULL, '2012-10-12 14:00:00', '2012-10-12 14:00:00', 0),
	(2180, 1, '2012-10-12 14:00:00', '0005082', '9900403', 107, NULL, NULL, 3, 3, 1, 1, NULL, '00004275867A000104E0', NULL, '2012-10-12 14:00:00', '2012-10-12 14:00:00', 0),
	(2181, 1, '2012-10-12 14:00:00', '0005083', '9900431', 107, NULL, NULL, 3, 3, 1, 1, NULL, '00005F50867A000104E0', NULL, '2012-10-12 14:00:00', '2012-10-12 14:00:00', 0),
	(2182, 1, '2012-10-12 14:00:00', '0005084', '9900482', 107, NULL, NULL, 3, 3, 1, 1, NULL, '0000CC6D877A000104E0', NULL, '2012-10-12 14:00:00', '2012-10-12 14:00:00', 0),
	(2183, 1, '2012-10-12 14:00:00', '0005085', '9900490', 107, NULL, NULL, 3, 3, 1, 1, NULL, '00001F48877A000104E0', NULL, '2012-10-12 14:00:00', '2012-10-12 14:00:00', 0),
	(2184, 1, '2012-10-12 14:00:00', '0005086', '9900484', 107, NULL, NULL, 3, 3, 1, 1, NULL, '00002979867A000104E0', NULL, '2012-10-12 14:00:00', '2012-10-12 14:00:00', 0),
	(2185, 1, '2012-10-12 14:00:00', '0005087', '9900483', 107, NULL, NULL, 3, 3, 1, 1, NULL, '0000B170867A000104E0', NULL, '2012-10-12 14:00:00', '2012-10-12 14:00:00', 0),
	(2186, 1, '2012-10-12 14:00:00', '0005088', '9900479', 107, NULL, NULL, 3, 3, 1, 1, NULL, '0000BF59867A000104E0', NULL, '2012-10-12 14:00:00', '2012-10-12 14:00:00', 0),
	(2187, 1, '2012-10-12 14:00:00', '0005089', '9900355', 107, NULL, NULL, 3, 3, 1, 1, NULL, '00009B7A867A000104E0', NULL, '2012-10-12 14:00:00', '2012-10-12 14:00:00', 0),
	(2188, 1, '2012-10-12 14:00:00', '0005090', '9900379', 107, NULL, NULL, 3, 3, 1, 1, NULL, '0000516D867A000104E0', NULL, '2012-10-12 14:00:00', '2012-10-12 14:00:00', 0),
	(2189, 1, '2012-10-12 14:00:00', '0005091', '9900380', 107, NULL, NULL, 3, 3, 1, 1, NULL, '00004296867A000104E0', NULL, '2012-10-12 14:00:00', '2012-10-12 14:00:00', 0),
	(2190, 1, '2012-10-12 14:00:00', '0005092', '9900371', 107, NULL, NULL, 3, 3, 1, 1, NULL, '00000941877A000104E0', NULL, '2012-10-12 14:00:00', '2012-10-12 14:00:00', 0),
	(2191, 1, '2012-10-12 14:00:00', '0005093', '9900372', 107, NULL, NULL, 3, 3, 1, 1, NULL, '00009166867A000104E0', NULL, '2012-10-12 14:00:00', '2012-10-12 14:00:00', 0),
	(2192, 1, '2012-10-12 14:00:00', '0005094', '9900420', 107, NULL, NULL, 3, 3, 1, 1, NULL, '00000B54867A000104E0', NULL, '2012-10-12 14:00:00', '2012-10-12 14:00:00', 0),
	(2193, 1, '2012-10-12 14:00:00', '0005095', '9900436', 107, NULL, NULL, 3, 3, 1, 1, NULL, '00005644867A000104E0', NULL, '2012-10-12 14:00:00', '2012-10-12 14:00:00', 0),
	(2194, 1, '2012-10-12 14:00:00', '0005096', '9900437', 107, NULL, NULL, 3, 3, 1, 1, NULL, '0000E13E877A000104E0', NULL, '2012-10-12 14:00:00', '2012-10-12 14:00:00', 0),
	(2195, 1, '2012-10-12 14:00:00', '0005097', '9900440', 107, NULL, NULL, 3, 3, 1, 1, NULL, '00002D6E867A000104E0', NULL, '2012-10-12 14:00:00', '2012-10-12 14:00:00', 0),
	(2196, 1, '2012-10-12 14:00:00', '0005098', '9900438', 107, NULL, NULL, 3, 3, 1, 1, NULL, '0000D855867A000104E0', NULL, '2012-10-12 14:00:00', '2012-10-12 14:00:00', 0),
	(2197, 1, '2012-10-12 14:00:00', '0005099', '9900329', 107, NULL, NULL, 3, 3, 1, 1, NULL, '0000B669867A000104E0', NULL, '2012-10-12 14:00:00', '2012-10-12 14:00:00', 0),
	(2198, 1, '2012-10-12 14:00:00', '0005100', '9900328', 107, NULL, NULL, 3, 3, 1, 1, NULL, '00004D60867A000104E0', NULL, '2012-10-12 14:00:00', '2012-10-12 14:00:00', 0),
	(2199, 1, '2012-10-12 14:00:00', '0005101', '9900327', 107, NULL, NULL, 3, 3, 1, 1, NULL, '00002C99867A000104E0', NULL, '2012-10-12 14:00:00', '2012-10-12 14:00:00', 0),
	(2200, 1, '2012-10-12 14:00:00', '0005102', '9900326', 107, NULL, NULL, 3, 3, 1, 1, NULL, '0000DA63867A000104E0', NULL, '2012-10-12 14:00:00', '2012-10-12 14:00:00', 0),
	(2201, 1, '2012-10-12 14:00:00', '0005103', '9900391', 107, NULL, NULL, 3, 3, 1, 1, NULL, '0000967E877A000104E0', NULL, '2012-10-12 14:00:00', '2012-10-12 14:00:00', 0),
	(2202, 1, '2012-10-12 14:00:00', '0005104', '9900394', 107, NULL, NULL, 3, 3, 1, 1, NULL, '0000084E877A000104E0', NULL, '2012-10-12 14:00:00', '2012-10-12 14:00:00', 0),
	(2203, 1, '2012-10-12 14:00:00', '0005105', '9900395', 107, NULL, NULL, 3, 3, 1, 1, NULL, '00005E3D877A000104E0', NULL, '2012-10-12 14:00:00', '2012-10-12 14:00:00', 0),
	(2204, 1, '2012-10-12 14:00:00', '0005106', '9900423', 107, NULL, NULL, 3, 3, 1, 1, NULL, '00009E53867A000104E0', NULL, '2012-10-12 14:00:00', '2012-10-12 14:00:00', 0),
	(2205, 1, '2012-10-12 14:00:00', '0005107', '9900413', 107, NULL, NULL, 3, 3, 1, 1, NULL, '0000B684867A000104E0', NULL, '2012-10-12 14:00:00', '2012-10-12 14:00:00', 0),
	(2206, 1, '2012-10-12 14:00:00', '0005108', '9900496', 107, NULL, NULL, 3, 3, 1, 1, NULL, '0000B85D867A000104E0', NULL, '2012-10-12 14:00:00', '2012-10-12 14:00:00', 0),
	(2207, 1, '2012-10-12 14:00:00', '0005109', '9900351', 107, NULL, NULL, 3, 3, 1, 1, NULL, '00009460867A000104E0', NULL, '2012-10-12 14:00:00', '2012-10-12 14:00:00', 0),
	(2208, 1, '2012-10-12 14:00:00', '0005110', '9900352', 107, NULL, NULL, 3, 3, 1, 1, NULL, '0000BB72867A000104E0', NULL, '2012-10-12 14:00:00', '2012-10-12 14:00:00', 0),
	(2209, 1, '2012-10-12 14:00:00', '0005111', '9900353', 107, NULL, NULL, 3, 3, 1, 1, NULL, '00008947877A000104E0', NULL, '2012-10-12 14:00:00', '2012-10-12 14:00:00', 0),
	(2210, 1, '2012-10-12 14:00:00', '0005112', '9900401', 107, NULL, NULL, 3, 3, 1, 1, NULL, '0000086C867A000104E0', NULL, '2012-10-12 14:00:00', '2012-10-12 14:00:00', 0),
	(2211, 1, '2012-10-12 14:00:00', '0005113', '9900404', 107, NULL, NULL, 3, 3, 1, 1, NULL, '0000913F3B7A000104E0', NULL, '2012-10-12 14:00:00', '2012-10-12 14:00:00', 0),
	(2212, 1, '2012-10-12 14:00:00', '0005114', '9900397', 107, NULL, NULL, 3, 3, 1, 1, NULL, '00006D75877A000104E0', NULL, '2012-10-12 14:00:00', '2012-10-12 14:00:00', 0),
	(2213, 1, '2012-10-12 14:00:00', '0005115', '9900402', 107, NULL, NULL, 3, 3, 1, 1, NULL, '0000134C867A000104E0', NULL, '2012-10-12 14:00:00', '2012-10-12 14:00:00', 0),
	(2214, 1, '2012-10-12 14:00:00', '0005116', '9900428', 107, NULL, NULL, 3, 3, 1, 1, NULL, '0000158B867A000104E0', NULL, '2012-10-12 14:00:00', '2012-10-12 14:00:00', 0),
	(2215, 1, '2012-10-12 14:00:00', '0005117', '9900426', 107, NULL, NULL, 3, 3, 1, 1, NULL, '0000527D867A000104E0', NULL, '2012-10-12 14:00:00', '2012-10-12 14:00:00', 0),
	(2216, 1, '2012-10-12 14:00:00', '0005118', '9900500', 123, '2012-10-25 17:42:49', NULL, 3, 3, 1, 1, NULL, '00002545867A000104E0', NULL, '2012-10-12 14:00:00', '2012-10-12 14:00:00', 0),
	(2217, 1, '2012-10-12 14:00:00', '0005119', '9900315', 107, NULL, NULL, 3, 3, 1, 1, NULL, '0000DA8E867A000104E0', NULL, '2012-10-12 14:00:00', '2012-10-12 14:00:00', 0),
	(2218, 1, '2012-10-12 14:00:00', '0005120', '9900267', 107, NULL, NULL, 3, 3, 1, 1, NULL, '00005890867A000104E0', NULL, '2012-10-12 14:00:00', '2012-10-12 14:00:00', 0),
	(2219, 1, '2012-10-12 14:00:00', '0005121', '9900300', 107, NULL, NULL, 3, 3, 1, 1, NULL, '00003C52867A000104E0', NULL, '2012-10-12 14:00:00', '2012-10-12 14:00:00', 0),
	(2220, 1, '2012-10-12 14:00:00', '0005122', '9900360', 107, NULL, NULL, 3, 3, 1, 1, NULL, '00006E81867A000104E0', NULL, '2012-10-12 14:00:00', '2012-10-12 14:00:00', 0),
	(2221, 1, '2012-10-12 14:00:00', '0005123', '9900333', 107, NULL, NULL, 3, 3, 1, 1, NULL, '0000517B867A000104E0', NULL, '2012-10-12 14:00:00', '2012-10-12 14:00:00', 0),
	(2222, 1, '2012-10-12 14:00:00', '0005124', '9900321', 107, NULL, NULL, 3, 3, 1, 1, NULL, '00006576867A000104E0', NULL, '2012-10-12 14:00:00', '2012-10-12 14:00:00', 0),
	(2223, 1, '2012-10-12 14:00:00', '0005125', '9900322', 107, NULL, NULL, 3, 3, 1, 1, NULL, '0000A96C867A000104E0', NULL, '2012-10-12 14:00:00', '2012-10-12 14:00:00', 0),
	(2224, 1, '2012-10-12 14:00:00', '0005126', '9900334', 107, NULL, NULL, 3, 3, 1, 1, NULL, '00006268867A000104E0', NULL, '2012-10-12 14:00:00', '2012-10-12 14:00:00', 0),
	(2225, 1, '2012-10-12 14:00:00', '0005127', '9900354', 107, NULL, NULL, 3, 3, 1, 1, NULL, '0000AA87867A000104E0', NULL, '2012-10-12 14:00:00', '2012-10-12 14:00:00', 0),
	(2226, 1, '2012-10-12 14:00:00', '0005128', '9900359', 107, NULL, NULL, 3, 3, 1, 1, NULL, '0000685E867A000104E0', NULL, '2012-10-12 14:00:00', '2012-10-12 14:00:00', 0),
	(2227, 1, '2012-10-12 14:00:00', '0005129', '9900345', 107, NULL, NULL, 3, 3, 1, 1, NULL, '00001C69867A000104E0', NULL, '2012-10-12 14:00:00', '2012-10-12 14:00:00', 0),
	(2228, 1, '2012-10-12 14:00:00', '0005130', '9900342', 107, NULL, NULL, 3, 3, 1, 1, NULL, '0000C775867A000104E0', NULL, '2012-10-12 14:00:00', '2012-10-12 14:00:00', 0),
	(2229, 1, '2012-10-12 14:00:00', '0005131', '9900344', 107, NULL, NULL, 3, 3, 1, 1, NULL, '0000CD86867A000104E0', NULL, '2012-10-12 14:00:00', '2012-10-12 14:00:00', 0),
	(2230, 1, '2012-10-12 14:00:00', '0005132', '9900341', 107, NULL, NULL, 3, 3, 1, 1, NULL, '0000CE5B867A000104E0', NULL, '2012-10-12 14:00:00', '2012-10-12 14:00:00', 0),
	(2231, 1, '2012-10-12 14:00:00', '0005133', '9900346', 107, NULL, NULL, 3, 3, 1, 1, NULL, '0000FD4B867A000104E0', NULL, '2012-10-12 14:00:00', '2012-10-12 14:00:00', 0),
	(2232, 1, '2012-10-12 14:00:00', '0005134', '9900361', 107, NULL, NULL, 3, 3, 1, 1, NULL, '00007287867A000104E0', NULL, '2012-10-12 14:00:00', '2012-10-12 14:00:00', 0),
	(2233, 1, '2012-10-12 14:00:00', '0005135', '9900362', 107, NULL, NULL, 3, 3, 1, 1, NULL, '00000877867A000104E0', NULL, '2012-10-12 14:00:00', '2012-10-12 14:00:00', 0),
	(2234, 1, '2012-10-12 14:00:00', '0005136', '9900368', 107, NULL, NULL, 3, 3, 1, 1, NULL, '0000067C867A000104E0', NULL, '2012-10-12 14:00:00', '2012-10-12 14:00:00', 0),
	(2235, 1, '2012-10-12 14:00:00', '0005137', '9900367', 107, NULL, NULL, 3, 3, 1, 1, NULL, '0000FA55867A000104E0', NULL, '2012-10-12 14:00:00', '2012-10-12 14:00:00', 0),
	(2236, 1, '2012-10-12 14:00:00', '0005138', '9900369', 107, NULL, NULL, 3, 3, 1, 1, NULL, '00008B86867A000104E0', NULL, '2012-10-12 14:00:00', '2012-10-12 14:00:00', 0),
	(2237, 1, '2012-10-12 14:00:00', '0005139', '9900356', 107, NULL, NULL, 3, 3, 1, 1, NULL, '00007F8C867A000104E0', NULL, '2012-10-12 14:00:00', '2012-10-12 14:00:00', 0),
	(2238, 1, '2012-10-12 14:00:00', '0005140', '9900357', 107, NULL, NULL, 3, 3, 1, 1, NULL, '0000F48E867A000104E0', NULL, '2012-10-12 14:00:00', '2012-10-12 14:00:00', 0),
	(2239, 1, '2012-10-12 14:00:00', '0005141', '9900358', 107, NULL, NULL, 3, 3, 1, 1, NULL, '000070FB867A000104E0', NULL, '2012-10-12 14:00:00', '2012-10-12 14:00:00', 0),
	(2240, 1, '2012-10-12 14:00:00', '0005142', '9900374', 107, NULL, NULL, 3, 3, 1, 1, NULL, '0000F459867A000104E0', NULL, '2012-10-12 14:00:00', '2012-10-12 14:00:00', 0),
	(2241, 1, '2012-10-12 14:00:00', '0005143', '9900376', 107, NULL, NULL, 3, 3, 1, 1, NULL, '0000ED8D867A000104E0', NULL, '2012-10-12 14:00:00', '2012-10-12 14:00:00', 0),
	(2242, 1, '2012-10-12 14:00:00', '0005144', '9900461', 107, NULL, NULL, 3, 3, 1, 1, NULL, '0000A85E877A000104E0', NULL, '2012-10-12 14:00:00', '2012-10-12 14:00:00', 0),
	(2243, 1, '2012-10-12 14:00:00', '0005145', '9900462', 107, NULL, NULL, 3, 3, 1, 1, NULL, '0000EC86877A000104E0', NULL, '2012-10-12 14:00:00', '2012-10-12 14:00:00', 0),
	(2244, 1, '2012-10-12 14:00:00', '0005146', '9900463', 107, NULL, NULL, 3, 3, 1, 1, NULL, '0000A560877A000104E0', NULL, '2012-10-12 14:00:00', '2012-10-12 14:00:00', 0),
	(2245, 1, '2012-10-12 14:00:00', '0005147', '9900464', 107, NULL, NULL, 3, 3, 1, 1, NULL, '0000DF78877A000104E0', NULL, '2012-10-12 14:00:00', '2012-10-12 14:00:00', 0),
	(2246, 1, '2012-10-12 14:00:00', '0005148', '9900467', 107, NULL, NULL, 3, 3, 1, 1, NULL, '0000B188877A000104E0', NULL, '2012-10-12 14:00:00', '2012-10-12 14:00:00', 0),
	(2247, 1, '2012-10-12 14:00:00', '0005149', '9900429', 107, NULL, NULL, 3, 3, 1, 1, NULL, '0000B195867A000104E0', NULL, '2012-10-12 14:00:00', '2012-10-12 14:00:00', 0),
	(2248, 1, '2012-10-12 14:00:00', '0005150', '9900432', 107, NULL, NULL, 3, 3, 1, 1, NULL, '0000D893867A000104E0', NULL, '2012-10-12 14:00:00', '2012-10-12 14:00:00', 0),
	(2249, 1, '2012-10-12 14:00:00', '0005151', '9900442', 107, NULL, NULL, 3, 3, 1, 1, NULL, '0000426E877A000104E0', NULL, '2012-10-12 14:00:00', '2012-10-12 14:00:00', 0),
	(2250, 1, '2012-10-12 14:00:00', '0005152', '9900443', 107, NULL, NULL, 3, 3, 1, 1, NULL, '0000FA7E877A000104E0', NULL, '2012-10-12 14:00:00', '2012-10-12 14:00:00', 0),
	(2251, 1, '2012-10-12 14:00:00', '0005153', '9900441', 107, NULL, NULL, 3, 3, 1, 1, NULL, '0000A94C877A000104E0', NULL, '2012-10-12 14:00:00', '2012-10-12 14:00:00', 0),
	(2252, 1, '2012-10-12 14:00:00', '0005154', '9900469', 107, NULL, NULL, 3, 3, 1, 1, NULL, '0000F669877A000104E0', NULL, '2012-10-12 14:00:00', '2012-10-12 14:00:00', 0),
	(2253, 1, '2012-10-12 14:00:00', '0005155', '9900470', 107, NULL, NULL, 3, 3, 1, 1, NULL, '0000FA64877A000104E0', NULL, '2012-10-12 14:00:00', '2012-10-12 14:00:00', 0),
	(2254, 1, '2012-10-12 14:00:00', '0005156', '9900471', 107, NULL, NULL, 3, 3, 1, 1, NULL, '00003571877A000104E0', NULL, '2012-10-12 14:00:00', '2012-10-12 14:00:00', 0),
	(2255, 1, '2012-10-12 14:00:00', '0005157', '9900472', 107, NULL, NULL, 3, 3, 1, 1, NULL, '0000C177877A000104E0', NULL, '2012-10-12 14:00:00', '2012-10-12 14:00:00', 0),
	(2256, 1, '2012-10-12 14:00:00', '0005158', '9900478', 107, NULL, NULL, 3, 3, 1, 1, NULL, '00003976877A000104E0', NULL, '2012-10-12 14:00:00', '2012-10-12 14:00:00', 0),
	(2257, 1, '2012-10-12 14:00:00', '0005159', '9900452', 107, NULL, NULL, 3, 3, 1, 1, NULL, '0000BF4A867A000104E0', NULL, '2012-10-12 14:00:00', '2012-10-12 14:00:00', 0),
	(2258, 1, '2012-10-12 14:00:00', '0005160', '9900412', 107, NULL, NULL, 3, 3, 1, 1, NULL, '00007352867A000104E0', NULL, '2012-10-12 14:00:00', '2012-10-12 14:00:00', 0),
	(2259, 1, '2012-10-12 14:00:00', '0005161', '9900416', 107, NULL, NULL, 3, 3, 1, 1, NULL, '00009161867A000104E0', NULL, '2012-10-12 14:00:00', '2012-10-12 14:00:00', 0),
	(2260, 1, '2012-10-12 14:00:00', '0005162', '9900415', 107, NULL, NULL, 3, 3, 1, 1, NULL, '00000B87867A000104E0', NULL, '2012-10-12 14:00:00', '2012-10-12 14:00:00', 0),
	(2261, 1, '2012-10-12 14:00:00', '0005163', '9900434', 107, NULL, NULL, 3, 3, 1, 1, NULL, '0000F672867A000104E0', NULL, '2012-10-12 14:00:00', '2012-10-12 14:00:00', 0),
	(2262, 1, '2012-10-12 14:00:00', '0005164', '9900486', 107, NULL, NULL, 3, 3, 1, 1, NULL, '0000AB76867A000104E0', NULL, '2012-10-12 14:00:00', '2012-10-12 14:00:00', 0),
	(2263, 1, '2012-10-12 14:00:00', '0005165', '9900485', 107, NULL, NULL, 3, 3, 1, 1, NULL, '00000954867A000104E0', NULL, '2012-10-12 14:00:00', '2012-10-12 14:00:00', 0),
	(2264, 1, '2012-10-12 14:00:00', '0005166', '9900487', 107, NULL, NULL, 3, 3, 1, 1, NULL, '0000256F867A000104E0', NULL, '2012-10-12 14:00:00', '2012-10-12 14:00:00', 0),
	(2265, 1, '2012-10-12 14:00:00', '0005167', '9900488', 107, NULL, NULL, 3, 3, 1, 1, NULL, '0000A68E867A000104E0', NULL, '2012-10-12 14:00:00', '2012-10-12 14:00:00', 0),
	(2266, 1, '2012-10-12 14:00:00', '0005168', '9900489', 128, '2012-10-29 14:33:04', '2012-10-29 14:33:04', 3, 3, 1, 1, NULL, '0000C660867A000104E0', NULL, '2012-10-12 14:00:00', '2012-10-12 14:00:00', 0),
	(2267, 1, '2012-10-12 14:00:00', '0005169', '9900363', 107, NULL, NULL, 3, 3, 1, 1, NULL, '00007683877A000104E0', NULL, '2012-10-12 14:00:00', '2012-10-12 14:00:00', 0),
	(2268, 1, '2012-10-12 14:00:00', '0005170', '9900382', 107, NULL, NULL, 3, 3, 1, 1, NULL, '00003843877A000104E0', NULL, '2012-10-12 14:00:00', '2012-10-12 14:00:00', 0),
	(2269, 1, '2012-10-12 14:00:00', '0005171', '9900386', 107, NULL, NULL, 3, 3, 1, 1, NULL, '00003D45877A000104E0', NULL, '2012-10-12 14:00:00', '2012-10-12 14:00:00', 0),
	(2270, 1, '2012-10-12 14:00:00', '0005172', '9900383', 107, NULL, NULL, 3, 3, 1, 1, NULL, '0000DB83877A000104E0', NULL, '2012-10-12 14:00:00', '2012-10-12 14:00:00', 0),
	(2271, 1, '2012-10-12 14:00:00', '0005173', '9900414', 107, NULL, NULL, 3, 3, 1, 1, NULL, '00001360867A000104E0', NULL, '2012-10-12 14:00:00', '2012-10-12 14:00:00', 0),
	(2272, 1, '2012-10-12 14:00:00', '0005174', '9900407', 107, NULL, NULL, 3, 3, 1, 1, NULL, '0000FA79877A000104E0', NULL, '2012-10-12 14:00:00', '2012-10-12 14:00:00', 0),
	(2273, 1, '2012-10-12 14:00:00', '0005175', '9900406', 107, NULL, NULL, 3, 3, 1, 1, NULL, '0000426F867A000104E0', NULL, '2012-10-12 14:00:00', '2012-10-12 14:00:00', 0),
	(2274, 1, '2012-10-12 14:00:00', '0005176', '9900409', 107, NULL, NULL, 3, 3, 1, 1, NULL, '0000A86F867A000104E0', NULL, '2012-10-12 14:00:00', '2012-10-12 14:00:00', 0),
	(2275, 1, '2012-10-12 14:00:00', '0005177', '9900410', 107, NULL, NULL, 3, 3, 1, 1, NULL, '0000885A867A000104E0', NULL, '2012-10-12 14:00:00', '2012-10-12 14:00:00', 0),
	(2276, 1, '2012-10-12 14:00:00', '0005178', '9900439', 107, NULL, NULL, 3, 3, 1, 1, NULL, '00006D74867A000104E0', NULL, '2012-10-12 14:00:00', '2012-10-12 14:00:00', 0),
	(2277, 1, '2012-10-12 14:00:00', '0005179', '9900364', 107, NULL, NULL, 3, 3, 1, 1, NULL, '0000ED67867A000104E0', NULL, '2012-10-12 14:00:00', '2012-10-12 14:00:00', 0),
	(2278, 1, '2012-10-12 14:00:00', '0005180', '9900365', 107, NULL, NULL, 3, 3, 1, 1, NULL, '0000E73E877A000104E0', NULL, '2012-10-12 14:00:00', '2012-10-12 14:00:00', 0),
	(2279, 1, '2012-10-12 14:00:00', '0005181', '9900366', 107, NULL, NULL, 3, 3, 1, 1, NULL, '00002B63867A000104E0', NULL, '2012-10-12 14:00:00', '2012-10-12 14:00:00', 0),
	(2280, 1, '2012-10-12 14:00:00', '0005182', '9900384', 107, NULL, NULL, 3, 3, 1, 1, NULL, '00005945877A000104E0', NULL, '2012-10-12 14:00:00', '2012-10-12 14:00:00', 0),
	(2281, 1, '2012-10-12 14:00:00', '0005183', '9900400', 107, NULL, NULL, 3, 3, 1, 1, NULL, '00006D73867A000104E0', NULL, '2012-10-12 14:00:00', '2012-10-12 14:00:00', 0),
	(2282, 1, '2012-10-12 14:00:00', '0005184', '9900446', 107, NULL, NULL, 3, 3, 1, 1, NULL, '0000C884877A000104E0', NULL, '2012-10-12 14:00:00', '2012-10-12 14:00:00', 0),
	(2283, 1, '2012-10-12 14:00:00', '0005185', '9900448', 107, NULL, NULL, 3, 3, 1, 1, NULL, '00005A6A877A000104E0', NULL, '2012-10-12 14:00:00', '2012-10-12 14:00:00', 0),
	(2284, 1, '2012-10-12 14:00:00', '0005186', '9900449', 107, NULL, NULL, 3, 3, 1, 1, NULL, '0000566A877A000104E0', NULL, '2012-10-12 14:00:00', '2012-10-12 14:00:00', 0),
	(2285, 1, '2012-10-12 14:00:00', '0005187', '9900450', 107, NULL, NULL, 3, 3, 1, 1, NULL, '0000F36F877A000104E0', NULL, '2012-10-12 14:00:00', '2012-10-12 14:00:00', 0),
	(2286, 1, '2012-10-12 14:00:00', '0005188', '9900408', 107, NULL, NULL, 3, 3, 1, 1, NULL, '0000456E877A000104E0', NULL, '2012-10-12 14:00:00', '2012-10-12 14:00:00', 0),
	(2287, 1, '2012-10-12 14:00:00', '0005189', '9900475', 107, NULL, NULL, 3, 3, 1, 1, NULL, '00009061877A000104E0', NULL, '2012-10-12 14:00:00', '2012-10-12 14:00:00', 0),
	(2288, 1, '2012-10-12 14:00:00', '0005190', '9900476', 107, NULL, NULL, 3, 3, 1, 1, NULL, '00004250867A000104E0', NULL, '2012-10-12 14:00:00', '2012-10-12 14:00:00', 0),
	(2289, 1, '2012-10-12 14:00:00', '0005191', '9900477', 107, NULL, NULL, 3, 3, 1, 1, NULL, '0000DD5E867A000104E0', NULL, '2012-10-12 14:00:00', '2012-10-12 14:00:00', 0),
	(2290, 1, '2012-10-12 14:00:00', '0005192', '9900495', 107, NULL, NULL, 3, 3, 1, 1, NULL, '0000267A867A000104E0', NULL, '2012-10-12 14:00:00', '2012-10-12 14:00:00', 0),
	(2291, 1, '2012-10-12 14:00:00', '0005193', '9900460', 107, NULL, NULL, 3, 3, 1, 1, NULL, '0000EC4C867A000104E0', NULL, '2012-10-12 14:00:00', '2012-10-12 14:00:00', 0),
	(2292, 1, '2012-10-12 14:00:00', '0005194', '9900455', 107, NULL, NULL, 3, 3, 1, 1, NULL, '00007979867A000104E0', NULL, '2012-10-12 14:00:00', '2012-10-12 14:00:00', 0),
	(2293, 1, '2012-10-12 14:00:00', '0005195', '9900465', 107, NULL, NULL, 3, 3, 1, 1, NULL, '00002D83877A000104E0', NULL, '2012-10-12 14:00:00', '2012-10-12 14:00:00', 1),
	(2294, 1, '2012-10-12 14:00:00', '0005196', '9900466', 148, '2012-12-05 13:36:14', '2012-12-05 15:34:19', 3, 3, 1, 1, NULL, '00000678877A000104E0', NULL, '2012-10-12 14:00:00', '2012-10-12 14:00:00', 0),
	(2295, 1, '2012-10-12 14:00:00', '0005197', '9900468', 141, '2012-11-06 13:26:42', NULL, 3, 3, 1, 1, NULL, '0000DE87877A000104E0', NULL, '2012-10-12 14:00:00', '2012-10-12 14:00:00', 0),
	(2296, 1, '2012-10-12 14:00:00', '0005198', '9900385', 122, '2012-10-24 19:10:28', '2012-10-24 19:10:45', 2, 1, 1, 1, 100604, '00005945877A000104E0', NULL, '2012-10-12 14:00:00', '2012-10-12 14:00:00', 0),
	(2297, 1, '2012-10-12 14:00:00', '0005199', '9900234', 107, NULL, NULL, 3, 3, 1, 1, NULL, '00003BB33B7A000104E0', NULL, '2012-10-12 14:00:00', '2012-10-12 14:00:00', 1),
	(2298, NULL, '2012-10-12 23:19:57', '0004680', '0000069', 103, '2012-10-12 23:20:27', '2012-10-12 23:20:40', 2, 1, 1, 1, 100554, '0000AB5FD478000104E0', NULL, '2012-10-12 23:19:57', '2012-10-12 23:19:57', 0),
	(2299, NULL, '2012-10-16 09:06:25', '0004691', '3200389', 107, '2012-10-16 09:29:08', '2012-10-24 11:33:29', 2, 1, 1, 1, 100538, '00004EF83B7A000104E0', NULL, '2012-10-16 09:06:25', '2012-10-16 09:06:25', 0),
	(2300, NULL, '2012-10-16 09:07:06', '0004692', '3200286', 146, '2012-11-28 14:34:30', '2012-11-28 14:37:08', 3, 3, 1, 1, NULL, '0000F29F3B7A000104E0', NULL, '2012-10-16 09:07:06', '2012-10-16 09:07:06', 0),
	(2301, NULL, '2012-10-16 09:07:53', '0004693', '3200405', 115, '2012-10-16 09:27:15', '2012-10-16 09:27:22', 3, 3, 1, 1, NULL, '000036283B7A000104E0', NULL, '2012-10-16 09:07:53', '2012-10-16 09:07:53', 0),
	(2302, NULL, '2012-10-16 09:08:42', '0004694', '3200287', 113, '2012-10-16 09:21:08', '2012-10-16 09:21:17', 3, 3, 1, 1, NULL, '0000918E3B7A000104E0', NULL, '2012-10-16 09:08:42', '2012-10-16 09:08:42', 0),
	(2303, NULL, '2012-10-16 09:09:31', '0004695', '3200415', 112, '2012-10-16 09:16:19', '2012-10-16 09:16:34', 3, 3, 1, 1, NULL, '0000E7B23B7A000104E0', NULL, '2012-10-16 09:09:31', '2012-10-16 09:09:31', 0),
	(2304, NULL, '2012-10-16 09:10:15', '0004696', '3200419', 107, '2012-10-16 09:29:44', '2012-10-16 09:32:02', 2, 1, 1, 1, 100552, '0000030B3C7A000104E0', NULL, '2012-10-16 09:10:15', '2012-10-16 09:10:15', 0),
	(2305, NULL, '2012-10-16 09:10:54', '0004697', '3200388', 114, '2012-10-16 09:24:17', '2012-10-16 09:24:24', 3, 3, 1, 1, NULL, '000089423B7A000104E0', NULL, '2012-10-16 09:10:54', '2012-10-16 09:10:54', 0),
	(2306, NULL, '2012-10-16 09:11:46', '0004698', '3200384', 107, '2012-10-16 09:28:35', '2012-10-16 09:32:17', 2, 1, 1, 1, 100537, '0000E3033C7A000104E0', NULL, '2012-10-16 09:11:46', '2012-10-16 09:11:46', 0),
	(2307, NULL, '2012-10-16 09:30:55', '0004699', '3200417', 107, '2012-10-16 09:31:17', '2012-10-16 09:32:22', 2, 1, 1, 1, 100533, '0000766E867A000104E0', NULL, '2012-10-16 09:30:55', '2012-10-16 09:30:55', 0),
	(2308, 1, '2012-10-25 12:00:00', '0005200', '0000052', 123, '2012-10-25 14:48:38', '2012-10-25 14:48:49', 2, 1, 1, 1, 100607, '0000BAFC3B7A000104E0', NULL, '2012-10-25 12:00:00', '2012-10-25 12:00:00', 0),
	(2309, 1, '2012-10-30 00:00:00', '0005201', '3200398', 132, '2012-11-05 12:22:45', '2012-11-05 12:37:27', 3, 3, 1, 1, NULL, '00004BC83B7A000104E0', NULL, '2012-10-30 00:00:00', '2012-10-30 00:00:00', 0),
	(2310, 1, '2012-10-30 00:00:00', '0005202', '3200418', 133, '2012-11-06 09:02:14', '2012-11-06 09:02:21', 3, 3, 1, 1, NULL, '0000B86B867A000104E0', NULL, '2012-10-30 00:00:00', '2012-10-30 00:00:00', 0),
	(2311, 1, '2012-10-31 00:00:00', '0005203', '3200386', 143, '2012-11-08 16:01:30', NULL, 2, 3, 1, 1, 2, '0000F29F3B7A000104E0', NULL, NULL, '2012-10-31 00:00:00', 0),
	(2312, 1, '2012-10-31 00:00:00', '0005204', '3200412', 142, '2012-11-08 15:24:42', '2012-11-08 15:26:52', 2, 1, 1, 1, 2, '000094E73B7A000104E0', NULL, NULL, '2012-10-31 00:00:00', 0),
	(2313, 1, '2012-10-31 00:00:00', '0005205', '3200397', 136, '2012-11-06 12:44:13', '2012-11-06 12:44:54', 2, 1, 1, 1, 2, '000093B43B7A000104E0', NULL, NULL, '2012-10-31 00:00:00', 0),
	(2314, 1, '2012-10-31 00:00:00', '0005206', '3200408', 131, '2012-11-04 20:43:35', '2012-11-04 20:43:48', 3, 3, 1, 1, NULL, '000027C43B7A000104E0', NULL, '2012-10-30 00:00:00', '2012-10-31 00:00:00', 0),
	(2315, 1, '2012-11-06 00:00:00', '0005207', '3200392', 134, '2012-11-06 11:38:22', '2012-12-11 15:04:52', 3, 3, 1, 1, NULL, '0000FF373B7A000104E0', NULL, '2012-11-06 00:00:00', '2012-11-06 00:00:00', 0),
	(2316, 1, '2012-11-06 00:00:00', '0005208', '3200416', 137, '2012-11-06 12:55:32', '2012-12-11 15:04:13', 3, 3, 1, 1, NULL, '000036883B7A000104E0', NULL, '2012-11-06 00:00:00', '2012-11-06 00:00:00', 0),
	(2317, 1, '2012-11-06 00:00:00', '0005209', '3200396', 138, '2012-11-06 12:56:12', '2012-11-06 12:56:16', 3, 3, 1, 1, NULL, '00009BE63B7A000104E0', NULL, '2012-11-06 00:00:00', '2012-11-06 00:00:00', 0),
	(2318, 1, '2012-11-06 00:00:00', '0005210', '3200402', 140, '2012-11-06 13:23:37', '2012-11-28 11:24:16', 3, 3, 1, 1, NULL, '000004353B7A000104E0', NULL, '2012-11-06 00:00:00', '2012-11-06 00:00:00', 0),
	(2319, 1, '2012-11-06 00:00:00', '0005211', '3200382', 139, '2012-11-06 12:59:42', '2012-11-06 12:59:51', 3, 3, 1, 1, NULL, '0000E1073C7A000104E0', NULL, '2012-11-06 00:00:00', '2012-11-06 00:00:00', 0),
	(2321, 1, '2012-12-06 10:00:00', '0005212', '9999030', 149, '2012-12-06 14:20:42', '2012-12-11 14:13:21', 3, 3, 1, 1, NULL, '0000DD7BD478000104E0', NULL, '2012-12-06 10:00:00', '2012-12-06 10:00:00', 0),
	(2322, 1, '2012-12-06 10:00:00', '0005213', '9999031', 148, NULL, NULL, 3, 3, 1, 1, NULL, '0000F1973B7A000104E0', NULL, '2012-12-06 10:00:00', '2012-12-06 10:00:00', 0),
	(2323, 1, '2012-12-06 10:00:00', '0005214', '9999032', 162, '2013-02-01 10:36:35', '2013-02-01 10:40:08', 2, 1, 1, 1, NULL, '000060653B7A000104E0', 164, '2012-12-06 10:00:00', '2012-12-06 10:00:00', 0),
	(2324, 1, '2012-12-06 10:00:00', '0005215', '9999033', 148, NULL, NULL, 3, 3, 1, 1, NULL, '0000D268D478000104E0', NULL, '2012-12-06 10:00:00', '2012-12-06 10:00:00', 1),
	(2325, 1, '2012-12-06 10:00:00', '0005216', '9999034', 155, '2012-12-11 10:12:24', '2012-12-11 10:12:47', 3, 3, 1, 1, NULL, '0000BDAF3B7A000104E0', NULL, '2012-12-06 10:00:00', '2012-12-06 10:00:00', 0),
	(2326, 1, '2012-12-06 10:00:00', '0005217', '9999035', 148, NULL, NULL, 3, 3, 1, 1, NULL, '00001EBA3B7A000104E0', NULL, '2012-12-06 10:00:00', '2012-12-06 10:00:00', 0),
	(2327, 1, '2012-12-06 10:00:00', '0005218', '9999036', 148, NULL, NULL, 3, 3, 1, 1, NULL, '000062873B7A000104E0', NULL, '2012-12-06 10:00:00', '2012-12-06 10:00:00', 0),
	(2328, 1, '2012-12-06 10:00:00', '0005219', '9999037', 154, '2012-12-11 09:47:35', NULL, 3, 3, 1, 1, NULL, '000050BA3B7A000104E0', NULL, '2012-12-06 10:00:00', '2012-12-06 10:00:00', 0),
	(2329, 1, '2012-12-06 10:00:00', '0005220', '9999038', 152, '2012-12-06 16:44:49', NULL, 3, 3, 1, 1, NULL, '0000C38DD478000104E0', NULL, '2012-12-06 10:00:00', '2012-12-06 10:00:00', 0),
	(2330, 1, '2012-12-06 10:00:00', '0005221', '9999039', 151, '2012-12-06 15:49:59', '2012-12-06 15:51:45', 3, 3, 1, 1, NULL, '0000C38DD478000104E0', NULL, '2012-12-06 10:00:00', '2012-12-06 10:00:00', 0),
	(2331, 1, '2012-12-06 10:00:00', '0005222', '3200406', 150, '2012-12-06 14:36:47', '2012-12-06 14:39:04', 2, 1, 1, 1, 100615, '000077F53B7A000104E0', NULL, '2012-12-06 10:00:00', '2012-12-06 10:00:00', 0),
	(2332, 1, '2012-12-06 10:00:00', '0005223', '3200409', 150, '2012-12-06 14:35:46', '2012-12-11 14:05:06', 2, 1, 1, 1, 100614, '0000D4423B7A000104E0', NULL, '2012-12-06 10:00:00', '2012-12-06 10:00:00', 0),
	(2333, 1, '2012-12-06 10:00:00', '0005224', '3200241', 153, '2012-12-11 09:00:00', '2012-12-11 09:00:22', 2, 1, 1, 1, 100618, '000007E03B7A000104E0', NULL, '2012-12-06 10:00:00', '2012-12-06 10:00:00', 0),
	(2334, 1, '2012-12-06 10:00:00', '0005225', '3200401', 150, '2012-12-06 14:38:03', '2012-12-06 14:39:12', 2, 1, 1, 1, 100616, '0000DFF73B7A000104E0', NULL, '2012-12-06 10:00:00', '2012-12-06 10:00:00', 0),
	(2335, 1, '2012-12-06 10:00:00', '0005226', '3200381', 148, NULL, NULL, 3, 3, 1, 1, NULL, '000050203B7A000104E0', NULL, '2012-12-06 10:00:00', '2012-12-06 10:00:00', 0),
	(2336, NULL, '2012-12-10 14:32:43', '0006024', '9999028', NULL, NULL, NULL, 3, 3, 1, 1, NULL, '00004B81D478000104E0', NULL, '2012-12-10 14:32:43', '2012-12-10 14:32:43', 1),
	(2337, 1, '2013-03-12 00:00:00', '0006023', '9999045', 148, '2013-03-12 00:00:00', NULL, 2, 1, 1, 1, 1, '0000EB353B7A000104E0', NULL, '2013-03-12 00:00:00', '2013-03-12 00:00:00', 0),
	(2338, 1, '2013-03-12 00:00:00', '0006022', '9999002', 148, '2013-03-12 00:00:00', NULL, 2, 1, 1, 1, NULL, '0000EBD13B7A000104E0', 164, '2013-03-12 00:00:00', '2013-03-12 00:00:00', 0);
/*!40000 ALTER TABLE `keyinventory` ENABLE KEYS */;


-- Dumping structure for table naesta_cleanup.key_replacement_history
DROP TABLE IF EXISTS `key_replacement_history`;
CREATE TABLE IF NOT EXISTS `key_replacement_history` (
  `id` int(10) NOT NULL AUTO_INCREMENT,
  `Msn_bc` varchar(100) NOT NULL,
  `customer_id` int(10) NOT NULL,
  `request_time` timestamp NOT NULL DEFAULT CURRENT_TIMESTAMP ON UPDATE CURRENT_TIMESTAMP,
  `is_replaced` tinyint(1) DEFAULT '0',
  `request_reason` varchar(100) NOT NULL,
  `request_description` varchar(255) DEFAULT NULL,
  `modified_on` timestamp NULL DEFAULT NULL,
  `modified_by` varchar(100) DEFAULT NULL,
  PRIMARY KEY (`id`),
  KEY `customer_id` (`customer_id`),
  CONSTRAINT `key_replacement_history_ibfk_1` FOREIGN KEY (`customer_id`) REFERENCES `customer` (`id`)
) ENGINE=InnoDB AUTO_INCREMENT=8 DEFAULT CHARSET=latin1 ROW_FORMAT=COMPACT;

-- Dumping data for table naesta_cleanup.key_replacement_history: ~7 rows (approximately)
DELETE FROM `key_replacement_history`;
/*!40000 ALTER TABLE `key_replacement_history` DISABLE KEYS */;
INSERT INTO `key_replacement_history` (`id`, `Msn_bc`, `customer_id`, `request_time`, `is_replaced`, `request_reason`, `request_description`, `modified_on`, `modified_by`) VALUES
	(1, '9900092', 5, '2012-12-05 14:01:07', 0, 'testing', 'blah blah', NULL, NULL),
	(2, '9900466', 71, '2012-12-05 19:47:52', 0, 'Malfunction', 'Bike key is malfunctioning due to some reason', NULL, NULL),
	(3, '9900466', 71, '2012-12-05 19:48:00', 0, 'Malfunction', 'Bike key is malfunctioning due to some reason', NULL, NULL),
	(4, '9900466', 71, '2012-12-05 19:53:59', 0, 'Malfunction', 'Bike key is malfunctioning due to some reason', NULL, NULL),
	(5, '9900179', 186, '2013-02-21 10:58:05', 0, 'testing', 'blah blah', NULL, NULL),
	(6, '9900179', 186, '2013-03-12 14:54:44', 0, 'testing', 'blah blah', NULL, NULL),
	(7, '9900179', 186, '2013-03-13 09:47:42', 0, 'testing', 'blah blah', NULL, NULL);
/*!40000 ALTER TABLE `key_replacement_history` ENABLE KEYS */;


-- Dumping structure for table naesta_cleanup.key_shipment_batch
DROP TABLE IF EXISTS `key_shipment_batch`;
CREATE TABLE IF NOT EXISTS `key_shipment_batch` (
  `Id` int(10) NOT NULL AUTO_INCREMENT,
  `Batch` int(10) NOT NULL,
  `CreatedBy` int(10) DEFAULT NULL,
  `NoOfKeys` int(5) DEFAULT NULL,
  `DateCreatedOn` datetime DEFAULT NULL,
  `Status` int(1) DEFAULT NULL,
  PRIMARY KEY (`Id`),
  KEY `FK_key_shipment_batch` (`CreatedBy`),
  CONSTRAINT `key_shipment_batch_ibfk_1` FOREIGN KEY (`CreatedBy`) REFERENCES `user` (`id`)
) ENGINE=InnoDB AUTO_INCREMENT=168 DEFAULT CHARSET=latin1;

-- Dumping data for table naesta_cleanup.key_shipment_batch: ~65 rows (approximately)
DELETE FROM `key_shipment_batch`;
/*!40000 ALTER TABLE `key_shipment_batch` DISABLE KEYS */;
INSERT INTO `key_shipment_batch` (`Id`, `Batch`, `CreatedBy`, `NoOfKeys`, `DateCreatedOn`, `Status`) VALUES
	(96, 21048, 1, 10, '2012-09-19 17:47:33', 1),
	(103, 27858, 1, 100, '2012-09-24 19:03:14', 2),
	(104, 72501, 100536, 1, '2012-10-10 14:55:15', 1),
	(105, 92469, 100536, 1, '2012-10-10 16:07:22', 1),
	(106, 3798, 100536, 1, '2012-10-11 11:11:44', 1),
	(107, 56053, 1, 500, '2012-10-12 13:19:50', 2),
	(108, 58782, 100531, 15, '2012-10-15 11:40:12', 2),
	(109, 36681, 100560, 45, '2012-10-15 12:39:04', 2),
	(110, 24336, 100536, 1, '2012-10-15 13:53:36', 1),
	(111, 65501, 100536, 1, '2012-10-15 13:54:27', 1),
	(112, 40956, 100536, 1, '2012-10-16 09:16:19', 1),
	(113, 51732, 100536, 1, '2012-10-16 09:21:08', 1),
	(114, 93875, 100536, 1, '2012-10-16 09:24:17', 1),
	(115, 1148, 100536, 1, '2012-10-16 09:27:15', 1),
	(116, 90435, 100531, 1, '2012-10-16 16:47:28', 1),
	(117, 52770, 100560, 50, '2012-10-23 09:59:17', 2),
	(118, 23914, 100533, 1, '2012-10-23 13:00:53', 1),
	(119, 48070, 100560, 1, '2012-10-24 11:02:58', 1),
	(120, 87736, 100533, 1, '2012-10-24 13:59:30', 2),
	(121, 66934, 100533, 1, '2012-10-24 13:59:33', 1),
	(122, 48121, 100531, 1, '2012-10-24 19:09:04', 1),
	(123, 64625, 100533, 7, '2012-10-25 09:49:22', 2),
	(124, 36849, 100533, 1, '2012-10-25 10:00:30', 1),
	(125, 36192, 100536, 1, '2012-10-25 15:03:45', 1),
	(126, 80553, 100536, 1, '2012-10-25 15:14:15', 1),
	(127, 95035, 100536, 1, '2012-10-25 17:35:56', 2),
	(128, 77004, 100533, 1, '2012-10-29 14:33:04', 1),
	(129, 96730, 100604, 1, '2012-11-01 17:01:05', 2),
	(130, 8657, 100604, 1, '2012-11-01 17:02:15', 2),
	(131, 50786, 100531, 1, '2012-11-04 20:43:35', 1),
	(132, 96991, 100533, 1, '2012-11-05 12:22:45', 1),
	(133, 41069, 100533, 1, '2012-11-06 09:02:14', 1),
	(134, 91161, 100533, 1, '2012-11-06 11:38:22', 1),
	(136, 65351, 100531, 1, '2012-11-06 12:44:13', 1),
	(137, 11723, 100533, 1, '2012-11-06 12:55:32', 1),
	(138, 31421, 100533, 1, '2012-11-06 12:56:12', 1),
	(139, 19697, 100531, 1, '2012-11-06 12:59:42', 1),
	(140, 25116, 100531, 1, '2012-11-06 13:23:37', 1),
	(141, 43643, 100531, 1, '2012-11-06 13:26:42', 1),
	(142, 61192, 100531, 1, '2012-11-08 15:24:42', 1),
	(143, 64529, 100531, 1, '2012-11-08 16:01:30', 1),
	(144, 11863, 100534, 1, '2012-11-13 08:59:42', 1),
	(145, 27656, 100534, 1, '2012-11-13 09:20:34', 1),
	(146, 21428, 1, 1, '2012-11-28 14:34:30', 1),
	(147, 49186, 1, 1, '2012-11-29 11:28:47', 1),
	(148, 57507, 100531, 1, '2012-12-05 13:36:14', 1),
	(149, 62026, 1, 1, '2012-12-06 14:20:42', 1),
	(150, 31844, 1, 3, '2012-12-06 14:34:30', 1),
	(151, 82722, 100531, 1, '2012-12-06 15:49:59', 1),
	(152, 77555, 100531, 1, '2012-12-06 16:44:49', 1),
	(153, 24161, 1, 1, '2012-12-11 08:59:26', 1),
	(154, 80857, 1, 1, '2012-12-11 09:47:35', 1),
	(155, 95527, 1, 1, '2012-12-11 10:12:24', 1),
	(156, 55475, 1, 1, '2012-12-11 10:23:39', 1),
	(157, 23804, 1, 1, '2012-12-11 11:48:31', 1),
	(158, 18469, 1, 1, '2012-12-11 15:05:56', 1),
	(159, 77052, 1, 1, '2012-12-12 10:48:32', 1),
	(160, 24282, 100560, 20, '2012-12-14 15:55:03', 1),
	(161, 72565, 1, 1, '2013-02-01 10:27:53', 1),
	(162, 929, 1, 1, '2013-02-01 10:36:35', 1),
	(163, 25543, 1, 1, '2013-02-01 10:48:31', 1),
	(164, 79461, 1, 1, '2013-02-01 11:00:36', 1),
	(165, 82266, 1, 1, '2013-02-01 14:49:32', 2),
	(166, 36534, 1, 1, '2013-02-02 12:24:46', 1),
	(167, 14610, 1, 1, '2013-03-13 09:47:08', 2);
/*!40000 ALTER TABLE `key_shipment_batch` ENABLE KEYS */;


-- Dumping structure for table naesta_cleanup.key_status_change_history
DROP TABLE IF EXISTS `key_status_change_history`;
CREATE TABLE IF NOT EXISTS `key_status_change_history` (
  `id` int(10) NOT NULL AUTO_INCREMENT,
  `Key_id` int(10) NOT NULL,
  `changed_key_status` varchar(1) DEFAULT NULL,
  `reason_id` varchar(10) DEFAULT NULL,
  `reason_details` varchar(256) DEFAULT NULL,
  `modified_on` timestamp NULL DEFAULT NULL,
  `modified_by` int(10) DEFAULT NULL,
  PRIMARY KEY (`id`),
  KEY `Key_id` (`Key_id`),
  KEY `modified_by` (`modified_by`),
  CONSTRAINT `key_status_change_history_ibfk_1` FOREIGN KEY (`modified_by`) REFERENCES `user` (`id`),
  CONSTRAINT `key_status_change_history_ibfk_2` FOREIGN KEY (`Key_id`) REFERENCES `keyinventory` (`id`)
) ENGINE=InnoDB AUTO_INCREMENT=5 DEFAULT CHARSET=latin1 ROW_FORMAT=COMPACT;

-- Dumping data for table naesta_cleanup.key_status_change_history: ~4 rows (approximately)
DELETE FROM `key_status_change_history`;
/*!40000 ALTER TABLE `key_status_change_history` DISABLE KEYS */;
INSERT INTO `key_status_change_history` (`id`, `Key_id`, `changed_key_status`, `reason_id`, `reason_details`, `modified_on`, `modified_by`) VALUES
	(1, 2300, '4', '2', 'yep', '2012-11-28 14:36:47', 1),
	(2, 2300, '1', '1', 'yep', '2012-11-28 14:37:08', 1),
	(3, 2328, '4', '3', 'status change', '2012-12-11 11:05:14', 1),
	(4, 1791, '2', '1', 'TC092', '2013-02-01 10:24:11', 1);
/*!40000 ALTER TABLE `key_status_change_history` ENABLE KEYS */;


-- Dumping structure for table naesta_cleanup.kiosk
DROP TABLE IF EXISTS `kiosk`;
CREATE TABLE IF NOT EXISTS `kiosk` (
  `id` int(10) NOT NULL AUTO_INCREMENT,
  `stationid` int(10) DEFAULT NULL,
  `msnbc` varchar(100) DEFAULT NULL,
  `msnemb` varchar(100) DEFAULT NULL,
  `obcn` varchar(100) DEFAULT NULL,
  `registeredon` timestamp NULL DEFAULT NULL,
  `uaid` varchar(15) DEFAULT NULL,
  `status_enabled` int(3) NOT NULL,
  `isDeleted` int(1) DEFAULT '0',
  `isReboot` int(1) DEFAULT '0',
  `kioskRemoteAccess` int(1) DEFAULT '0',
  PRIMARY KEY (`id`),
  UNIQUE KEY `msnbc` (`msnbc`),
  UNIQUE KEY `msnemb` (`msnemb`),
  UNIQUE KEY `obcn` (`obcn`),
  KEY `kioskstationid` (`stationid`),
  KEY `FK6153CE9764F2CDD` (`id`)
) ENGINE=InnoDB AUTO_INCREMENT=341 DEFAULT CHARSET=latin1;

-- Dumping data for table naesta_cleanup.kiosk: ~24 rows (approximately)
DELETE FROM `kiosk`;
/*!40000 ALTER TABLE `kiosk` DISABLE KEYS */;
INSERT INTO `kiosk` (`id`, `stationid`, `msnbc`, `msnemb`, `obcn`, `registeredon`, `uaid`, `status_enabled`, `isDeleted`, `isReboot`, `kioskRemoteAccess`) VALUES
	(313, 1395, '0167', '00:d0:69:45:a5:7a', NULL, '2012-09-24 17:18:36', '0004473', 1, 0, 0, 0),
	(315, 1375, '0168', '00:d0:69:45:a5:2a', NULL, '2012-10-10 10:53:12', '0004563', 1, 0, 0, 0),
	(316, 1379, '0074', '00:d0:69:45:c5:36', NULL, '2012-10-12 11:37:55', '0004678', 1, 0, 0, 0),
	(317, 1383, '0006', '00:d0:69:45:a5:e8', '012', '2012-10-17 12:13:10', '0004700', 1, 0, 0, 0),
	(318, 1389, '0189', '00:d0:69:45:c4:ae', '019', '2012-10-17 13:32:40', '0004714', 1, 0, 0, 0),
	(319, 1386, '0198', '00:d0:69:45:c2:8b', '015', '2012-10-17 14:20:06', '0004733', 1, 0, 0, 0),
	(320, 1396, '0199', '00:d0:69:45:d9:08', NULL, '2012-10-17 00:00:00', '0004734', 1, 0, 0, 0),
	(322, 1387, '0075', '00:d0:69:45:c5:2b', NULL, '2012-10-17 15:21:41', '0004735', 1, 0, 0, 0),
	(323, 1397, '9999', '00:d0:69:45:66:a9', NULL, '2012-10-17 15:41:15', '0004736', 1, 0, 0, 0),
	(324, 1384, '0179', '00:d0:69:45:a4:fb', NULL, '2012-10-17 16:17:38', '0004755', 1, 0, 0, 0),
	(325, 1382, '0180', '00:d0:69:45:a5:a0', NULL, '2012-10-17 16:48:53', '0004762', 1, 0, 0, 0),
	(326, 1385, '005', '00:d0:69:45:a5:8c', NULL, '2012-10-17 17:18:50', '0004763', 1, 0, 0, 0),
	(327, 1390, '0197', '00:d0:69:45:c4:a8', NULL, '2012-10-18 09:35:35', '0004764', 1, 0, 0, 0),
	(328, 1378, '0190', '00:d0:69:45:c5:59', '0040', '2012-10-18 11:53:30', '0004765', 1, 0, 0, 0),
	(329, 1381, '0162', '00:d0:69:45:a4:7c', '008', '2012-10-18 15:59:41', '0004847', 1, 0, 0, 0),
	(330, 1402, '0102', '00:d0:69:45:9a:8e', NULL, '2012-11-28 14:59:50', '0006004', 1, 0, 0, 0),
	(331, 1403, '0283', '00:d0:69:45:c5:d0', '00:d0:69:45:c5:d0', '2012-12-06 10:53:25', '0006006', 1, 0, 0, 0),
	(332, 1404, '0282', '00:d0:69:45:c5:c4', '00:d0:69:45:c5:c4', '2012-12-06 10:58:27', '0006008', 1, 0, 0, 0),
	(333, 1405, '0277', '00:d0:69:45:d8:80', '00:d0:69:45:d8:80', '2012-12-06 15:16:51', '0006010', 1, 0, 0, 0),
	(334, 1406, '0273', '00:d0:69:45:c5:dc', '00:d0:69:45:c5:dc', '2012-12-06 15:31:38', '0006013', 1, 0, 0, 0),
	(335, 1407, '0272', '00:d0:69:45:c5:bb', '00:d0:69:45:c5:bb', '2012-12-06 15:32:31', '0006015', 1, 0, 0, 0),
	(336, 1408, '0276', '00:d0:69:45:c6:09', '00:d0:69:45:c6:09', '2012-12-06 16:38:35', '0006017', 1, 0, 0, 0),
	(338, 1411, '0267', '00:d0:69:45:c5:d4', '00:d0:69:45:c5:d4', '2012-12-07 11:27:29', '0006022', 1, 0, 0, 0),
	(340, 1418, '0131', '00:d0:69:45:c3:f8', '00:d0:69:45:c3:f8', '2012-10-17 13:32:40', '0005714', 1, 0, 0, 0);
/*!40000 ALTER TABLE `kiosk` ENABLE KEYS */;


-- Dumping structure for table naesta_cleanup.kiosklogs
DROP TABLE IF EXISTS `kiosklogs`;
CREATE TABLE IF NOT EXISTS `kiosklogs` (
  `id` int(10) NOT NULL AUTO_INCREMENT,
  `kioskid` int(10) NOT NULL,
  `logdate` timestamp NOT NULL DEFAULT CURRENT_TIMESTAMP ON UPDATE CURRENT_TIMESTAMP,
  `filename` varchar(100) DEFAULT NULL,
  PRIMARY KEY (`id`),
  KEY `FK_kiosk` (`kioskid`),
  CONSTRAINT `kiosklogs_ibfk_1` FOREIGN KEY (`kioskid`) REFERENCES `kiosk` (`id`)
) ENGINE=InnoDB AUTO_INCREMENT=6 DEFAULT CHARSET=latin1;

-- Dumping data for table naesta_cleanup.kiosklogs: ~5 rows (approximately)
DELETE FROM `kiosklogs`;
/*!40000 ALTER TABLE `kiosklogs` DISABLE KEYS */;
INSERT INTO `kiosklogs` (`id`, `kioskid`, `logdate`, `filename`) VALUES
	(1, 320, '2013-03-13 02:26:53', '66e60484-b5a2-473c-a7d2-17c893fdd3e3.00d06945d908.scu-log.txt'),
	(2, 320, '2013-03-13 02:26:57', '49568b42-b324-456a-bcbc-6e5f3d3dad8e.00d06945d908.svsd'),
	(3, 320, '2013-03-13 02:26:58', 'fccb76b8-d831-4724-bd1b-6124de331ca5.00d06945d908.pdm'),
	(4, 320, '2013-03-13 02:27:01', '14351b0b-ded7-4ab8-96f2-e8ada43c4922.00d06945d908.scm'),
	(5, 320, '2013-03-13 02:27:01', 'fc6755cb-190c-469e-89ba-7be33d3ef230.00d06945d908.powermanager');
/*!40000 ALTER TABLE `kiosklogs` ENABLE KEYS */;


-- Dumping structure for table naesta_cleanup.ksr
DROP TABLE IF EXISTS `ksr`;
CREATE TABLE IF NOT EXISTS `ksr` (
  `id` int(10) NOT NULL AUTO_INCREMENT,
  `uaid` varchar(45) NOT NULL,
  `msnbc` varchar(100) DEFAULT NULL,
  `msnemb` varchar(100) DEFAULT NULL,
  `obcn` varchar(100) DEFAULT NULL,
  `kiosk_id` int(10) DEFAULT NULL,
  `status_ksr_operative` int(1) DEFAULT NULL,
  `bdp_id` int(1) DEFAULT NULL,
  `status_ksr_enabled` varchar(1) DEFAULT NULL,
  `registeredon` datetime DEFAULT NULL,
  PRIMARY KEY (`id`),
  UNIQUE KEY `uaid_UNIQUE` (`uaid`),
  UNIQUE KEY `msnemb` (`msnemb`),
  UNIQUE KEY `obcn` (`obcn`)
) ENGINE=InnoDB DEFAULT CHARSET=latin1;

-- Dumping data for table naesta_cleanup.ksr: ~0 rows (approximately)
DELETE FROM `ksr`;
/*!40000 ALTER TABLE `ksr` DISABLE KEYS */;
/*!40000 ALTER TABLE `ksr` ENABLE KEYS */;


-- Dumping structure for table naesta_cleanup.lookups
DROP TABLE IF EXISTS `lookups`;
CREATE TABLE IF NOT EXISTS `lookups` (
  `id` int(10) NOT NULL AUTO_INCREMENT,
  `category` varchar(45) NOT NULL,
  `key` smallint(6) NOT NULL,
  `shortdescription` varchar(45) NOT NULL,
  `longdescrption` varchar(256) DEFAULT NULL,
  `sortorder` int(10) NOT NULL,
  `value` varchar(64) DEFAULT NULL,
  PRIMARY KEY (`id`),
  KEY `KEY_CATEGORY_IDX` (`category`,`key`)
) ENGINE=InnoDB AUTO_INCREMENT=619 DEFAULT CHARSET=latin1;

-- Dumping data for table naesta_cleanup.lookups: ~559 rows (approximately)
DELETE FROM `lookups`;
/*!40000 ALTER TABLE `lookups` DISABLE KEYS */;
INSERT INTO `lookups` (`id`, `category`, `key`, `shortdescription`, `longdescrption`, `sortorder`, `value`) VALUES
	(7, 'Language', 1, 'lng.1', 'Languages', 1, 'English'),
	(8, 'Language', 2, 'lng.2', 'Languages', 2, 'French'),
	(9, 'Language', 3, 'lng.3', 'Languages', 3, 'Spanish'),
	(10, 'dockingPointStatus', 1, 'dps.1', 'Docking Point Status', 1, NULL),
	(11, 'dockingPointStatus', 2, 'dps.2', 'Docking Point Status', 2, NULL),
	(12, 'dockingPointStatus', 3, 'dps.3', 'Docking Point Status', 3, NULL),
	(13, 'dockingPointStatus', 4, 'dps.4', 'Docking Point Status', 4, NULL),
	(14, 'dockingPointStatus', 5, 'dps.5', 'Docking Point Status', 5, NULL),
	(15, 'dockingPointStatus', 6, 'dps.6', 'Docking Point Status', 6, NULL),
	(16, 'subDeviceCriticalLevel', 1, 'sdcl.1', 'Sub Device Critical Level - OK', 1, NULL),
	(17, 'subDeviceCriticalLevel', 2, 'sdcl.2', 'Sub Device Critical Level- Notice', 2, NULL),
	(18, 'subDeviceCriticalLevel', 3, 'sdcl.3', 'Sub Device Critical Level- Critical', 3, NULL),
	(19, 'subDeviceStatus', 1, 'sds.1', 'Sub Device Status - Active', 1, NULL),
	(20, 'subDeviceStatus', 2, 'sds.2', 'Sub Device Status -Inactive', 2, NULL),
	(21, 'subDeviceType', 1, 'sdt.1', 'Sub Device Type - Battery Door', 1, NULL),
	(22, 'subDeviceType', 2, 'sdt.2', 'Sub Device Type - Battery', 2, NULL),
	(23, 'subDeviceType', 3, 'sdt.3', 'Sub Device Type - At Power', 3, NULL),
	(24, 'subDeviceType', 4, 'sdt.4', 'Sub Device Type - Card reader', 4, NULL),
	(25, 'subDeviceType', 5, 'sdt.5', 'Sub Device Type - Display', 5, NULL),
	(26, 'subDeviceType', 6, 'sdt.6', 'Sub Device Type - Door : Cash Door', 6, NULL),
	(27, 'subDeviceType', 7, 'sdt.7', 'Sub Device Type - Door : Door : Hardware Door', 7, NULL),
	(28, 'subDeviceType', 8, 'sdt.8', 'Sub Device Type - : ECO4', 8, NULL),
	(29, 'subDeviceType', 9, 'sdt.9', 'Sub Device Type - :Island Controller', 9, NULL),
	(30, 'subDeviceType', 10, 'sdt.10', 'Sub Device Type - :Printer', 10, NULL),
	(31, 'subDeviceType', 11, 'sdt.11', 'Sub Device Type - :Solar Panel', 11, NULL),
	(32, 'subDeviceType', 12, 'sdt.12', 'Sub Device Type - :Tag', 12, NULL),
	(33, 'FirmwareType', 1, 'FType.1', 'Atcore OTA', 1, NULL),
	(34, 'FirmwareType', 2, 'FType.2', 'Atpower OTA', 2, NULL),
	(35, 'FirmwareType', 3, 'FType.3', 'Kernel OTA', 3, NULL),
	(36, 'FirmwareType', 4, 'FType.4', 'Bdc OTA', 4, NULL),
	(37, 'kioskStatus', 1, 'ks.1', 'Kiosk Status -Active', 1, NULL),
	(38, 'kioskStatus', 2, 'ks.2', 'Kiosk Status -Inactive', 2, NULL),
	(39, 'giftStatus', 1, 'GStatus.1', 'Gift certificate View-status', 1, NULL),
	(40, 'giftStatus', 2, 'GStatus.2', 'Gift Certificate View- status', 2, NULL),
	(41, 'giftStatus', 3, 'GStatus.3', 'Gift Certificate View-status', 3, NULL),
	(42, 'giftStatus', 4, 'GStatus.4', 'Gift Certificate View-status', 4, NULL),
	(43, 'giftType', 1, 'GType.1', 'Gift Certificate View -Type', 1, NULL),
	(44, 'giftType', 2, 'GType.2', 'Gift Certificate View -type', 2, NULL),
	(45, 'giftEnum', 1, 'GEnum.1', 'Gift Enumeration Strategy', 1, NULL),
	(46, 'giftEnum', 2, 'GEnum.2', 'Gift Enumeration Strategy', 2, NULL),
	(47, 'batchStatus', 1, 'BStatus.1', 'Gift Batch Generation Status', 1, NULL),
	(48, 'batchStatus', 2, 'BStatus.2', 'Gift Batch Generation Status', 2, NULL),
	(49, 'batchStatus', 3, 'BStatus.3', 'Gift Batch Generation Status', 3, NULL),
	(50, 'keyType', 1, 'keyType.1', 'Key Type', 1, NULL),
	(51, 'keyType', 2, 'keyType.2', 'Key Type', 2, NULL),
	(52, 'keyType', 3, 'keyType.3', 'Key Type', 3, NULL),
	(53, 'keySubType', 1, 'keySubType.1', 'key Sub Type', 1, NULL),
	(54, 'keySubType', 2, 'keySubType.2', 'key Sub Type', 2, NULL),
	(55, 'keySubType', 3, 'keySubType.3', 'key Sub Type', 3, NULL),
	(56, 'keySubType', 4, 'keySubType.4', 'key Sub Type', 4, NULL),
	(57, 'keySubType', 5, 'keySubType.5', 'key Sub Type', 5, NULL),
	(58, 'keySubType', 6, 'keySubType.6', 'key Sub Type', 6, NULL),
	(59, 'keyStatus', 1, 'keyStatus.1', 'Key Status', 1, NULL),
	(60, 'keyStatus', 2, 'keyStatus.2', 'Key Status', 2, NULL),
	(61, 'keyAssignmentStatus', 1, 'ksAssign.1', 'Key Status Assignment', 1, NULL),
	(62, 'keyAssignmentStatus', 2, 'ksAssign.2', 'Key Status Assignment', 2, NULL),
	(63, 'keyRegister', 1, 'ksRegister.1', 'Key Status Registered', 1, NULL),
	(64, 'keyRegister', 2, 'ksRegister.2', 'Key Status Registered', 2, NULL),
	(65, 'keyActivation', 1, 'ksActivation.1', 'Key Activation Status', 1, NULL),
	(66, 'keyActivation', 2, 'ksActivation.2', 'Key Activation Status', 2, NULL),
	(67, 'keyActivation', 3, 'ksActivation.3', 'Key Activation Status', 3, NULL),
	(68, 'keyFunctional', 1, 'keyFunctional.1', 'Key Functional Status', 1, NULL),
	(69, 'keyFunctional', 2, 'keyFunctional.2', 'Key Functional Status', 2, NULL),
	(70, 'keyLocation', 1, 'keyLocation.1', 'Key Location Status', 1, NULL),
	(71, 'keyLocation', 2, 'keyLocation.2', 'Key Location Status', 2, NULL),
	(72, 'keyLocation', 3, 'keyLocation.3', 'Key Location Status', 3, NULL),
	(73, 'modelStatus', 1, 'modelStatus.1', 'Model Status Final', 1, NULL),
	(74, 'modelStatus', 2, 'modelStatus.2', 'Model Status Transient', 2, NULL),
	(78, 'SecurityQuestion', 1, 'SQ.1', 'What was the name of your first school?', 1, NULL),
	(79, 'SecurityQuestion', 2, 'SQ.2', 'What is your favorite pastime?', 2, NULL),
	(80, 'SecurityQuestion', 3, 'SQ.3', 'What is your favorite sports team?', 3, NULL),
	(81, 'SecurityQuestion', 4, 'SQ.4', 'Who was your childhood hero?', 4, NULL),
	(82, 'stationStatus', 1, 'stationStatus.1', ' Station Status', 1, NULL),
	(83, 'stationStatus', 2, 'stationStatus.2', ' Station Status', 2, NULL),
	(84, 'stationStatus', 3, 'stationStatus.3', ' Station Status', 3, NULL),
	(85, 'stationStatus', 4, 'stationStatus.4', ' Station Status', 4, NULL),
	(86, 'stationPriority', 1, 'stationPriority.1', 'Station Priority', 1, NULL),
	(87, 'stationPriority', 2, 'stationPriority.2', 'Station Priority', 2, NULL),
	(88, 'stationTemporary', 1, 'stationTemporary.1', 'Station Temporary', 1, NULL),
	(89, 'stationTemporary', 2, 'stationTemporary.2', 'Station Temporary', 2, NULL),
	(90, 'shipmentStatus', 1, 'shipmentStatus.1', 'Key Shipment Status', 1, NULL),
	(91, 'shipmentStatus', 2, 'shipmentStatus.2', 'Key Shipment Status', 2, NULL),
	(92, 'Country', 92, 'country.1', 'US', 92, 'United States'),
	(93, 'Country', 93, 'country.2', 'CA', 93, 'Canada'),
	(94, 'Country', 94, 'country.3', 'AF', 94, 'Afghanistan'),
	(95, 'Country', 95, 'country.4', 'AL', 95, 'Albania'),
	(96, 'Country', 96, 'country.5', 'DZ', 96, 'Algeria'),
	(97, 'Country', 97, 'country.6', 'AS', 97, 'American Samoa'),
	(98, 'Country', 98, 'country.7', 'AD', 98, 'Andorra'),
	(99, 'Country', 99, 'country.8', 'AO', 99, 'Angola'),
	(100, 'Country', 100, 'country.9', 'AI', 100, 'Anguilla'),
	(101, 'Country', 101, 'country.10', 'AQ', 101, 'Antarctica'),
	(102, 'Country', 102, 'country.11', 'AG', 102, 'Antigua and Barbuda'),
	(103, 'Country', 103, 'country.12', 'AR', 103, 'Argentina'),
	(104, 'Country', 104, 'country.13', 'AM', 104, 'Armenia'),
	(105, 'Country', 105, 'country.14', 'AW', 105, 'Aruba'),
	(106, 'Country', 106, 'country.15', 'AU', 106, 'Australia'),
	(107, 'Country', 107, 'country.16', 'AT', 107, 'Austria'),
	(108, 'Country', 108, 'country.17', 'AZ', 108, 'Azerbaijan'),
	(109, 'Country', 109, 'country.18', 'BS', 109, 'Bahamas'),
	(110, 'Country', 110, 'country.19', 'BH', 110, 'Bahrain'),
	(111, 'Country', 111, 'country.20', 'BD', 111, 'Bangladesh'),
	(112, 'Country', 112, 'country.21', 'BB', 112, 'Barbados'),
	(113, 'Country', 113, 'country.22', 'BY', 113, 'Belarus'),
	(114, 'Country', 114, 'country.23', 'BE', 114, 'Belgium'),
	(115, 'Country', 115, 'country.24', 'BZ', 115, 'Belize'),
	(116, 'Country', 116, 'country.25', 'BJ', 116, 'Benin'),
	(117, 'Country', 117, 'country.26', 'BM', 117, 'Bermuda'),
	(118, 'Country', 118, 'country.27', 'BT', 118, 'Bhutan'),
	(119, 'Country', 119, 'country.28', 'BO', 119, 'Bolivia'),
	(120, 'Country', 120, 'country.29', 'BA', 120, 'Bosnia and Herzegowina'),
	(121, 'Country', 121, 'country.30', 'BW', 121, 'Botswana'),
	(122, 'Country', 122, 'country.31', 'BV', 122, 'Bouvet Island'),
	(123, 'Country', 123, 'country.32', 'BR', 123, 'Brazil'),
	(124, 'Country', 124, 'country.33', 'IO', 124, 'British Indian Ocean Territory'),
	(125, 'Country', 125, 'country.34', 'VG', 125, 'British Virgin Islands'),
	(126, 'Country', 126, 'country.35', 'BN', 126, 'Brunei Darussalam'),
	(127, 'Country', 127, 'country.36', 'BG', 127, 'Bulgaria'),
	(128, 'Country', 128, 'country.37', 'BF', 128, 'Burkina Faso'),
	(129, 'Country', 129, 'country.38', 'BI', 129, 'Burundi'),
	(130, 'Country', 130, 'country.39', 'KH', 130, 'Cambodia'),
	(131, 'Country', 131, 'country.40', 'CM', 131, 'Cameroon'),
	(132, 'Country', 132, 'country.41', 'CV', 132, 'Cape Verde'),
	(133, 'Country', 133, 'country.42', 'KY', 133, 'Cayman Islands'),
	(134, 'Country', 134, 'country.43', 'CF', 134, 'Central African Republic'),
	(135, 'Country', 135, 'country.44', 'TD', 135, 'Chad'),
	(136, 'Country', 136, 'country.45', 'CL', 136, 'Chile'),
	(137, 'Country', 137, 'country.46', 'CN', 137, 'China'),
	(138, 'Country', 138, 'country.47', 'CX', 138, 'Christmas Island'),
	(139, 'Country', 139, 'country.48', 'CC', 139, 'Cocos (Keeling) Islands'),
	(140, 'Country', 140, 'country.49', 'CO', 140, 'Colombia'),
	(141, 'Country', 141, 'country.50', 'KM', 141, 'Comoros'),
	(142, 'Country', 142, 'country.51', 'CG', 142, 'Congo'),
	(143, 'Country', 143, 'country.52', 'CK', 143, 'Cook Islands'),
	(144, 'Country', 144, 'country.53', 'CR', 144, 'Costa Rica'),
	(145, 'Country', 145, 'country.54', 'CI', 145, 'Cote D\'ivoire'),
	(146, 'Country', 146, 'country.55', 'HR', 146, 'Croatia'),
	(147, 'Country', 147, 'country.56', 'CU', 147, 'Cuba'),
	(148, 'Country', 148, 'country.57', 'CY', 148, 'Cyprus'),
	(149, 'Country', 149, 'country.58', 'CZ', 149, 'Czech Republic'),
	(150, 'Country', 150, 'country.59', 'DK', 150, 'Denmark'),
	(151, 'Country', 151, 'country.60', 'DJ', 151, 'Djibouti'),
	(152, 'Country', 152, 'country.61', 'DM', 152, 'Dominica'),
	(153, 'Country', 153, 'country.62', 'DO', 153, 'Dominican Republic'),
	(154, 'Country', 154, 'country.63', 'TL', 154, 'East Timor'),
	(155, 'Country', 155, 'country.64', 'EC', 155, 'Ecuador'),
	(156, 'Country', 156, 'country.65', 'EG', 156, 'Egypt'),
	(157, 'Country', 157, 'country.66', 'SV', 157, 'El Salvador'),
	(158, 'Country', 158, 'country.67', 'GQ', 158, 'Equatorial Guinea'),
	(159, 'Country', 159, 'country.68', 'ER', 159, 'Eritrea'),
	(160, 'Country', 160, 'country.69', 'EE', 160, 'Estonia'),
	(161, 'Country', 161, 'country.70', 'ET', 161, 'Ethiopia'),
	(162, 'Country', 162, 'country.71', 'FK', 162, 'Falkland Islands (Malvinas)'),
	(163, 'Country', 163, 'country.72', 'FO', 163, 'Faroe Islands'),
	(164, 'Country', 164, 'country.73', 'FJ', 164, 'Fiji'),
	(165, 'Country', 165, 'country.74', 'FI', 165, 'Finland'),
	(166, 'Country', 166, 'country.75', 'FR', 166, 'France'),
	(167, 'Country', 167, 'country.76', 'GF', 167, 'French Guiana'),
	(168, 'Country', 168, 'country.77', 'PF', 168, 'French Polynesia'),
	(169, 'Country', 169, 'country.78', 'TF', 169, 'French Southern Territories'),
	(170, 'Country', 170, 'country.79', 'GA', 170, 'Gabon'),
	(171, 'Country', 171, 'country.80', 'GM', 171, 'Gambia'),
	(172, 'Country', 172, 'country.81', 'GE', 172, 'Georgia'),
	(173, 'Country', 173, 'country.82', 'DE', 173, 'Germany'),
	(174, 'Country', 174, 'country.83', 'GH', 174, 'Ghana'),
	(175, 'Country', 175, 'country.84', 'GR', 175, 'Greece'),
	(176, 'Country', 176, 'country.84', 'GR', 176, 'Greece'),
	(177, 'Country', 177, 'country.85', 'GL', 177, 'Greenland'),
	(178, 'Country', 178, 'country.86', 'GD', 178, 'Grenada'),
	(179, 'Country', 179, 'country.87', 'GP', 179, 'Guadeloupe'),
	(180, 'Country', 180, 'country.88', 'GU', 180, 'Guam'),
	(181, 'Country', 181, 'country.89', 'GT', 181, 'Guatemala'),
	(182, 'Country', 182, 'country.90', 'GN', 182, 'Guinea'),
	(183, 'Country', 183, 'country.91', 'GW', 183, 'Guinea-Bissau'),
	(184, 'Country', 184, 'country.92', 'GY', 184, 'Guyana'),
	(185, 'Country', 185, 'country.93', 'HT', 185, 'Haiti'),
	(186, 'Country', 186, 'country.94', 'HM', 186, 'Heard and McDonald Islands'),
	(187, 'Country', 187, 'country.95', 'HN', 187, 'Honduras'),
	(188, 'Country', 188, 'country.96', 'HK', 188, 'Hong Kong'),
	(189, 'Country', 189, 'country.97', 'HU', 189, 'Hungary'),
	(190, 'Country', 190, 'country.98', 'IS', 190, 'Iceland'),
	(191, 'Country', 191, 'country.99', 'IN', 191, 'India'),
	(192, 'Country', 192, 'country.100', 'ID', 192, 'Indonesia'),
	(193, 'Country', 193, 'country.101', 'IQ', 193, 'Iraq'),
	(194, 'Country', 194, 'country.102', 'IE', 194, 'Ireland'),
	(195, 'Country', 195, 'country.103', 'IR', 195, 'Islamic Republic of Iran'),
	(196, 'Country', 196, 'country.104', 'IL', 196, 'Israel'),
	(197, 'Country', 197, 'country.105', 'IT', 197, 'Italy'),
	(198, 'Country', 198, 'country.106', 'JM', 198, 'Jamaica'),
	(199, 'Country', 199, 'country.107', 'JP', 199, 'Japan'),
	(200, 'Country', 200, 'country.108', 'JO', 200, 'Jordan'),
	(201, 'Country', 201, 'country.109', 'KZ', 201, 'Kazakhstan'),
	(202, 'Country', 202, 'country.110', 'KE', 202, 'Kenya'),
	(203, 'Country', 203, 'country.111', 'KI', 203, 'Kiribati'),
	(204, 'Country', 204, 'country.112', 'KP', 204, 'Korea'),
	(205, 'Country', 205, 'country.113', 'KR', 205, 'Korea, Republic of'),
	(206, 'Country', 206, 'country.114', 'KW', 206, 'Kuwait'),
	(207, 'Country', 207, 'country.115', 'KG', 207, 'Kyrgyzstan'),
	(208, 'Country', 208, 'country.116', 'LA', 208, 'Laos'),
	(209, 'Country', 209, 'country.117', 'LV', 209, 'Latvia'),
	(210, 'Country', 210, 'country.118', 'LB', 210, 'Lebanon'),
	(211, 'Country', 211, 'country.119', 'LS', 211, 'Lesotho'),
	(212, 'Country', 212, 'country.120', 'LR', 212, 'Liberia'),
	(213, 'Country', 213, 'country.121', 'LY', 213, 'Libyan Arab Jamahiriya'),
	(214, 'Country', 214, 'country.122', 'LI', 214, 'Liechtenstein'),
	(215, 'Country', 215, 'country.123', 'LT', 215, 'Lithuania'),
	(216, 'Country', 216, 'country.124', 'LU', 216, 'Luxembourg'),
	(217, 'Country', 217, 'country.125', 'MO', 217, 'Macau'),
	(218, 'Country', 218, 'country.126', 'MK', 218, 'Macedonia'),
	(219, 'Country', 219, 'country.127', 'MG', 219, 'Madagascar'),
	(220, 'Country', 220, 'country.128', 'MW', 220, 'Malawi'),
	(221, 'Country', 221, 'country.129', 'MY', 221, 'Malaysia'),
	(222, 'Country', 222, 'country.130', 'MV', 222, 'Maldives'),
	(223, 'Country', 223, 'country.131', 'ML', 223, 'Mali'),
	(224, 'Country', 224, 'country.132', 'MT', 224, 'Malta'),
	(225, 'Country', 225, 'country.133', 'MH', 225, 'Marshall Islands'),
	(226, 'Country', 226, 'country.134', 'MQ', 226, 'Martinique'),
	(227, 'Country', 227, 'country.135', 'MR', 227, 'Mauritania'),
	(228, 'Country', 228, 'country.136', 'MU', 228, 'Mauritius'),
	(229, 'Country', 229, 'country.137', 'YT', 229, 'Mayotte'),
	(230, 'Country', 230, 'country.138', 'MX', 230, 'Mexico'),
	(231, 'Country', 231, 'country.139', 'FM', 231, 'Micronesia'),
	(232, 'Country', 232, 'country.140', 'MD', 232, 'Moldova, Republic of'),
	(233, 'Country', 233, 'country.141', 'MC', 233, 'Monaco'),
	(234, 'Country', 234, 'country.142', 'MN', 234, 'Mongolia'),
	(235, 'Country', 235, 'country.143', 'MS', 235, 'Montserrat'),
	(236, 'Country', 236, 'country.144', 'MA', 236, 'Morocco'),
	(237, 'Country', 237, 'country.145', 'MZ', 237, 'Mozambique'),
	(238, 'Country', 238, 'country.146', 'MM', 238, 'Myanmar'),
	(239, 'Country', 239, 'country.147', 'NA', 239, 'Namibia'),
	(240, 'Country', 240, 'country.148', 'NR', 240, 'Nauru'),
	(241, 'Country', 241, 'country.149', 'NP', 241, 'Nepal'),
	(242, 'Country', 242, 'country.150', 'NL', 242, 'Netherlands'),
	(243, 'Country', 243, 'country.151', 'AN', 243, 'Netherlands Antilles'),
	(244, 'Country', 244, 'country.152', 'NC', 244, 'New Caledonia'),
	(245, 'Country', 245, 'country.153', 'NZ', 245, 'New Zealand'),
	(246, 'Country', 246, 'country.154', 'NI', 246, 'Nicaragua'),
	(247, 'Country', 247, 'country.155', 'NE', 247, 'Niger'),
	(248, 'Country', 248, 'country.156', 'NG', 248, 'Nigeria'),
	(249, 'Country', 249, 'country.157', 'NU', 249, 'Niue'),
	(250, 'Country', 250, 'country.158', 'NF', 250, 'Norfolk Island'),
	(251, 'Country', 251, 'country.159', 'MP', 251, 'Northern Mariana Islands'),
	(252, 'Country', 252, 'country.160', 'NO', 252, 'Norway'),
	(253, 'Country', 253, 'country.161', 'OM', 253, 'Oman'),
	(254, 'Country', 254, 'country.162', 'PK', 254, 'Pakistan'),
	(255, 'Country', 255, 'country.163', 'PW', 255, 'Palau'),
	(256, 'Country', 256, 'country.164', 'PA', 256, 'Panama'),
	(257, 'Country', 257, 'country.165', 'PG', 257, 'Papua New Guinea'),
	(258, 'Country', 258, 'country.166', 'PY', 258, 'Paraguay'),
	(259, 'Country', 259, 'country.167', 'PE', 259, 'Peru'),
	(260, 'Country', 260, 'country.168', 'PH', 260, 'Philippines'),
	(261, 'Country', 261, 'country.169', 'PN', 261, 'Pitcairn'),
	(262, 'Country', 262, 'country.170', 'PL', 262, 'Poland'),
	(263, 'Country', 263, 'country.171', 'PT', 263, 'Portugal'),
	(264, 'Country', 264, 'country.172', 'PR', 264, 'Puerto Rico'),
	(265, 'Country', 265, 'country.173', 'QA', 265, 'Qatar'),
	(266, 'Country', 266, 'country.174', 'RE', 266, 'Reunion'),
	(267, 'Country', 267, 'country.175', 'RO', 267, 'Romania'),
	(268, 'Country', 268, 'country.176', 'RU', 268, 'Russian Federation'),
	(269, 'Country', 269, 'country.177', 'RW', 269, 'Rwanda'),
	(270, 'Country', 270, 'country.178', 'LC', 270, 'Saint Lucia'),
	(271, 'Country', 271, 'country.179', 'WS', 271, 'Samoa'),
	(272, 'Country', 272, 'country.180', 'SM', 272, 'San Marino'),
	(273, 'Country', 273, 'country.181', 'ST', 273, 'Sao Tome and Principe'),
	(274, 'Country', 274, 'country.182', 'SA', 274, 'Saudi Arabia'),
	(275, 'Country', 275, 'country.183', 'SN', 275, 'Senegal'),
	(276, 'Country', 276, 'country.184', 'RS', 276, 'Serbia and Montenegro'),
	(277, 'Country', 277, 'country.185', 'SC', 277, 'Seychelles'),
	(278, 'Country', 278, 'country.186', 'SL', 278, 'Sierra Leone'),
	(279, 'Country', 279, 'country.187', 'SG', 279, 'Singapore'),
	(280, 'Country', 280, 'country.188', 'SK', 280, 'Slovakia'),
	(281, 'Country', 281, 'country.189', 'SI', 281, 'Slovenia'),
	(282, 'Country', 282, 'country.190', 'SB', 282, 'Solomon Islands'),
	(283, 'Country', 283, 'country.191', 'SO', 283, 'Somalia'),
	(284, 'Country', 284, 'country.192', 'ZA', 284, 'South Africa'),
	(285, 'Country', 285, 'country.193', 'ES', 285, 'Spain'),
	(286, 'Country', 286, 'country.194', 'LK', 286, 'Sri Lanka'),
	(287, 'Country', 287, 'country.195', 'SH', 287, 'St. Helena'),
	(288, 'Country', 288, 'country.196', 'KN', 288, 'St. Kitts and Nevis'),
	(289, 'Country', 289, 'country.197', 'PM', 289, 'St. Pierre and Miquelon'),
	(290, 'Country', 290, 'country.198', 'VC', 290, 'St. Vincent and the Grenadines'),
	(291, 'Country', 291, 'country.199', 'SD', 291, 'Sudan'),
	(292, 'Country', 292, 'country.200', 'SR', 292, 'Suriname'),
	(293, 'Country', 293, 'country.201', 'SJ', 293, 'Svalbard and Jan Mayen Islands'),
	(294, 'Country', 294, 'country.202', 'SZ', 294, 'Swaziland'),
	(295, 'Country', 295, 'country.203', 'SE', 295, 'Sweden'),
	(296, 'Country', 296, 'country.204', 'CH', 296, 'Switzerland'),
	(297, 'Country', 297, 'country.205', 'SY', 297, 'Syrian Arab Republic'),
	(298, 'Country', 298, 'country.206', 'TW', 298, 'Taiwan'),
	(299, 'Country', 299, 'country.207', 'TJ', 299, 'Tajikistan'),
	(300, 'Country', 300, 'country.208', 'TZ', 300, 'Tanzania, United Republic of'),
	(301, 'Country', 301, 'country.209', 'TH', 301, 'Thailand'),
	(302, 'Country', 302, 'country.210', 'TG', 302, 'Togo'),
	(303, 'Country', 303, 'country.211', 'TK', 303, 'Tokelau'),
	(304, 'Country', 304, 'country.212', 'TO', 304, 'Tonga'),
	(305, 'Country', 305, 'country.213', 'TT', 305, 'Trinidad and Tobago'),
	(306, 'Country', 306, 'country.214', 'TN', 306, 'Tunisia'),
	(307, 'Country', 307, 'country.215', 'TR', 307, 'Turkey'),
	(308, 'Country', 308, 'country.216', 'TM', 308, 'Turkmenistan'),
	(309, 'Country', 309, 'country.217', 'TC', 309, 'Turks and Caicos Islands'),
	(310, 'Country', 310, 'country.218', 'TV', 310, 'Tuvalu'),
	(311, 'Country', 311, 'country.219', 'UG', 311, 'Uganda'),
	(312, 'Country', 312, 'country.220', 'UA', 312, 'Ukraine'),
	(313, 'Country', 313, 'country.221', 'AE', 313, 'United Arab Emirates'),
	(314, 'Country', 314, 'country.222', 'GB', 314, 'United Kingdom (Great Britain)'),
	(315, 'Country', 315, 'country.223', 'VI', 315, 'United States Virgin Islands'),
	(316, 'Country', 316, 'country.224', 'UY', 316, 'Uruguay'),
	(317, 'Country', 317, 'country.225', 'UZ', 317, 'Uzbekistan'),
	(318, 'Country', 318, 'country.226', 'VU', 318, 'Vanuatu'),
	(319, 'Country', 319, 'country.227', 'VA', 319, 'Vatican City State'),
	(320, 'Country', 320, 'country.228', 'VE', 320, 'Venezuela'),
	(321, 'Country', 321, 'country.229', 'VN', 321, 'Vietnam'),
	(322, 'Country', 322, 'country.230', 'WF', 322, 'Wallis And Futuna Islands'),
	(323, 'Country', 323, 'country.231', 'EH', 323, 'Western Sahara'),
	(324, 'Country', 324, 'country.232', 'YE', 324, 'Yemen'),
	(325, 'Country', 325, 'country.233', 'CD', 325, 'Zaire'),
	(326, 'Country', 326, 'country.234', 'ZM', 326, 'Zambia'),
	(327, 'Country', 327, 'country.235', 'ZW', 327, 'Zimbabwe'),
	(328, 'State', 328, 'state.1', 'State Name', 328, 'Other'),
	(329, 'State', 329, 'state.2', 'State Name', 329, 'Alabama'),
	(330, 'State', 330, 'state.3', 'State Name', 330, 'Alaska'),
	(331, 'State', 331, 'state.4', 'State Name', 331, 'Arizona'),
	(332, 'State', 332, 'state.5', 'State Name', 332, 'Arkansas'),
	(333, 'State', 333, 'state.6', 'State Name', 333, 'California'),
	(334, 'State', 334, 'state.7', 'State Name', 334, 'Colorado'),
	(335, 'State', 335, 'state.8', 'State Name', 335, 'Connecticut'),
	(336, 'State', 336, 'state.9', 'State Name', 336, 'Delaware'),
	(337, 'State', 337, 'state.10', 'State Name', 337, 'District of Columbia'),
	(338, 'State', 338, 'state.11', 'State Name', 338, 'Florida'),
	(339, 'State', 339, 'state.12', 'State Name', 339, 'Georgia'),
	(340, 'State', 340, 'state.13', 'State Name', 340, 'Guam'),
	(341, 'State', 341, 'state.14', 'State Name', 341, 'Hawaii'),
	(342, 'State', 342, 'state.15', 'State Name', 342, 'Idaho'),
	(343, 'State', 343, 'state.16', 'State Name', 343, 'Illinois'),
	(344, 'State', 344, 'state.17', 'State Name', 344, 'Indiana'),
	(345, 'State', 345, 'state.18', 'State Name', 345, 'Iowa'),
	(346, 'State', 346, 'state.19', 'State Name', 346, 'Kansas'),
	(347, 'State', 347, 'state.20', 'State Name', 347, 'Kentucky'),
	(348, 'State', 348, 'state.21', 'State Name', 348, 'Louisiana'),
	(349, 'State', 349, 'state.22', 'State Name', 349, 'Maine'),
	(350, 'State', 350, 'state.23', 'State Name', 350, 'Maryland'),
	(351, 'State', 351, 'state.24', 'State Name', 351, 'Massachusetts'),
	(352, 'State', 352, 'state.25', 'State Name', 352, 'Michigan'),
	(353, 'State', 353, 'state.25', 'State Name', 353, 'Michigan'),
	(354, 'State', 354, 'state.27', 'State Name', 354, 'Mississippi'),
	(355, 'State', 355, 'state.28', 'State Name', 355, 'Missouri'),
	(356, 'State', 356, 'state.29', 'State Name', 356, 'Montana'),
	(357, 'State', 357, 'state.30', 'State Name', 357, 'Nebraska'),
	(358, 'State', 358, 'state.31', 'State Name', 358, 'Nevada'),
	(359, 'State', 359, 'state.32', 'State Name', 359, 'New Hampshire'),
	(360, 'State', 360, 'state.33', 'State Name', 360, 'New Jersey'),
	(361, 'State', 361, 'state.34', 'State Name', 361, 'New Mexico'),
	(362, 'State', 362, 'state.35', 'State Name', 362, 'New York'),
	(363, 'State', 363, 'state.36', 'State Name', 363, 'North Carolina'),
	(364, 'State', 364, 'state.37', 'State Name', 364, 'North Dakota'),
	(365, 'State', 365, 'state.38', 'State Name', 365, 'Ohio'),
	(366, 'State', 366, 'state.39', 'State Name', 366, 'Oklahoma'),
	(367, 'State', 367, 'state.40', 'State Name', 367, 'Oregon'),
	(368, 'State', 368, 'state.41', 'State Name', 368, 'Pennsylvania'),
	(369, 'State', 369, 'state.42', 'State Name', 369, 'Puerto Rico'),
	(370, 'State', 370, 'state.43', 'State Name', 370, 'Rhode Island'),
	(371, 'State', 371, 'state.44', 'State Name', 371, 'South Carolina'),
	(372, 'State', 372, 'state.45', 'State Name', 372, 'South Dakota'),
	(373, 'State', 373, 'state.46', 'State Name', 373, 'Tennessee'),
	(374, 'State', 374, 'state.47', 'State Name', 374, 'Texas'),
	(375, 'State', 375, 'state.48', 'State Name', 375, 'Utah'),
	(376, 'State', 376, 'state.49', 'State Name', 376, 'Vermont'),
	(377, 'State', 377, 'state.50', 'State Name', 377, 'Virgin Islands'),
	(378, 'State', 378, 'state.51', 'State Name', 378, 'Virginia'),
	(379, 'State', 379, 'state.52', 'State Name', 379, 'Washington'),
	(380, 'State', 380, 'state.53', 'State Name', 380, 'West Virginia'),
	(381, 'State', 381, 'state.54', 'State Name', 381, 'Wisconsin'),
	(382, 'State', 382, 'state.55', 'State Name', 382, 'Wyoming'),
	(383, 'Language', 383, 'lng.4', 'Languages', 4, 'German'),
	(384, 'Language', 384, 'lng.5', 'Languages', 5, 'Portuguese'),
	(385, 'phoneType', 1, 'phoneType.1', 'Phone Type - Cell', 1, NULL),
	(386, 'phoneType', 2, 'phoneType.2', 'Phone Type - Home', 2, NULL),
	(387, 'phoneType', 3, 'phoneType.3', 'Phone Type - Work', 3, NULL),
	(391, 'periodicityUnit', 1, 'periodicityUnit.1', 'Periodicity Unit', 1, NULL),
	(392, 'periodicityUnit', 2, 'periodicityUnit.2', 'Periodicity Unit', 2, NULL),
	(393, 'periodicityUnit', 3, 'periodicityUnit.3', 'Periodicity Unit', 3, NULL),
	(394, 'periodicityUnit', 4, 'periodicityUnit.4', 'Periodicity Unit', 4, NULL),
	(395, 'PaymentType', 1, 'PaymentType.1', 'Payment Type', 1, NULL),
	(396, 'PaymentType', 2, 'PaymentType.2', 'Payment Type', 2, NULL),
	(397, 'PaymentType', 3, 'PaymentType.3', 'Payment Type', 3, NULL),
	(398, 'PaymentType', 4, 'PaymentType.4', 'Payment Type', 4, NULL),
	(399, 'PaymentType', 5, 'PaymentType.5', 'Payment Type', 5, NULL),
	(400, 'PaymentMode', 1, 'PaymentMode.1', 'Payment Mode', 1, NULL),
	(401, 'PaymentMode', 2, 'PaymentMode.2', 'Payment Mode', 2, NULL),
	(403, 'PaymentMode', 3, 'PaymentMode.3', 'Payment Mode', 3, NULL),
	(404, 'PaymentStatus', 1, 'PaymentStatus.1', 'Payment Status', 1, NULL),
	(405, 'PaymentStatus', 2, 'PaymentStatus.2', 'Payment Status', 2, NULL),
	(406, 'PaymentStatus', 3, 'PaymentStatus.3', 'Payment Status', 3, NULL),
	(407, 'PaymentStatus', 4, 'PaymentStatus.4', 'Payment Status', 4, NULL),
	(408, 'PaymentStatus', 5, 'PaymentStatus.5', 'Payment Status', 5, NULL),
	(409, 'PaymentStatus', 6, 'PaymentStatus.6', 'Payment Status', 6, NULL),
	(410, 'CardType', 1, 'CardType.1', 'Card Type', 1, NULL),
	(411, 'CardType', 2, 'CardType.2', 'Card Type', 2, NULL),
	(412, 'CardType', 3, 'CardType.3', 'Card Type', 3, NULL),
	(413, 'CardType', 4, 'CardType.4', 'Card Type', 4, NULL),
	(414, 'CardType', 5, 'CardType.5', 'Card Type', 5, NULL),
	(415, 'CardType', 6, 'CardType.6', 'Card Type', 6, NULL),
	(416, 'CardType', 7, 'CardType.7', 'Card Type', 7, NULL),
	(417, 'CardType', 8, 'CardType.8', 'Card Type', 8, NULL),
	(418, 'PaymentContext', 1, 'PaymentContext.1', 'Payment Context', 1, NULL),
	(419, 'PaymentContext', 2, 'PaymentContext.2', 'Payment Context', 2, NULL),
	(420, 'PaymentContext', 3, 'PaymentContext.3', 'Payment Context', 3, NULL),
	(421, 'PaymentContext', 4, 'PaymentContext.4', 'Payment Context', 4, NULL),
	(422, 'PaymentContext', 5, 'PaymentContext.5', 'Payment Context', 5, NULL),
	(423, 'PaymentContext', 6, 'PaymentContext.6', 'Payment Context', 6, NULL),
	(424, 'PaymentContext', 7, 'PaymentContext.7', 'Payment Context', 7, NULL),
	(425, 'PaymentContext', 8, 'PaymentContext.8', 'Payment Context', 8, NULL),
	(426, 'PaymentContext', 9, 'PaymentContext.9', 'Payment Context', 9, NULL),
	(427, 'PaymentContext', 10, 'PaymentContext.10', 'Payment Context', 10, NULL),
	(428, 'PaymentContext', 11, 'PaymentContext.11', 'Payment Context', 11, NULL),
	(429, 'PaymentContext', 12, 'PaymentContext.12', 'Payment Context', 12, NULL),
	(430, 'PaymentContext', 13, 'PaymentContext.13', 'Payment Context', 13, NULL),
	(431, 'PaymentContext', 14, 'PaymentContext.14', 'Payment Context', 14, NULL),
	(449, 'BIKESTATUS', 1, 'bikestatus.1', 'AWAITING', 1, NULL),
	(450, 'BIKESTATUS', 2, 'bikestatus.2', 'ONHAND', 2, NULL),
	(451, 'BIKESTATUS', 3, 'bikestatus.3', 'UN_REGISTERED', 3, NULL),
	(452, 'BIKESTATUS', 4, 'bikestatus.4', 'REGISTERED', 4, NULL),
	(453, 'BIKESTATUS', 5, 'bikestatus.5', 'UN_ENCRYPTED', 5, NULL),
	(454, 'BIKESTATUS', 6, 'bikestatus.6', 'ENCRYPTED', 6, NULL),
	(455, 'BIKESTATUS', 7, 'bikestatus.7', 'OFFSTR', 7, NULL),
	(456, 'BIKESTATUS', 8, 'bikestatus.8', 'ONSTR', 8, NULL),
	(457, 'BIKESTATUS', 9, 'bikestatus.9', 'INOPERATIVE', 9, NULL),
	(458, 'BIKESTATUS', 10, 'bikestatus.10', 'OPERATIVE', 10, NULL),
	(459, 'BIKESTATUS', 11, 'bikestatus.11', 'RDIST', 11, NULL),
	(460, 'BIKESTATUS', 12, 'bikestatus.12', 'DOCKED', 12, NULL),
	(461, 'BIKESTATUS', 13, 'bikestatus.13', 'IN_USE', 13, NULL),
	(462, 'BIKESTATUS', 14, 'bikestatus.14', 'UNKNOWN', 14, NULL),
	(463, 'giftStatus', 5, 'GStatus.5', 'Gift Certificate View-status', 5, NULL),
	(464, 'INVOICESTATUS', 1, 'invoicestatus.1', 'invoicestatus.1', 1, NULL),
	(465, 'INVOICESTATUS', 2, 'invoicestatus.2', 'invoicestatus.2', 2, NULL),
	(466, 'INVOICESTATUS', 3, 'invoicestatus.3', 'invoicestatus.3', 3, NULL),
	(467, 'PAYMENTSTATUSTYPE', 1, 'paymentstatus.1', 'paymentstatus.1', 1, NULL),
	(468, 'PAYMENTSTATUSTYPE', 2, 'paymentstatus.2', 'paymentstatus.2', 2, NULL),
	(469, 'PAYMENTSTATUSTYPE', 3, 'paymentstatus.3', 'paymentstatus.3', 3, NULL),
	(470, 'PAYMENTSTATUSTYPE', 4, 'paymentstatus.4', 'paymentstatus.4', 4, NULL),
	(471, 'CURRENCY', 1, 'currency.1', 'currency.1', 1, NULL),
	(472, 'PAYMENTMETHOD', 1, 'paymentmethod.1', 'paymentmethod.1', 1, NULL),
	(473, 'PAYMENTMETHOD', 2, 'paymentmethod.2', 'paymentmethod.2', 2, NULL),
	(474, 'PAYMENTMETHOD', 3, 'paymentmethod.3', 'paymentmethod.3', 3, NULL),
	(475, 'PAYMENTMETHOD', 4, 'paymentmethod.4', 'paymentmethod.4', 4, NULL),
	(476, 'PAYMENTMETHOD', 5, 'paymentmethod.5', 'paymentmethod.5', 5, NULL),
	(477, 'PAYMENTMETHOD', 6, 'paymentmethod.6', 'paymentmethod.6', 6, NULL),
	(478, 'PAYMENTMETHOD', 7, 'paymentmethod.7', 'paymentmethod.7', 7, NULL),
	(479, 'PAYMENTMETHOD', 8, 'paymentmethod.8', 'paymentmethod.8', 8, NULL),
	(480, 'assetType', 1, 'assetType.1', 'AssetType - BDP', 1, NULL),
	(481, 'assetType', 2, 'assetType.2', 'AssetType - CCR', 2, NULL),
	(482, 'assetType', 3, 'assetType.3', 'AssetType - KSR', 3, NULL),
	(483, 'assetType', 4, 'assetType.4', 'AssetType - GPSW', 4, NULL),
	(484, 'assetType', 5, 'assetType.5', 'AssetType - GSM', 5, NULL),
	(485, 'assetType', 6, 'assetType.6', 'AssetType - KSK', 6, NULL),
	(486, 'assetType', 7, 'assetType.7', 'AssetType - PDM', 7, NULL),
	(487, 'assetType', 8, 'assetType.8', 'AssetType - PTR', 8, NULL),
	(488, 'assetType', 9, 'assetType.9', 'AssetType - SCM', 9, NULL),
	(489, 'assetType', 10, 'assetType.10', 'AssetType - SCU', 10, NULL),
	(490, 'assetType', 11, 'assetType.11', 'AssetType - WIM', 11, NULL),
	(491, 'comparisonType', 1, 'comparisonType.1', 'comparisonType - EQUAL', 1, NULL),
	(492, 'comparisonType', 2, 'comparisonType.2', 'comparisonType - NOT EQUAL', 2, NULL),
	(493, 'comparisonType', 3, 'comparisonType.3', 'comparisonType - GREATER THAN', 3, NULL),
	(494, 'comparisonType', 4, 'comparisonType.4', 'comparisonType - LESS THAN', 4, NULL),
	(495, 'comparisonType', 5, 'comparisonType.5', 'comparisonType - BETWEEN', 5, NULL),
	(496, 'paramType', 1, 'paramType.1', 'paramType - NUMBER', 1, NULL),
	(497, 'paramType', 2, 'paramType.2', 'paramType - DECIMAL', 2, NULL),
	(498, 'paramType', 2, 'paramType.3', 'paramType - STRING', 3, NULL),
	(499, 'alarmAction', 1, 'alarmAction.1', 'alarmAction - SMS(S)', 1, NULL),
	(500, 'alarmAction', 2, 'alarmAction.2', 'alarmAction - MAIL(M)', 2, NULL),
	(501, 'alarmAction', 3, 'alarmAction.3', 'alarmAction - DASHBOARD(D)', 3, NULL),
	(502, 'alarmAction', 4, 'alarmAction.4', 'alarmAction - SM', 4, NULL),
	(503, 'alarmAction', 5, 'alarmAction.5', 'alarmAction - MD', 5, NULL),
	(504, 'alarmAction', 6, 'alarmAction.6', 'alarmAction - SD', 6, NULL),
	(505, 'alarmAction', 7, 'alarmAction.7', 'alarmAction - SMD', 7, NULL),
	(506, 'alarmType', 1, 'alarmType.1', 'alarmType - WARNING', 1, NULL),
	(507, 'alarmType', 2, 'alarmType.2', 'alarmType - ERROR', 2, NULL),
	(508, 'giftStatus', 6, 'GStatus.6', 'Gift Certificate View-status', 6, NULL),
	(509, 'keyActivation', 4, 'ksActivation.4', 'ksActivation.4', 4, NULL),
	(510, 'phoneFormat', 1, 'phoneFormat.1', 'Phone Format String', 1, NULL),
	(511, 'userType', 1, 'userType.1', 'User Type', 1, NULL),
	(512, 'userType', 2, 'userType.2', 'User Type', 2, NULL),
	(513, 'userType', 3, 'userType.3', 'User Type', 3, NULL),
	(514, 'userType', 4, 'userType.4', 'User Type', 4, NULL),
	(515, 'userType', 5, 'userType.5', 'User Type', 5, NULL),
	(516, 'dateTimeFormat', 1, 'dateTimeFormat.1', 'Date Time Format String', 1, NULL),
	(517, 'dateFormat', 1, 'dateFormat.1', 'Date Format String', 1, NULL),
	(518, 'STATUS_BK_LOCK', 9, 'STATUS_BK_LOCK.1', 'STATUS_BK_LOCK-INOPERATIVE', 1, NULL),
	(519, 'STATUS_BK_LOCK', 10, 'STATUS_BK_LOCK.2', 'STATUS_BK_LOCK-OPERATIVE', 2, NULL),
	(520, 'statusBDT', 0, 'statusBDT.0', 'Status BDT', 1, NULL),
	(521, 'statusBDT', 1, 'statusBDT.1', 'Status BDT', 2, NULL),
	(522, 'PAYMENTMETHOD', 9, 'paymentmethod.9', 'paymentmethod.9', 9, NULL),
	(523, 'DELETE_STATUS', 0, 'DELETE_STATUS.0', 'DELETE_STATUS', 1, NULL),
	(524, 'DELETE_STATUS', 1, 'DELETE_STATUS.1', 'DELETE_STATUS', 2, NULL),
	(525, 'statusBDT', 2, 'statusBDT.2', 'Status BDT', 3, NULL),
	(526, 'SUBSCRIPTION_STATUS', 1, 'subscriptionStatus.1', 'SUBSCRIPTION_STATUS', 1, NULL),
	(527, 'SUBSCRIPTION_STATUS', 2, 'subscriptionStatus.2', 'SUBSCRIPTION_STATUS', 2, NULL),
	(528, 'SUBSCRIPTION_STATUS', 3, 'subscriptionStatus.3', 'SUBSCRIPTION_STATUS', 4, NULL),
	(529, 'SUBSCRIPTION_STATUS', 4, 'subscriptionStatus.4', 'SUBSCRIPTION_STATUS', 3, NULL),
	(530, 'TRIP_TERMINATION_REASON', 1, 'reason.1', 'TRIP_TERMINATION_REASON', 1, NULL),
	(531, 'TRIP_TERMINATION_REASON', 2, 'reason.2', 'TRIP_TERMINATION_REASON', 2, NULL),
	(532, 'dateTimeFormat', 2, 'dateTimeFormat.2', 'MM/dd/yyyy hh:mm:ss a', 2, 'MM/dd/yyyy hh:mm:ss a'),
	(533, 'TransactionItemType', 1, 'transactionItemType.1', '', 1, NULL),
	(534, 'TransactionItemType', 2, 'transactionItemType.2', '', 2, NULL),
	(535, 'SUBSCRIPTION_STATUS', 5, 'subscriptionStatus.5', 'SUBSCRIPTION_STATUS', 5, NULL),
	(536, 'keyAssignmentStatus', 3, 'ksAssign.3', 'Key Status Assignment', 3, NULL),
	(537, 'keyAssignmentStatus', 4, 'ksAssign.4', 'Key Status Assignment', 4, NULL),
	(539, 'keyReplacementReason', 1, 'krr.1', 'Key Replacament Reason - Stolen', 1, 'Stolen'),
	(541, 'keyReplacementReason', 2, 'krr.2', 'Key Replacament Reason - Malfunction', 2, 'Malfunction'),
	(543, 'keyReplacementReason', 3, 'krr.3', 'Key Replacament Reason - Broken', 3, 'Broken'),
	(545, 'keyReplacementReason', 4, 'krr.4', 'Key Replacament Reason - Lost', 4, 'Lost'),
	(569, 'CustomerNotesCategory', 1, 'CustomerNotesCategory.1', 'Account Management', 1, '1'),
	(570, 'CustomerNotesCategory', 2, 'CustomerNotesCategory.2', 'Billing', 2, '2'),
	(571, 'CustomerNotesCategory', 3, 'CustomerNotesCategory.3', 'BK Incident', 3, '3'),
	(572, 'CustomerNotesCategory', 4, 'CustomerNotesCategory.4', 'Key', 4, '4'),
	(573, 'CustomerNotesCategory', 5, 'CustomerNotesCategory.5', 'STX Incident', 5, '5'),
	(574, 'CustomerNotesCategory', 6, 'CustomerNotesCategory.6', 'Web Site', 6, '6'),
	(575, 'CustomerNotesCategory', 7, 'CustomerNotesCategory.7', 'Other', 7, '7'),
	(576, 'CustomerNotesType', 1, 'CustomerNotesType.1', 'Complaint', 1, '1'),
	(577, 'CustomerNotesType', 2, 'CustomerNotesType.2', 'Complement', 2, '2'),
	(578, 'CustomerNotesType', 3, 'CustomerNotesType.3', 'Feedback', 3, '3'),
	(579, 'CustomerNotesType', 4, 'CustomerNotesType.4', 'Follow-Up', 4, '4'),
	(580, 'CustomerNotesType', 5, 'CustomerNotesType.5', 'Heads-Up', 5, '5'),
	(581, 'CustomerNotesType', 6, 'CustomerNotesType.6', 'Suggestion', 6, '6'),
	(582, 'CustomerNotesType', 7, 'CustomerNotesType.7', 'Other', 7, '7'),
	(585, 'ActivationReason', 1, 'ActivationReason.1', 'Key Activation Reason - First Activation', 1, '1'),
	(587, 'ActivationReason', 2, 'ActivationReason.2', 'Key Activation Reason - Payment received', 2, '2'),
	(589, 'ActivationReason', 3, 'ActivationReason.3', 'Key Activation Reason - Bike returned', 3, '3'),
	(591, 'ActivationReason', 4, 'ActivationReason.4', 'Key Activation Reason - Others', 4, '4'),
	(593, 'DeactivationReason', 1, 'DeactivationReason.1', 'Key Deactivation Reason - Payment not Received on time', 1, '1'),
	(595, 'DeactivationReason', 2, 'DeactivationReason.2', 'Key Deactivation Reason - Bike not returned', 2, '2'),
	(597, 'DeactivationReason', 3, 'DeactivationReason.3', 'Key Deactivation Reason - Others', 3, '3'),
	(598, 'SystemConfigCategory', 1, 'SystemConfigCategory.1', 'SBE', 1, '1'),
	(599, 'SystemConfigCategory', 2, 'SystemConfigCategory.2', 'Kiosk', 2, '2'),
	(600, 'SystemConfigSubCategory', 1, 'SystemConfigSubCategory.1', 'SBE', 1, '1'),
	(601, 'SystemConfigSubCategory', 2, 'SystemConfigSubCategory.2', 'Kiosk', 2, '2'),
	(602, 'SystemConfigSubCategory', 3, 'SystemConfigSubCategory.3', 'SCU', 3, '3'),
	(603, 'SystemConfigSubCategory', 4, 'SystemConfigSubCategory.4', 'SCM', 4, '4'),
	(604, 'SystemConfigSubCategory', 5, 'SystemConfigSubCategory.5', 'BDP', 5, '5'),
	(605, 'SystemConfigSubCategory', 6, 'SystemConfigSubCategory.6', 'GPSW', 6, '6'),
	(606, 'SystemConfigSubCategory', 7, 'SystemConfigSubCategory.7', 'General HW', 7, '7'),
	(607, 'SystemConfigSubCategory', 8, 'SystemConfigSubCategory.8', 'Kiosk Display', 8, '8'),
	(608, 'TransactionItemType', 3, 'transactionItemType.3', NULL, 3, NULL),
	(609, 'TransactionItemType', 4, 'transactionItemType.4', NULL, 4, NULL),
	(610, 'TransactionItemType', 5, 'transactionItemType.5', NULL, 5, NULL),
	(611, 'TransactionItemType', 6, 'transactionItemType.6', NULL, 6, NULL),
	(612, 'TransactionItemType', 7, 'transactionItemType.7', NULL, 7, NULL),
	(613, 'TransactionItemType', 8, 'transactionItemType.8', NULL, 8, NULL),
	(614, 'TransactionItemType', 9, 'transactionItemType.9', NULL, 9, NULL),
	(615, 'TransactionItemType', 10, 'transactionItemType.10', NULL, 10, NULL),
	(616, 'INVOICESTATUS', 4, 'invoicestatus.4', 'invoicestatus.4', 4, NULL),
	(617, 'INVOICESTATUS', 5, 'invoicestatus.5', 'invoicestatus.5', 5, NULL),
	(618, 'INVOICESTATUS', 6, 'invoicestatus.6', 'invoicestatus.6', 6, NULL);
/*!40000 ALTER TABLE `lookups` ENABLE KEYS */;


-- Dumping structure for table naesta_cleanup.nearbystation
DROP TABLE IF EXISTS `nearbystation`;
CREATE TABLE IF NOT EXISTS `nearbystation` (
  `id` int(10) NOT NULL AUTO_INCREMENT,
  `primarystationid` int(10) NOT NULL,
  `nearbystationid` int(10) NOT NULL,
  `distance` float DEFAULT NULL,
  PRIMARY KEY (`id`),
  KEY `primarstationid` (`primarystationid`),
  KEY `nearbystationid` (`nearbystationid`),
  CONSTRAINT `nearbystationid` FOREIGN KEY (`nearbystationid`) REFERENCES `station` (`id`) ON DELETE CASCADE ON UPDATE CASCADE,
  CONSTRAINT `primarstationid` FOREIGN KEY (`primarystationid`) REFERENCES `station` (`id`) ON DELETE CASCADE ON UPDATE CASCADE
) ENGINE=InnoDB AUTO_INCREMENT=382 DEFAULT CHARSET=latin1;

-- Dumping data for table naesta_cleanup.nearbystation: ~54 rows (approximately)
DELETE FROM `nearbystation`;
/*!40000 ALTER TABLE `nearbystation` DISABLE KEYS */;
INSERT INTO `nearbystation` (`id`, `primarystationid`, `nearbystationid`, `distance`) VALUES
	(313, 1375, 1395, 0.671294),
	(314, 1395, 1375, 0.671294),
	(315, 1405, 1403, 469.004),
	(317, 1405, 1407, 158.611),
	(318, 1407, 1403, 426.317),
	(320, 1407, 1405, 158.611),
	(327, 1405, 1404, 598.577),
	(329, 1407, 1404, 502.48),
	(330, 1405, 1408, 312.671),
	(332, 1407, 1408, 292.881),
	(333, 1408, 1403, 719.018),
	(334, 1408, 1404, 781.468),
	(335, 1408, 1405, 312.671),
	(337, 1408, 1407, 292.881),
	(338, 1405, 1411, 849.235),
	(340, 1407, 1411, 753.563),
	(341, 1408, 1411, 564.256),
	(342, 1411, 1403, 1120.77),
	(343, 1411, 1404, 1079.92),
	(344, 1411, 1405, 849.235),
	(346, 1411, 1407, 753.563),
	(347, 1411, 1408, 564.256),
	(348, 1403, 1404, 213.264),
	(349, 1403, 1405, 469.004),
	(351, 1403, 1407, 426.317),
	(352, 1403, 1408, 719.018),
	(353, 1403, 1411, 1120.77),
	(354, 1404, 1403, 213.264),
	(355, 1404, 1405, 598.577),
	(357, 1404, 1407, 502.48),
	(358, 1404, 1408, 781.468),
	(359, 1404, 1411, 1079.92),
	(360, 1403, 1406, 642.969),
	(361, 1404, 1406, 702.987),
	(362, 1405, 1406, 259.953),
	(363, 1406, 1403, 642.969),
	(364, 1406, 1404, 702.987),
	(365, 1406, 1405, 259.953),
	(366, 1406, 1407, 216.719),
	(367, 1406, 1408, 78.5338),
	(368, 1406, 1411, 592.729),
	(369, 1407, 1406, 216.719),
	(370, 1408, 1406, 78.5338),
	(371, 1411, 1406, 592.729),
	(372, 1375, 1396, 0),
	(373, 1375, 1402, 0),
	(374, 1395, 1396, 0.671294),
	(375, 1395, 1402, 0.671294),
	(376, 1396, 1375, 0),
	(377, 1396, 1395, 0.671294),
	(378, 1396, 1402, 0),
	(379, 1402, 1375, 0),
	(380, 1402, 1395, 0.671294),
	(381, 1402, 1396, 0);
/*!40000 ALTER TABLE `nearbystation` ENABLE KEYS */;


-- Dumping structure for table naesta_cleanup.payment_response_log
DROP TABLE IF EXISTS `payment_response_log`;
CREATE TABLE IF NOT EXISTS `payment_response_log` (
  `ID` int(11) unsigned NOT NULL AUTO_INCREMENT,
  `RESPONSE_MESSAGE` text,
  `CREDIT_CARD_ID` int(11) unsigned NOT NULL,
  `INVOICE_ID` int(11) unsigned NOT NULL,
  `CREATE_TIME` timestamp NOT NULL DEFAULT CURRENT_TIMESTAMP ON UPDATE CURRENT_TIMESTAMP,
  `success` tinyint(1) NOT NULL DEFAULT '0',
  PRIMARY KEY (`ID`),
  KEY `CREDIT_CARD_ID` (`CREDIT_CARD_ID`),
  KEY `INVOICE_ID` (`INVOICE_ID`),
  CONSTRAINT `paymnt_resp_log _ibfk_1` FOREIGN KEY (`CREDIT_CARD_ID`) REFERENCES `credit_card` (`ID`),
  CONSTRAINT `paymnt_resp_log _ibfk_2` FOREIGN KEY (`INVOICE_ID`) REFERENCES `invoice` (`ID`)
) ENGINE=InnoDB AUTO_INCREMENT=60 DEFAULT CHARSET=latin1;

-- Dumping data for table naesta_cleanup.payment_response_log: ~47 rows (approximately)
DELETE FROM `payment_response_log`;
/*!40000 ALTER TABLE `payment_response_log` DISABLE KEYS */;
INSERT INTO `payment_response_log` (`ID`, `RESPONSE_MESSAGE`, `CREDIT_CARD_ID`, `INVOICE_ID`, `CREATE_TIME`, `success`) VALUES
	(11, '1,1,1,This transaction has been approved.,3D37LV,Y,2183422858,,,95.00,CC,auth_capture,164,,,,,,,,,,,sfaubert@publicbikesystem.com,,,,,,,,,,,,,,159AF209A30608885BE28CE658451BC2,,2,,,,,,,,,,,XXXX5014,Visa,,,,,,,,,,,,,,,,', 1031, 1, '2013-02-01 16:18:17', 1),
	(12, '1,1,1,This transaction has been approved.,9QKZP5,Y,2183425411,,,95.00,CC,auth_capture,164,,,,,,,,,,,sfaubert@publicbikesystem.com,,,,,,,,,,,,,,1E227BF646A0995EC47F90205314B7B5,,2,,,,,,,,,,,XXXX5014,Visa,,,,,,,,,,,,,,,,', 1031, 3, '2013-02-01 16:18:17', 1),
	(13, '1,1,1,This transaction has been approved.,R1LEPW,Y,2183425672,,,0.50,CC,auth_capture,164,,,,,,,,,,,sfaubert@publicbikesystem.com,,,,,,,,,,,,,,1E0E74A4CB0C0A06E048A420EE699836,,2,,,,,,,,,,,XXXX5014,Visa,,,,,,,,,,,,,,,,', 1031, 2, '2013-02-01 16:18:17', 1),
	(14, '1,1,1,This transaction has been approved.,LS88FO,Y,2183432092,,,7.00,CC,auth_capture,164,,,,,,,,,,,sfaubert@publicbikesystem.com,,,,,,,,,,,,,,CD1F87418C450FE9A0D24006A4576B9C,,2,,,,,,,,,,,XXXX5014,Visa,,,,,,,,,,,,,,,,', 1031, 4, '2013-02-01 16:18:17', 1),
	(15, '1,1,1,This transaction has been approved.,2LI6ZU,Y,2183461045,,,3.00,CC,auth_capture,164,,,,,,,,,,,sfaubert@publicbikesystem.com,,,,,,,,,,,,,,1886FB5841CF054865FC8BF917D99BFD,,2,,,,,,,,,,,XXXX5014,Visa,,,,,,,,,,,,,,,,', 1031, 5, '2013-02-01 16:18:17', 1),
	(16, '1,1,1,This transaction has been approved.,8RTPJF,Y,2183461046,,,1.00,CC,auth_capture,164,,,,,,,,,,,sfaubert@publicbikesystem.com,,,,,,,,,,,,,,0B7B80E45CD7EED636D4176D85853C22,,2,,,,,,,,,,,XXXX5014,Visa,,,,,,,,,,,,,,,,', 1031, 6, '2013-02-01 16:18:17', 1),
	(17, '1,1,1,This transaction has been approved.,4D26RU,Y,2183461089,,,95.00,CC,auth_capture,164,,,,,,,,,,,sfaubert@publicbikesystem.com,,,,,,,,,,,,,,6F5880E2194E5802D6A7BDD270CB0E37,,2,,,,,,,,,,,XXXX5014,Visa,,,,,,,,,,,,,,,,', 1031, 7, '2013-02-01 16:18:17', 1),
	(18, '1,1,1,This transaction has been approved.,PWUVB1,Y,2183461587,,,95.00,CC,auth_capture,167,,,,,,,,,,,abc@xyz.com,,,,,,,,,,,,,,5F1965EFA28AA43BF55C8502813284FB,,2,,,,,,,,,,,XXXX1927,Visa,,,,,,,,,,,,,,,,', 1032, 8, '2013-02-01 16:18:17', 1),
	(19, '1,1,1,This transaction has been approved.,9C4C3A,Y,2183461775,,,95.00,CC,auth_capture,168,,,,,,,,,,,abc@xyz.com,,,,,,,,,,,,,,E6320F9C8C881BFC75907C96581AE449,,2,,,,,,,,,,,XXXX8442,Visa,,,,,,,,,,,,,,,,', 1033, 9, '2013-02-01 16:18:17', 1),
	(20, '1,1,1,This transaction has been approved.,U5CWSJ,Y,2183462052,,,25.00,CC,auth_capture,167,,,,,,,,,,,abc@xyz.com,,,,,,,,,,,,,,F678CB77082BFCB585121AF1E5E9C26E,,2,,,,,,,,,,,XXXX1927,Visa,,,,,,,,,,,,,,,,', 1032, 10, '2013-02-01 16:18:17', 1),
	(21, '1,1,1,This transaction has been approved.,M3QWAB,Y,2183462299,,,95.00,CC,auth_capture,168,,,,,,,,,,,abc@xyz.com,,,,,,,,,,,,,,9D61B72FCC711CD1CF2F0642D574F623,,2,,,,,,,,,,,XXXX8442,Visa,,,,,,,,,,,,,,,,', 1033, 11, '2013-02-01 16:18:17', 1),
	(22, '1,1,1,This transaction has been approved.,YJPILN,Y,2183462592,,,19.90,CC,auth_capture,,,,,,,,,,,,fea5f97f6d228349e09d93548a143c259d5d9c77ee8fb72417f1d15646faab3e@a.com,,,,,,,,,,,,,,C756A913714F20C80F10007D4E9CA802,,2,,,,,,,,,,,XXXX2718,MasterCard,,,,,,,,,,,,,,,,', 1038, 12, '2013-02-01 16:18:17', 1),
	(23, '1,1,1,This transaction has been approved.,HTK4M8,Y,2183462628,,,9.95,CC,auth_capture,,,,,,,,,,,,b46113b8e2f7963d805cdad34c80dab19d5d9c77ee8fb72417f1d15646faab3e@a.com,,,,,,,,,,,,,,72CB64223F6D35669DB97820F82C6B52,,2,,,,,,,,,,,XXXX6378,MasterCard,,,,,,,,,,,,,,,,', 1037, 13, '2013-02-01 16:18:17', 1),
	(24, '1,1,1,This transaction has been approved.,Q9JFHY,Y,2183462653,,,9.95,CC,auth_capture,,,,,,,,,,,,03825002a412e149c58e0debdec1a88b9d5d9c77ee8fb72417f1d15646faab3e@a.com,,,,,,,,,,,,,,109BECD5AD1C93B7E448287A145EF04D,,2,,,,,,,,,,,XXXX8442,Visa,,,,,,,,,,,,,,,,', 1036, 14, '2013-02-01 16:18:17', 1),
	(25, '1,1,1,This transaction has been approved.,VOPIE7,Y,2183462785,,,95.00,CC,auth_capture,177,,,,,,,,,,,abc@cdf.com,,,,,,,,,,,,,,05A19B75E14B96176A0167E7EF0A54D3,,2,,,,,,,,,,,XXXX3440,Visa,,,,,,,,,,,,,,,,', 1039, 15, '2013-02-01 16:18:17', 1),
	(26, '1,1,1,This transaction has been approved.,DZYTPC,Y,2183462863,,,9.95,CC,auth_capture,,,,,,,,,,,,500b6362aae7dd3da14eddd1a751e4609d5d9c77ee8fb72417f1d15646faab3e@a.com,,,,,,,,,,,,,,B6A258424651BD1206ACE45CB730C150,,2,,,,,,,,,,,XXXX9495,Visa,,,,,,,,,,,,,,,,', 1035, 16, '2013-02-01 16:18:17', 1),
	(27, '1,1,1,This transaction has been approved.,Z5ZYLI,Y,2183462922,,,9.95,CC,auth_capture,,,,,,,,,,,,0f68068e1db49d6b92f935cb2fb190649d5d9c77ee8fb72417f1d15646faab3e@a.com,,,,,,,,,,,,,,67D2C8CBD554787419BE0E60EE05FB11,,2,,,,,,,,,,,XXXX1927,Visa,,,,,,,,,,,,,,,,', 1034, 17, '2013-02-01 16:18:17', 1),
	(28, '1,1,1,This transaction has been approved.,SZE4OS,Y,2183463132,,,95.00,CC,auth_capture,179,,,,,,,,,,,abc@cdf.com,,,,,,,,,,,,,,FF154C98F2A7A38BC57C294B0121CA86,,2,,,,,,,,,,,XXXX6354,Visa,,,,,,,,,,,,,,,,', 1041, 19, '2013-02-01 16:18:17', 1),
	(29, '1,1,1,This transaction has been approved.,QRVOYV,Y,2183474617,,,9.95,CC,auth_capture,,,,,,,,,,,,47e57d9f07ead5286663cb901d4287709d5d9c77ee8fb72417f1d15646faab3e@a.com,,,,,,,,,,,,,,CA375E6AA4610A06899644BBE4BF69C6,,2,,,,,,,,,,,XXXX6354,Visa,,,,,,,,,,,,,,,,', 1043, 22, '2013-02-01 16:18:17', 1),
	(30, '1,1,1,This transaction has been approved.,X62OCG,Y,2183474706,,,9.00,CC,auth_capture,179,,,,,,,,,,,abc@cdf.com,,,,,,,,,,,,,,B36414EE32DE875909910A224D5D8322,,2,,,,,,,,,,,XXXX6354,Visa,,,,,,,,,,,,,,,,', 1041, 24, '2013-02-01 16:18:17', 1),
	(32, '1,1,1,This transaction has been approved.,GC6382,Y,2183479503,,,12.00,CC,auth_capture,,,,,,,,,,,,500b6362aae7dd3da14eddd1a751e4609d5d9c77ee8fb72417f1d15646faab3e@a.com,,,,,,,,,,,,,,63BA56BCCDC92F16DA2D12DC6AA2E48F,,2,,,,,,,,,,,XXXX9495,Visa,,,,,,,,,,,,,,,,', 1035, 25, '2013-02-01 16:18:17', 1),
	(34, '1,1,1,This transaction has been approved.,VC87E8,Y,2183513451,,,4.00,CC,auth_capture,,,,,,,,,,,,47e57d9f07ead5286663cb901d4287709d5d9c77ee8fb72417f1d15646faab3e@a.com,,,,,,,,,,,,,,CA4EAD5AE6C7231B72E462086EE30C86,,2,,,,,,,,,,,XXXX6354,Visa,,,,,,,,,,,,,,,,', 1043, 30, '2013-02-02 11:33:19', 1),
	(35, '1,1,1,This transaction has been approved.,RXIJWX,Y,2183513580,,,19.90,CC,auth_capture,,,,,,,,,,,,27b46f16ac2992d6ac897c078226c7a39d5d9c77ee8fb72417f1d15646faab3e@a.com,,,,,,,,,,,,,,BB6A759151D87FFBEBF98081E759114E,,2,,,,,,,,,,,XXXX3440,Visa,,,,,,,,,,,,,,,,', 1040, 20, '2013-02-02 12:13:39', 1),
	(36, '1,1,1,This transaction has been approved.,XIMTIF,Y,2183513648,,,18.00,CC,auth_capture,179,,,,,,,,,,,abc@cdf.com,,,,,,,,,,,,,,F1A71D688641508D55E3069E098485B3,,2,,,,,,,,,,,XXXX6354,Visa,,,,,,,,,,,,,,,,', 1041, 31, '2013-02-02 12:22:58', 1),
	(37, '1,1,1,This transaction has been approved.,SBNHAG,Y,2183513666,,,9.00,CC,auth_capture,177,,,,,,,,,,,abc@cdf.com,,,,,,,,,,,,,,E2B8D22239F572849564768915DC1D79,,2,,,,,,,,,,,XXXX3440,Visa,,,,,,,,,,,,,,,,', 1039, 32, '2013-02-02 12:25:13', 1),
	(38, '1,1,1,This transaction has been approved.,N2MQSR,Y,2183517026,,,95.00,CC,auth_capture,186,,,,,,,,,,,abcd@abcd.com,,,,,,,,,,,,,,FE53A945C7EFF7AB383C4EE86744E91D,,2,,,,,,,,,,,XXXX6354,Visa,,,,,,,,,,,,,,,,', 1048, 34, '2013-02-02 15:35:19', 1),
	(39, '1,1,1,This transaction has been approved.,EHUBRO,Y,2183517128,,,95.00,CC,auth_capture,190,,,,,,,,,,,abcd@abcd.com,,,,,,,,,,,,,,4DA31889BF1814A41525134EA9821343,,2,,,,,,,,,,,XXXX6354,Visa,,,,,,,,,,,,,,,,', 1052, 38, '2013-02-02 16:03:33', 1),
	(40, '1,1,1,This transaction has been approved.,XRYRF0,Y,2183616208,,,12.00,CC,auth_capture,167,,,,,,,,,,,abc@xyz.com,,,,,,,,,,,,,,CDE3799ADC212BCEC21EE6B611E17E9E,,2,,,,,,,,,,,XXXX1927,Visa,,,,,,,,,,,,,,,,', 1032, 27, '2013-02-04 15:23:27', 1),
	(41, '1,1,1,This transaction has been approved.,G7U5Y2,Y,2183616209,,,19.90,CC,auth_capture,,,,,,,,,,,,b46113b8e2f7963d805cdad34c80dab19d5d9c77ee8fb72417f1d15646faab3e@a.com,,,,,,,,,,,,,,6DACEFE402E9694282413D23B0F52832,,2,,,,,,,,,,,XXXX6378,MasterCard,,,,,,,,,,,,,,,,', 1037, 40, '2013-02-04 15:23:28', 1),
	(42, '1,1,1,This transaction has been approved.,LUX8P7,Y,2183616211,,,9.95,CC,auth_capture,,,,,,,,,,,,fea5f97f6d228349e09d93548a143c259d5d9c77ee8fb72417f1d15646faab3e@a.com,,,,,,,,,,,,,,DD272EBFF036AF95FEEDFC63D3494EF1,,2,,,,,,,,,,,XXXX2718,MasterCard,,,,,,,,,,,,,,,,', 1038, 41, '2013-02-04 15:23:29', 1),
	(43, '1,1,1,This transaction has been approved.,Z7N3XZ,Y,2183616212,,,22.95,CC,auth_capture,,,,,,,,,,,,27b46f16ac2992d6ac897c078226c7a39d5d9c77ee8fb72417f1d15646faab3e@a.com,,,,,,,,,,,,,,6F21DC5AB19F6EFC1521C868257322FB,,2,,,,,,,,,,,XXXX3440,Visa,,,,,,,,,,,,,,,,', 1040, 42, '2013-02-04 15:23:29', 1),
	(44, '1,1,1,This transaction has been approved.,PWW584,Y,2183616213,,,106.95,CC,auth_capture,,,,,,,,,,,,30a783ecfa5106e78b8f31967615c532@a.com,,,,,,,,,,,,,,531F75C93A1CAAB37A94F6BEB1C8C5DA,,2,,,,,,,,,,,XXXX2005,American Express,,,,,,,,,,,,,,,,', 1042, 43, '2013-02-04 15:23:30', 1),
	(45, '1,1,1,This transaction has been approved.,DXFPLL,Y,2183616214,,,9.95,CC,auth_capture,,,,,,,,,,,,d6773f3ceb877465197a537fc7234fdf9d5d9c77ee8fb72417f1d15646faab3e@a.com,,,,,,,,,,,,,,D3420C12F71A2904BB0C956B71B6B096,,2,,,,,,,,,,,XXXX7150,Visa,,,,,,,,,,,,,,,,', 1044, 44, '2013-02-04 15:23:31', 1),
	(46, '1,1,1,This transaction has been approved.,S65G1S,Y,2183616215,,,19.90,CC,auth_capture,,,,,,,,,,,,6492b243bfecc68ecf049d0ace5cb9bb9d5d9c77ee8fb72417f1d15646faab3e@a.com,,,,,,,,,,,,,,AB1A7DBD778E2AA69EB7D81BD68780A9,,2,,,,,,,,,,,XXXX9498,MasterCard,,,,,,,,,,,,,,,,', 1046, 45, '2013-02-04 15:23:31', 1),
	(47, '1,1,1,This transaction has been approved.,MBGEOI,Y,2183619522,,,4.00,CC,auth_capture,164,,,,,,,,,,,sfaubert@publicbikesystem.com,,,,,,,,,,,,,,07786823D4D2BC23952D005377C7FA2C,,2,,,,,,,,,,,XXXX5014,Visa,,,,,,,,,,,,,,,,', 1031, 46, '2013-02-04 17:10:48', 1),
	(48, '1,1,1,This transaction has been approved.,,P,2183619727,,,5.00,CC,credit,164,,,,,,,,,,,sfaubert@publicbikesystem.com,,,,,,,,,,,,,,880386185FC3D0ADA03BE3301318BD62,,,,,,,,,,,,,XXXX5014,Visa,,,,,,,,,,,,,,,,', 1031, 21, '2013-02-04 17:19:23', 1),
	(49, '1,1,1,This transaction has been approved.,,P,2183619737,,,5.34,CC,credit,164,,,,,,,,,,,sfaubert@publicbikesystem.com,,,,,,,,,,,,,,E346D4A7C7786B648516A8AB4B063C57,,,,,,,,,,,,,XXXX5014,Visa,,,,,,,,,,,,,,,,', 1031, 21, '2013-02-04 17:19:48', 1),
	(50, '1,1,1,This transaction has been approved.,PBBUNH,Y,2184723033,,,101.00,CC,auth_only,,,,,,,,,,,,fea5f97f6d228349e09d93548a143c259d5d9c77ee8fb72417f1d15646faab3e@a.com,,,,,,,,,,,,,,5A542A1A09A9862179CFF7549D36B06B,,2,,,,,,,,,,,XXXX2718,MasterCard,,,,,,,,,,,,,,,,', 1038, 47, '2013-02-20 10:29:03', 1),
	(51, '1,1,1,This transaction has been approved.,MQ9ZO8,Y,2184784516,,,101.00,CC,auth_only,,,,,,,,,,,,b46113b8e2f7963d805cdad34c80dab19d5d9c77ee8fb72417f1d15646faab3e@a.com,,,,,,,,,,,,,,DD31CEC1FA82D67BAFE8CECDF93AB2F6,,2,,,,,,,,,,,XXXX6378,MasterCard,,,,,,,,,,,,,,,,', 1037, 48, '2013-02-21 09:29:20', 1),
	(52, '1,1,1,This transaction has been approved.,WU5VWM,Y,2184785639,,,202.00,CC,auth_only,,,,,,,,,,,,b46113b8e2f7963d805cdad34c80dab19d5d9c77ee8fb72417f1d15646faab3e@a.com,,,,,,,,,,,,,,97C560492251617B83A1C11E25C3DFAF,,2,,,,,,,,,,,XXXX6378,MasterCard,,,,,,,,,,,,,,,,', 1037, 49, '2013-02-21 09:43:12', 1),
	(53, '1,1,1,This transaction has been approved.,U5NRQL,Y,2184789726,,,95.00,CC,auth_capture,186,,,,The la sao 56,new York rat tien,362,12345,103,,,abcd@abcd.com,,,,,,,,,,,,,,332C3E425D71A6EB89DDB417DFCC5110,,2,,,,,,,,,,,XXXX2718,MasterCard,,,,,,,,,,,,,,,,', 1048, 50, '2013-02-21 10:48:44', 1),
	(54, '1,1,1,This transaction has been approved.,RPX62K,Y,2184793912,,,9.95,CC,auth_capture,164,,,,,,,,,,,sfaubert@publicbikesystem.com,,,,,,,,,,,,,,B19B936BEB53FC201FC58D66D7D4BD80,,2,,,,,,,,,,,XXXX5014,Visa,,,,,,,,,,,,,,,,', 1031, 51, '2013-02-21 11:29:33', 1),
	(55, '1,1,1,This transaction has been approved.,HBJQVW,Y,2184800115,,,101.00,CC,auth_only,,,,,,,,,,,,0f68068e1db49d6b92f935cb2fb190649d5d9c77ee8fb72417f1d15646faab3e@a.com,,,,,,,,,,,,,,DC6CF8AC8331AE083655DA21DC8C5CF3,,2,,,,,,,,,,,XXXX1927,Visa,,,,,,,,,,,,,,,,', 1034, 52, '2013-02-21 12:51:20', 1),
	(56, '1,1,1,This transaction has been approved.,DZJ76W,Y,2184804385,,,101.00,CC,auth_only,,,,,,,,,,,,47e57d9f07ead5286663cb901d4287709d5d9c77ee8fb72417f1d15646faab3e@a.com,,,,,,,,,,,,,,C0BAA867F17E730AC38B0CD9CCBF983E,,2,,,,,,,,,,,XXXX6354,Visa,,,,,,,,,,,,,,,,', 1043, 53, '2013-02-21 14:08:49', 1),
	(57, '3,2,16,The transaction cannot be found.,,P,0,,,0.00,CC,void,,,,,,,,,,,,,,,,,,,,,,,,,,AE4C081353F4645BD4146630F1A8F271,,,,,,,,,,,,,,MasterCard,,,,,,,,,,,,,,,,', 1038, 47, '2013-03-12 14:36:48', 0),
	(58, '1,1,1,This transaction has been approved.,EU9DXF,Y,2185832022,,,202.00,CC,auth_only,,,,,,,,,,,,fea5f97f6d228349e09d93548a143c259d5d9c77ee8fb72417f1d15646faab3e@a.com,,,,,,,,,,,,,,7F798EC4F5B370E33C4B7000CA0354A2,,2,,,,,,,,,,,XXXX2718,MasterCard,,,,,,,,,,,,,,,,', 1038, 54, '2013-03-12 14:36:49', 1),
	(59, '3,2,16,The transaction cannot be found.,,P,0,,,0.00,CC,void,,,,,,,,,,,,,,,,,,,,,,,,,,AE4C081353F4645BD4146630F1A8F271,,,,,,,,,,,,,,MasterCard,,,,,,,,,,,,,,,,', 1038, 47, '2013-03-12 15:17:59', 0);
/*!40000 ALTER TABLE `payment_response_log` ENABLE KEYS */;


-- Dumping structure for table naesta_cleanup.pcp
DROP TABLE IF EXISTS `pcp`;
CREATE TABLE IF NOT EXISTS `pcp` (
  `id` int(10) NOT NULL AUTO_INCREMENT,
  `uaid` varchar(45) NOT NULL,
  `msnemb` varchar(100) DEFAULT NULL,
  `msnbc` varchar(100) DEFAULT NULL,
  `obcn` varchar(100) DEFAULT NULL,
  `registeredon` timestamp NULL DEFAULT NULL,
  `kiosk_id` int(10) DEFAULT NULL,
  `status_pcp_operative` int(1) DEFAULT NULL,
  `status_pcp_enabled` varchar(1) DEFAULT NULL,
  PRIMARY KEY (`id`),
  UNIQUE KEY `uaid_UNIQUE` (`uaid`),
  UNIQUE KEY `msnbc` (`msnbc`),
  UNIQUE KEY `msnemb` (`msnemb`),
  UNIQUE KEY `obcn` (`obcn`)
) ENGINE=InnoDB DEFAULT CHARSET=latin1;

-- Dumping data for table naesta_cleanup.pcp: ~0 rows (approximately)
DELETE FROM `pcp`;
/*!40000 ALTER TABLE `pcp` DISABLE KEYS */;
/*!40000 ALTER TABLE `pcp` ENABLE KEYS */;


-- Dumping structure for table naesta_cleanup.pdm
DROP TABLE IF EXISTS `pdm`;
CREATE TABLE IF NOT EXISTS `pdm` (
  `id` int(10) NOT NULL AUTO_INCREMENT,
  `uaid` varchar(45) NOT NULL,
  `msnbc` varchar(100) DEFAULT NULL,
  `msnemb` varchar(100) DEFAULT NULL,
  `obcn` varchar(100) DEFAULT NULL,
  `registeredon` timestamp NULL DEFAULT NULL,
  `kiosk_id` int(10) DEFAULT NULL,
  `status_pdm_operative` int(1) DEFAULT NULL,
  `status_pdm_enabled` varchar(1) DEFAULT NULL,
  PRIMARY KEY (`id`),
  UNIQUE KEY `uaid_UNIQUE` (`uaid`),
  UNIQUE KEY `msnemb` (`msnemb`),
  UNIQUE KEY `obcn` (`obcn`)
) ENGINE=InnoDB DEFAULT CHARSET=latin1;

-- Dumping data for table naesta_cleanup.pdm: ~0 rows (approximately)
DELETE FROM `pdm`;
/*!40000 ALTER TABLE `pdm` DISABLE KEYS */;
/*!40000 ALTER TABLE `pdm` ENABLE KEYS */;


-- Dumping structure for procedure naesta_cleanup.populateBikeProc
DROP PROCEDURE IF EXISTS `populateBikeProc`;
DELIMITER //
CREATE DEFINER=`root`@`localhost` PROCEDURE `populateBikeProc`( NK INT , NperK INT)
BEGIN
         DECLARE x  INT;
         DECLARE y  INT;
         DECLARE z  INT;
         DECLARE b  INT;

         SET x = 1; /* kios index */
         SET z = 1; /* dockingpoint index */
         SET b = 1; /* bike index */

         WHILE x  <= NK DO
          SET y = 1;
          WHILE y <= NperK DO
          
            IF ( y <= @NBIKEPERSTATION ) THEN
              INSERT INTO `bike` (`id`, `uaid`, `publictag`, `dpid`, `msnbc`, `last_dp_update`, `customer`, `technician`, `statusBKOperative`, `msnemb`, `obcn`, `registeredOn`, `activatedOn`, `statusBKDepl`, `statusBKUbi`, `bktype`, `isdeleted`, `is_missing`)
              VALUES ( b , concat('bike',b) , '', z , concat('msnbc-bike' , b) , NULL, NULL, NULL, 10, concat('msnemb-bike',b), concat('obcn-bike',b), '2012-09-24 17:03:16', NULL, 8, 0, NULL, 0, 0);                 
              SET b = b + 1 ;
            END IF;
          
            SET z = z + 1;
            SET y = y + 1;
          END WHILE;
                
          SET  x = x + 1;
        END WHILE;
       END//
DELIMITER ;


-- Dumping structure for procedure naesta_cleanup.populateBikeTriangleProc
DROP PROCEDURE IF EXISTS `populateBikeTriangleProc`;
DELIMITER //
CREATE DEFINER=`root`@`localhost` PROCEDURE `populateBikeTriangleProc`( NK INT , NperK INT)
BEGIN
               DECLARE x  INT;
               DECLARE y  INT;
               DECLARE z  INT;
               DECLARE b  INT;

               SET x = 1; /* kios index */
               SET z = 1; /* dockingpoint index */
               SET b = 1; /* bike id */
               WHILE x  <= NK DO
               
                SET y = 1;
                WHILE y <= NperK DO
              IF ( y <= @NBIKEPERSTATION ) THEN
              INSERT INTO `biketriangle` (`id`, `uaid`, `msnbc`, `msnemb`, `obcn`, `registeredOn`, `activatedOn`, `statusBKTOperative`, `bikeid`, `enabled`, `isdeleted`) VALUES
              (b, concat('triangle',b), concat('msnbc-tri',b) , concat('msnemb-tri',b) , concat('obcn-tri',b), '2012-09-24 17:02:15', NULL, 1, b , '1', 0);
              SET b = b + 1 ;
              END IF;
                    SET z = z + 1;
                  SET y = y + 1;
                END WHILE;
                
            SET  x = x + 1;
               END WHILE;
       END//
DELIMITER ;


-- Dumping structure for procedure naesta_cleanup.populateCPProc
DROP PROCEDURE IF EXISTS `populateCPProc`;
DELIMITER //
CREATE DEFINER=`root`@`localhost` PROCEDURE `populateCPProc`(N INT)
BEGIN
               DECLARE x  INT;
               SET x = 1;
               WHILE x  <= N DO
            INSERT INTO `customerproduct` (`id`, `amountRefunded`, `autoRenew`, `billingId`, `closureDate`, `endTime`, `holdAmount`, `reason`, `reminder`, `startTime`, `status`, `customerId`, `productId`, `suspendedBy`, `noOfBikes`, `purchaseDate`)
            VALUES (x, NULL, 'N', x, '2013-10-10 14:55:29', '2013-10-10 14:55:29', 0, NULL, NULL, '2012-10-10 14:55:29', 1, x, 178, NULL, 1, '2012-10-10 14:34:34');
                   SET  x = x + 1;
               END WHILE;
       END//
DELIMITER ;


-- Dumping structure for procedure naesta_cleanup.populateCSTProc
DROP PROCEDURE IF EXISTS `populateCSTProc`;
DELIMITER //
CREATE DEFINER=`root`@`localhost` PROCEDURE `populateCSTProc`(N INT)
BEGIN
               DECLARE x  INT;
               SET x = 1;
               WHILE x  <= N DO
            INSERT INTO `cst` (`id`, `uaid`, `msnbc`, `msnemb`, `obcn`, `registeredOn`, `dpid`, `statusCSTOperative`, `statusCSTEnabled`, `isdeleted`)
            VALUES (x, concat('cst',x), concat('msnbc-cst',x), concat('msnemb-cst',x), concat('obcn-cst',x), '2012-10-10 10:25:16', x, 1, '1', 0);
              SET  x = x + 1;
               END WHILE;
       END//
DELIMITER ;


-- Dumping structure for procedure naesta_cleanup.populateCustomerDetailProc
DROP PROCEDURE IF EXISTS `populateCustomerDetailProc`;
DELIMITER //
CREATE DEFINER=`root`@`localhost` PROCEDURE `populateCustomerDetailProc`(N INT)
BEGIN
               DECLARE x  INT;
               SET x = 1;
               WHILE x  <= N DO         
            INSERT INTO `customerdetail` (`id`, `address1`, `address2`, `address3`, `city`, `state`, `country`, `primarycutomerid`, `gender`, `language`, `birthdate`, `phone1`, `phone2`, `firstname`, `middlename`, `lastname`, `email`, `zipcode`, `relationwithprimarycustomer`, `customerid`, `phonenumbertype`, `alternatephonenumbertype`, `billing_address`, `billing_city`, `billing_zipcode`, `billing_state`, `billing_country`) VALUES
            (x, 'testaddress1', 'testaddress2', 'testaddress3', 'testcity', 362, 92, NULL, 0, 1, '1979-10-10', 5147892494, 5551000001, CONCAT('fname',x), NULL, CONCAT('lname',x), 'test@email.com', '90210', NULL, x, 2, 1, 'billing-add', 'billing-city', '90210', 362, 92);
            SET  x = x + 1;
               END WHILE;
       END//
DELIMITER ;


-- Dumping structure for procedure naesta_cleanup.populateCustomerProc
DROP PROCEDURE IF EXISTS `populateCustomerProc`;
DELIMITER //
CREATE DEFINER=`root`@`localhost` PROCEDURE `populateCustomerProc`(N INT)
BEGIN
               DECLARE x  INT;
               SET x = 1;
               WHILE x  <= N DO
                  INSERT INTO `customer` (`id`, `username`, `password`, `enabled`, `usertype`, `customerDetail_customerid`, `createdOn`, `security_question_id`, `answer`, `billing_customer_id`, `displayId`, `planId`, `uaid`, `credit_card_id`, `passwordExpireTime`)
                  VALUES ( x , CONCAT('customer' , x), '3a494a7773d1b99a977a97ed57b4dd96', 1, 'Subscriber', x , '2012-10-10 14:34:34', 3, 'patriots', '34188442', concat('displayid' , x ), NULL, NULL, 3, '2022-02-20 19:35:47');
                  INSERT INTO `customergroup` (`groupid`, `customerid`)
                  VALUES ( 4, x);
                  INSERT INTO `invoice` (`id`, `create_time`, `customer_id`, `total_cost`, `total_tax1`, `total_tax2`, `invoice_total`, `payment_attempts`, `is_process_payment`, `deleted`, `status`)
                  VALUES (x, '2013-01-01 15:36:33', x, 95, 0, 0, 95, 1, 1, 0, 1);
                  INSERT INTO `payment_response_log` (`id`, `response_message`, `credit_card_id`, `invoice_id`, `create_time`, `success`)
                  VALUES (x, '1,1,1,This transaction has been approved.,3D37LV,Y,2183422858,,,95.00,CC,auth_capture,164,,,,,,,,,,,sfaubert@publicbikesystem.com,,,,,,,,,,,,,,159AF209A30608885BE28CE658451BC2,,2,,,,,,,,,,,XXXX5014,Visa,,,,,,,,,,,,,,,,', 3, x, '2013-01-01 15:36:33', 1);
                  SET  x = x + 1;
               END WHILE;
       END//
DELIMITER ;


-- Dumping structure for procedure naesta_cleanup.populateDockingpointProc
DROP PROCEDURE IF EXISTS `populateDockingpointProc`;
DELIMITER //
CREATE DEFINER=`root`@`localhost` PROCEDURE `populateDockingpointProc`( NK INT , NperK INT)
BEGIN
               DECLARE x  INT;
               DECLARE y  INT;
               DECLARE z  INT;

               SET x = 1; /* kios index */
               SET z = 1; /* dockingpoint index */
               WHILE x  <= NK DO
               
                SET y = 1;
                WHILE y <= NperK DO

              INSERT INTO `dockingpoint` (`id`, `stationid`, `uaid`, `previousstation`, `statusBDT`, `msnbc`, `msnemb`, `obcn`, `registeredOn`, `kskid`, `onKSKBus`, `atBusPosition`, `statusBDPConnection`, `lastactivity`, `istoservice`, `defectiveBKPressed`, `holdDefectiveBK`, `isDeleted`, `isLocked`, `isReboot`) VALUES
              (z, x, concat('dp',z), NULL, 1, concat("msnbc-dp",z), concat("msnemb-dp",z), '', '2012-09-24 16:02:47', x , NULL, NULL, 0, NULL, NULL, NULL, NULL, 0, 0, 0);
                
                  SET z = z + 1;
                  SET y = y + 1;
                END WHILE;
                
            SET  x = x + 1;
               END WHILE;
       END//
DELIMITER ;


-- Dumping structure for procedure naesta_cleanup.populateGPSWirelessProc
DROP PROCEDURE IF EXISTS `populateGPSWirelessProc`;
DELIMITER //
CREATE DEFINER=`root`@`localhost` PROCEDURE `populateGPSWirelessProc`( NK INT , NperK INT)
BEGIN
               DECLARE x  INT;
               DECLARE y  INT;
               DECLARE z  INT;
               DECLARE b  INT;

               SET x = 1; /* kios index */
               SET z = 1; /* dockingpoint index */
               set b = 1; /* bike id */
               WHILE x  <= NK DO
               
                SET y = 1;
                WHILE y <= NperK DO
            IF ( y <= @NBIKEPERSTATION ) THEN
            INSERT INTO `gpswireless` (`id`, `uaid`, `msnbc`, `msnemb`, `obcn`, `macAddress`, `registeredOn`, `statusGPSWOperative`, `statusGPSWEnabled`, `bikeid`, `isdeleted`) VALUES
            (b, concat('g',b), concat('msnbc-gps',b), NULL, NULL, concat('mac-gps',b), NULL, 1, '1', b, 0);
                 SET b = b + 1 ;
            END IF;
                SET z = z + 1;
                  SET y = y + 1;
                END WHILE;
                
            SET  x = x + 1;
               END WHILE;
       END//
DELIMITER ;


-- Dumping structure for procedure naesta_cleanup.populateKeyInventoryProc
DROP PROCEDURE IF EXISTS `populateKeyInventoryProc`;
DELIMITER //
CREATE DEFINER=`root`@`localhost` PROCEDURE `populateKeyInventoryProc`(N INT)
BEGIN
  DECLARE x  INT;
  INSERT INTO `key_shipment_batch` (`Id`, `Batch`, `CreatedBy`, `NoOfKeys`, `DateCreatedOn`, `Status` )
  VALUES (1, 1, 1, N, '2012-09-19 17:47:33', 1);
  SET x = 1;
    WHILE x  <= N DO
      INSERT INTO `keyinventory` (`id`, `createdBy`, `DateCreatedOn`, `Uaid`, `Msn_bc`, `Batch_id`, `date_key_assigned`, `date_key_activated`, `satus_key_assignment`, `satus_key_activation`, `satus_key_functional`, `satus_key_location`, `Technician_id`, `Msn_emb`, `Subscriber_id`, `date_key_encrypted`, `registeredOn`, `isDeleted`)
      VALUES (x, 1, '2012-09-24 17:11:26', concat('k',x), concat('msnbc-key',x), 1, '2012-09-24 19:01:19', '2012-09-13 12:25:31', 2, 1, 1, 1, NULL , concat('msnemb-key',x), x , '2012-09-24 17:11:26', '2012-09-24 17:11:26', 0);    
      SET  x = x + 1;
    END WHILE;
  END//
DELIMITER ;


-- Dumping structure for procedure naesta_cleanup.populateKioskProc
DROP PROCEDURE IF EXISTS `populateKioskProc`;
DELIMITER //
CREATE DEFINER=`root`@`localhost` PROCEDURE `populateKioskProc`(N INT)
BEGIN
               DECLARE x  INT;
               SET x = 1;
               WHILE x  <= N DO
          INSERT INTO `kiosk` (`id`, `stationid`, `msnbc`, `msnemb`, `obcn`, `registeredon`, `uaid`, `status_enabled`, `isDeleted`, `isReboot`, `kioskRemoteAccess`) VALUES
            ( x , x, CONCAT("msnbc-kiosk", x ), CONCAT("msnemb-kiosk",x) , NULL, '2012-09-24 17:18:36', concat('kiosk',x), 1, 0, 0, 0);
                   SET  x = x + 1;
               END WHILE;
       END//
DELIMITER ;


-- Dumping structure for procedure naesta_cleanup.populateNearbystationProc
DROP PROCEDURE IF EXISTS `populateNearbystationProc`;
DELIMITER //
CREATE DEFINER=`root`@`localhost` PROCEDURE `populateNearbystationProc`(N INT)
BEGIN
               DECLARE x  INT;
               SET x = 1;
               WHILE x  <= N DO

                INSERT INTO `nearbystation` (`id`, `primarystationid`, `nearbystationid`, `distance`)
                VALUES ( x ,x, N+1-x, 100);
                SET  x = x + 1;
               END WHILE;
       END//
DELIMITER ;


-- Dumping structure for procedure naesta_cleanup.populateSCUProc
DROP PROCEDURE IF EXISTS `populateSCUProc`;
DELIMITER //
CREATE DEFINER=`root`@`localhost` PROCEDURE `populateSCUProc`(N INT)
BEGIN
               DECLARE x  INT;
               SET x = 1;
               WHILE x  <= N DO
            INSERT INTO `scu` (`id`, `uaid`, `msnbc`, `msnemb`, `obcn`, `macadress`, `registeredon`, `kiosk_id`, `status_operative`, `status_enable`) VALUES
            (x, concat('scu',x), concat('msnbc-scu',x), concat('msnemb-scu',x), concat('obcn-scu' ,x ) , concat('macadress-scu',x) , '2012-09-25 09:25:44', x , 1, '1');                   
            SET  x = x + 1;
               END WHILE;
       END//
DELIMITER ;


-- Dumping structure for procedure naesta_cleanup.populateStationProc
DROP PROCEDURE IF EXISTS `populateStationProc`;
DELIMITER //
CREATE DEFINER=`root`@`localhost` PROCEDURE `populateStationProc`(N INT)
BEGIN
               DECLARE x  INT;
               SET x = 1;
               WHILE x  <= N DO
          
                INSERT INTO `station` (`id`, `name`, `location`, `latitude`, `longitude`, `status`, `dpcapacity`, `createdby`, `lastModifiedBy`, `uaid`, `isSponsored`, `sponsorId`, `landmark`, `stAddress1`, `stAddress2`, `city`, `postalCode`, `streetIntersection`, `dateCreated`, `dateLastModified`, `promotionalText`, `nearbyInterest`, `altitude`, `teststation`, `isdeleted`, `isReboot`, `isRebootSW`)
                VALUES ( x , concat( 'Station' , x ) , '', 40.755467, -73.986536, 1, 32, 'superuser', 'superuser', concat('station',x), NULL, NULL, '', 'Montreal', '', '', '', '', '2012-09-24 17:18:53', '2012-10-10 12:15:22', '', NULL, '', 0, 0, 0, 0);                   
                SET  x = x + 1;
               END WHILE;
       END//
DELIMITER ;


-- Dumping structure for procedure naesta_cleanup.populateUserProc
DROP PROCEDURE IF EXISTS `populateUserProc`;
DELIMITER //
CREATE DEFINER=`root`@`localhost` PROCEDURE `populateUserProc`(N INT)
BEGIN
        DECLARE x  INT;
        SET x = 1;
        WHILE x  <= N DO
            INSERT INTO `user` (`id`, `username`, `password`, `enabled`, `usertype`, `firstname`, `middlename`, `lastname`, `email`, `address`, `phone`, `language`, `security_question_id`, `answer`, `status`, `uaid`, `passwordexpiretime`)
            VALUES (x, concat('user',x), concat('3a494a7773d1b99a977a97ed57b4dd96'), 1, 5, concat('firstname',x), concat('middlename',x), concat('lastname',x), 'soapui@publicbikesystem.com', ' 12345 test address', '5145145415', 'en', 1, 'answer', 'Active', concat('000',x), '2022-02-20 19:35:47');
            SET  x = x + 1;
        END WHILE;
    END//
DELIMITER ;


-- Dumping structure for table naesta_cleanup.printer
DROP TABLE IF EXISTS `printer`;
CREATE TABLE IF NOT EXISTS `printer` (
  `id` int(10) NOT NULL AUTO_INCREMENT,
  `uaid` varchar(45) NOT NULL,
  `msnbc` varchar(100) DEFAULT NULL,
  `msnemb` varchar(100) DEFAULT NULL,
  `obcn` varchar(100) DEFAULT NULL,
  `registeredon` timestamp NULL DEFAULT NULL,
  `kiosk_id` int(10) DEFAULT NULL,
  `status_operative` int(1) DEFAULT NULL,
  `status_enabled` varchar(1) DEFAULT NULL,
  PRIMARY KEY (`id`),
  UNIQUE KEY `uaid_UNIQUE` (`uaid`),
  UNIQUE KEY `msnbc` (`msnbc`),
  UNIQUE KEY `msnemb` (`msnemb`),
  UNIQUE KEY `obcn` (`obcn`)
) ENGINE=InnoDB DEFAULT CHARSET=latin1;

-- Dumping data for table naesta_cleanup.printer: ~0 rows (approximately)
DELETE FROM `printer`;
/*!40000 ALTER TABLE `printer` DISABLE KEYS */;
/*!40000 ALTER TABLE `printer` ENABLE KEYS */;


-- Dumping structure for table naesta_cleanup.product
DROP TABLE IF EXISTS `product`;
CREATE TABLE IF NOT EXISTS `product` (
  `id` int(10) NOT NULL AUTO_INCREMENT,
  `displayProductId` varchar(7) DEFAULT NULL,
  `productType` int(10) DEFAULT NULL,
  `productName` varchar(250) DEFAULT NULL,
  `periodicity` int(10) DEFAULT NULL,
  `applicableSystem` varchar(10) DEFAULT NULL,
  `usedbySubD` char(1) DEFAULT NULL,
  `createdOn` date DEFAULT NULL,
  `createdBy` int(10) DEFAULT NULL,
  `activeSince` date DEFAULT NULL,
  `fixedCost` double NOT NULL,
  `ratePlanId` int(10) DEFAULT NULL,
  `activeTill` date DEFAULT NULL,
  `reason` varchar(250) DEFAULT NULL,
  `modifiedTo` int(10) DEFAULT NULL,
  `billingItemId` varchar(10) DEFAULT NULL,
  `multiplyHoldAmt` char(1) DEFAULT NULL,
  `holdAmount` double DEFAULT NULL,
  `periodicityUnit` int(1) DEFAULT NULL,
  PRIMARY KEY (`id`),
  KEY `FK50C664CF67C45F8` (`createdBy`),
  CONSTRAINT `FK50C664CF67C45F8` FOREIGN KEY (`createdBy`) REFERENCES `user` (`id`)
) ENGINE=InnoDB AUTO_INCREMENT=183 DEFAULT CHARSET=latin1;

-- Dumping data for table naesta_cleanup.product: ~4 rows (approximately)
DELETE FROM `product`;
/*!40000 ALTER TABLE `product` DISABLE KEYS */;
INSERT INTO `product` (`id`, `displayProductId`, `productName`, `periodicity`, `applicableSystem`, `usedbySubD`, `createdOn`, `createdBy`, `activeSince`, `fixedCost`, `ratePlanId`, `activeTill`, `reason`, `modifiedTo`, `billingItemId`, `multiplyHoldAmt`, `holdAmount`, `periodicityUnit`) VALUES
	(178, '0000119', 'Annual Std', 1, 'UBE', 'N', '2012-10-16', 100531, '2012-10-16', 95, 107, '2014-10-16', NULL, NULL, '3300', 'N', 0, 4),
	(179, '0000117', '7 Day Subscription', 7, 'UBE', 'Y', '2012-10-10', 1, '2012-10-10', 25, 106, '2014-10-16', '', NULL, '3207', 'N', 0, 3),
	(180, '0000118', '24 Hour Subscription', 1, 'SCU', 'N', '2012-10-16', 1, '2012-10-16', 9.95, 106, '2014-10-31', '', NULL, '3207', 'Y', 101, 3),
	(182, '0000120', 'Pilot program', 2, 'UBE', 'N', '2012-10-23', 1, '2012-10-22', 0, 108, '2012-12-23', '', NULL, '3400', 'N', 101, 1);
/*!40000 ALTER TABLE `product` ENABLE KEYS */;


-- Dumping structure for table naesta_cleanup.promotion
DROP TABLE IF EXISTS `promotion`;
CREATE TABLE IF NOT EXISTS `promotion` (
  `id` bigint(20) NOT NULL AUTO_INCREMENT,
  `promotionName` varchar(255) DEFAULT NULL,
  `pactiveInactive` varchar(5) DEFAULT NULL,
  `creationDate` date DEFAULT NULL,
  `uaid` varchar(7) DEFAULT NULL,
  PRIMARY KEY (`id`)
) ENGINE=InnoDB AUTO_INCREMENT=4 DEFAULT CHARSET=latin1;

-- Dumping data for table naesta_cleanup.promotion: ~3 rows (approximately)
DELETE FROM `promotion`;
/*!40000 ALTER TABLE `promotion` DISABLE KEYS */;
INSERT INTO `promotion` (`id`, `promotionName`, `pactiveInactive`, `creationDate`, `uaid`) VALUES
	(1, 'test promotion 1', 'N', '2014-05-11', '0000002'),
	(2, 'Test Promotion 2 (NY)', 'Y', '2012-11-12', '0000003'),
	(3, 'Test PBSC', 'Y', '2013-01-02', '0000004');
/*!40000 ALTER TABLE `promotion` ENABLE KEYS */;


-- Dumping structure for table naesta_cleanup.rate
DROP TABLE IF EXISTS `rate`;
CREATE TABLE IF NOT EXISTS `rate` (
  `id` int(10) NOT NULL AUTO_INCREMENT,
  `start_time` int(10) NOT NULL,
  `end_time` int(10) NOT NULL,
  `rate` decimal(10,4) NOT NULL DEFAULT '0.0000',
  `rate_plan_id` int(10) NOT NULL,
  PRIMARY KEY (`id`),
  KEY `RATE_RATE_PLAN_FK` (`rate_plan_id`)
) ENGINE=InnoDB AUTO_INCREMENT=79 DEFAULT CHARSET=latin1 ROW_FORMAT=COMPACT;

-- Dumping data for table naesta_cleanup.rate: ~32 rows (approximately)
DELETE FROM `rate`;
/*!40000 ALTER TABLE `rate` DISABLE KEYS */;
INSERT INTO `rate` (`id`, `start_time`, `end_time`, `rate`, `rate_plan_id`) VALUES
	(45, 0, 30, 0.0000, 106),
	(46, 30, 60, 4.0000, 106),
	(47, 60, 90, 13.0000, 106),
	(48, 90, 120, 25.0000, 106),
	(49, 120, 150, 37.0000, 106),
	(50, 150, 180, 49.0000, 106),
	(51, 180, 210, 61.0000, 106),
	(52, 210, 240, 73.0000, 106),
	(53, 240, 270, 85.0000, 106),
	(54, 270, 300, 97.0000, 106),
	(55, 0, 45, 0.0000, 107),
	(56, 45, 75, 2.5000, 107),
	(57, 75, 105, 9.0000, 107),
	(58, 105, 135, 18.0000, 107),
	(59, 135, 165, 27.0000, 107),
	(60, 165, 195, 36.0000, 107),
	(61, 195, 225, 45.0000, 107),
	(62, 225, 255, 54.0000, 107),
	(63, 255, 285, 63.0000, 107),
	(64, 285, 315, 72.0000, 107),
	(65, 315, 345, 81.0000, 107),
	(66, 345, 375, 100.0000, 107),
	(69, 0, 1440, 0.0000, 108),
	(70, 0, 5, 0.0000, 108),
	(71, 0, 1, 0.0000, 109),
	(72, 0, 1, 0.0000, 110),
	(73, 0, 1, 0.0000, 111),
	(74, 0, 1, 0.0000, 112),
	(75, 0, 5, 0.0000, 113),
	(76, 0, 30, 0.0000, 109),
	(77, 0, 60, 0.0000, 109),
	(78, 0, 30, 0.0000, 110);
/*!40000 ALTER TABLE `rate` ENABLE KEYS */;


-- Dumping structure for table naesta_cleanup.rate_plan
DROP TABLE IF EXISTS `rate_plan`;
CREATE TABLE IF NOT EXISTS `rate_plan` (
  `id` int(10) NOT NULL AUTO_INCREMENT,
  `name` varchar(45) NOT NULL,
  `description` varchar(250) DEFAULT NULL,
  PRIMARY KEY (`id`),
  UNIQUE KEY `name_UNIQUE` (`name`)
) ENGINE=InnoDB AUTO_INCREMENT=109 DEFAULT CHARSET=latin1 ROW_FORMAT=COMPACT;

-- Dumping data for table naesta_cleanup.rate_plan: ~3 rows (approximately)
DELETE FROM `rate_plan`;
/*!40000 ALTER TABLE `rate_plan` DISABLE KEYS */;
INSERT INTO `rate_plan` (`id`, `name`, `description`) VALUES
	(106, 'Casual', '24hr and 7d rate plan'),
	(107, 'Registered', 'Standard registered member rate plan'),
	(108, 'Pilot program', 'Pilot program');
/*!40000 ALTER TABLE `rate_plan` ENABLE KEYS */;


-- Dumping structure for table naesta_cleanup.refund_data
DROP TABLE IF EXISTS `refund_data`;
CREATE TABLE IF NOT EXISTS `refund_data` (
  `id` int(10) NOT NULL AUTO_INCREMENT,
  `refundAmount` double DEFAULT NULL,
  `refundDateTime` datetime DEFAULT NULL,
  `refundedBy` int(10) DEFAULT NULL,
  `uaid` varchar(7) DEFAULT NULL,
  `reason` varchar(256) DEFAULT NULL,
  `customerId` int(10) DEFAULT NULL,
  `referencedTransactionId` varchar(45) DEFAULT NULL,
  `totalAmount` double DEFAULT NULL,
  `refundTransactionId` varchar(45) DEFAULT NULL,
  `refundStatus` int(1) DEFAULT NULL,
  PRIMARY KEY (`id`),
  KEY `refundedBy` (`refundedBy`),
  KEY `customerId` (`customerId`),
  CONSTRAINT `customerId` FOREIGN KEY (`customerId`) REFERENCES `customer` (`id`),
  CONSTRAINT `refundedBy` FOREIGN KEY (`refundedBy`) REFERENCES `user` (`id`)
) ENGINE=InnoDB AUTO_INCREMENT=133 DEFAULT CHARSET=latin1;

-- Dumping data for table naesta_cleanup.refund_data: ~132 rows (approximately)
DELETE FROM `refund_data`;
/*!40000 ALTER TABLE `refund_data` DISABLE KEYS */;
INSERT INTO `refund_data` (`id`, `refundAmount`, `refundDateTime`, `refundedBy`, `uaid`, `reason`, `customerId`, `referencedTransactionId`, `totalAmount`, `refundTransactionId`, `refundStatus`) VALUES
	(1, 9.95, '2012-11-27 09:38:27', 1, '0000002', 'Refund against payment id 112612', 118, '112612', 9.95, '112616', 1),
	(2, 19.9, '2012-11-27 09:40:44', 1, '0000003', 'Refund against payment id 112605', 117, '112605', 19.9, '112617', 1),
	(3, 19.9, '2012-11-27 09:41:31', 1, '0000004', 'Refund against payment id 112610', 116, '112610', 19.9, '112618', 1),
	(4, 9.95, '2012-11-27 09:41:59', 1, '0000005', 'Refund against payment id 112604', 116, '112604', 9.95, '112619', 1),
	(5, 9.95, '2012-11-27 09:42:57', 1, '0000006', 'Refund against payment id 112606', 115, '112606', 9.95, '112620', 1),
	(6, 19.9, '2012-11-27 09:44:49', 1, '0000007', 'Refund against payment id 112614', 12, '112614', 19.9, '112621', 2),
	(7, 9.95, '2012-11-27 09:45:00', 1, '0000008', 'Refund against payment id 112611', 12, '112611', 9.95, '112622', 1),
	(8, 19.9, '2012-11-27 11:36:19', 1, '0000009', 'Refund against payment id 112614', 12, '112614', 19.9, '112628', 1),
	(9, 11.5, '2012-11-27 13:53:19', 1, '0000010', 'Refund against payment id 112630', 9, '112630', 11.5, '112631', 2),
	(10, 13.95, '2012-11-27 14:54:48', 1, '0000011', 'Refund against payment id 112634', 115, '112634', 13.95, '112636', 2),
	(11, 13.95, '2012-11-27 14:55:03', 1, '0000012', 'Refund against payment id 112634', 115, '112634', 13.95, '112637', 2),
	(12, 13.95, '2012-11-27 14:55:37', 1, '0000013', 'Refund against payment id 112634', 115, '112634', 13.95, '112638', 2),
	(13, 13.95, '2012-11-27 14:58:32', 1, '0000014', 'Refund against payment id 112634', 115, '112634', 13.95, '112639', 2),
	(14, 13.95, '2012-11-27 15:03:35', 1, '0000015', 'Refund against payment id 112634', 115, '112634', 13.95, '112640', 2),
	(15, 28.9, '2012-11-27 15:13:25', 1, '0000016', 'Refund against payment id 112635', 116, '112635', 28.9, '112641', 2),
	(16, 28.9, '2012-11-27 15:14:23', 1, '0000017', 'Refund against payment id 112635', 116, '112635', 28.9, '112642', 2),
	(17, 28.9, '2012-11-27 15:31:38', 1, '0000018', 'Refund against payment id 112635', 116, '112635', 28.9, '112643', 2),
	(18, 28.9, '2012-11-27 15:35:44', 1, '0000019', 'Refund against payment id 112635', 116, '112635', 28.9, '112644', 2),
	(19, 28.9, '2012-11-27 15:36:52', 1, '0000020', 'Refund against payment id 112635', 116, '112635', 28.9, '112645', 2),
	(20, 13.95, '2012-11-27 15:40:49', 1, '0000021', 'Refund against payment id 112634', 115, '112634', 13.95, '112646', 2),
	(21, 9, '2012-11-27 15:42:58', 1, '0000022', 'Refund against payment id 112623', 5, '112623', 9, '112647', 2),
	(22, 9, '2012-11-27 15:44:06', 1, '0000023', 'Refund against payment id 112623', 5, '112623', 9, '112648', 2),
	(23, 28.9, '2012-11-27 15:47:13', 1, '0000024', 'Refund against payment id 112635', 116, '112635', 28.9, '112649', 2),
	(24, 13.95, '2012-11-27 15:48:09', 1, '0000025', 'Refund against payment id 112634', 115, '112634', 13.95, '112650', 2),
	(25, 11.5, '2012-11-27 15:54:46', 1, '0000026', 'Refund against payment id 112651', 8, '112651', 11.5, '112652', 2),
	(26, 9.95, '2012-11-27 16:02:13', 1, '0000027', 'Refund against payment id 112632', 118, '112632', 9.95, '112653', 2),
	(27, 28.9, '2012-11-28 09:21:22', 1, '0000028', 'Refund against payment id 112635', 116, '112635', 28.9, '112655', 1),
	(28, 13.95, '2012-11-28 09:22:05', 1, '0000029', 'Refund against payment id 112634', 115, '112634', 13.95, '112656', 1),
	(29, 12, '2012-11-28 09:23:26', 1, '0000030', 'Refund against payment id 112654', 12, '112654', 12, '112657', 2),
	(30, 9.95, '2012-11-28 09:23:49', 1, '0000031', 'Refund against payment id 112633', 12, '112633', 9.95, '112658', 1),
	(31, 12, '2012-11-28 09:23:59', 1, '0000032', 'Refund against payment id 112654', 12, '112654', 12, '112659', 2),
	(32, 12, '2012-11-28 09:24:36', 1, '0000033', 'Refund against payment id 112654', 12, '112654', 12, '112660', 2),
	(33, 9.95, '2012-11-28 09:31:56', 1, '0000034', 'Refund against payment id 112632', 118, '112632', 9.95, '112661', 1),
	(34, 9, '2012-11-28 09:49:11', 1, '0000035', 'Refund against payment id 112623', 5, '112623', 9, '112662', 1),
	(35, 11.5, '2012-11-28 10:33:54', 1, '0000036', 'Refund against payment id 112651', 8, '112651', 11.5, '112663', 1),
	(36, 7.5, '2012-11-28 10:34:28', 1, '0000037', 'Refund against payment id 112626', 10, '112626', 7.5, '112664', 1),
	(37, 12, '2012-11-28 10:34:53', 1, '0000038', 'Refund against payment id 112654', 12, '112654', 12, '112665', 2),
	(38, 12, '2012-11-28 10:35:32', 1, '0000039', 'Refund against payment id 112654', 12, '112654', 12, '112666', 2),
	(39, 12, '2012-11-28 10:36:04', 1, '0000040', 'Refund against payment id 112654', 12, '112654', 12, '112667', 2),
	(40, 95, '2012-11-28 11:13:41', 1, '0000041', 'Refund against payment id 112670', 119, '112670', 95, '112672', 2),
	(41, 12, '2012-11-28 11:54:22', 1, '0000042', 'Refund against payment id 112654', 12, '112654', 12, '112673', 2),
	(42, 12, '2012-11-28 11:57:56', 1, '0000043', 'Refund against payment id 112654', 12, '112654', 12, '112674', 2),
	(43, 9.95, '2012-11-28 15:15:37', 1, '0000044', 'Refund against payment id 112683', 121, '112683', 9.95, '112684', 2),
	(44, 9.95, '2012-11-28 15:15:47', 1, '0000045', 'Refund against payment id 112683', 121, '112683', 9.95, '112685', 2),
	(45, 9.95, '2012-11-28 15:17:04', 1, '0000046', 'Refund against payment id 112683', 121, '112683', 9.95, '112686', 2),
	(46, 9.95, '2012-11-28 15:31:07', 1, '0000047', 'Refund against payment id 112683', 121, '112683', 9.95, '112687', 2),
	(47, 9.95, '2012-11-28 15:31:42', 1, '0000048', 'Refund against payment id 112683', 121, '112683', 9.95, '112688', 2),
	(48, 9.95, '2012-11-28 15:34:55', 1, '0000049', 'Refund against payment id 112678', 118, '112678', 9.95, '112689', 2),
	(49, 9.95, '2012-11-28 15:46:59', 1, '0000050', 'Refund against payment id 112683', 121, '112683', 9.95, '112690', 2),
	(50, 9.95, '2012-11-28 15:52:13', 1, '0000051', 'Refund against payment id 112678', 118, '112678', 9.95, '112691', 2),
	(51, 12, '2012-11-28 16:05:43', 1, '0000052', 'Refund against payment id 112654', 12, '112654', 12, '112693', 2),
	(52, 95, '2012-11-28 16:11:31', 1, '0000053', 'Refund against payment id 112670', 119, '112670', 95, '112694', 2),
	(53, 95, '2012-11-28 16:11:55', 1, '0000054', 'Refund against payment id 112679', 120, '112679', 95, '112695', 2),
	(54, 95, '2012-11-28 16:12:32', 1, '0000055', 'Refund against payment id 112679', 120, '112679', 95, '112696', 2),
	(55, 9.95, '2012-11-29 09:02:00', 1, '0000056', 'Refund against payment id 112683', 121, '112683', 9.95, '112699', 1),
	(56, 95, '2012-11-29 10:07:33', 1, '0000057', 'Refund against payment id 112670', 119, '112670', 95, '112700', 1),
	(57, 95, '2012-11-29 10:08:07', 1, '0000058', 'Refund against payment id 112679', 120, '112679', 95, '112701', 1),
	(58, 12, '2012-11-29 10:34:46', 1, '0000059', 'Refund against payment id 112654', 12, '112654', 12, '112705', 1),
	(59, 8, '2012-11-29 10:37:37', 1, '0000060', 'Refund against payment id 112702', 121, '112702', 8, '112706', 2),
	(60, 8, '2012-11-29 10:37:59', 1, '0000061', 'Refund against payment id 112702', 121, '112702', 8, '112707', 2),
	(61, 9, '2012-11-29 10:49:59', 1, '0000062', 'Refund against payment id 112675', 7, '112675', 9, '112710', 1),
	(62, 11.5, '2012-11-29 10:51:02', 1, '0000063', 'Refund against payment id 112630', 9, '112630', 11.5, '112713', 1),
	(63, 7.5, '2012-11-29 11:32:50', 1, '0000064', 'Refund against payment id 112709', 7, '112709', 7.5, '112716', 2),
	(64, 8, '2012-11-29 11:37:56', 1, '0000065', 'Refund against payment id 112702', 121, '112702', 8, '112719', 2),
	(65, 12, '2012-11-29 14:45:04', 1, '0000066', 'Refund against payment id 112722', 121, '112722', 12, '112723', 2),
	(66, 12, '2012-11-29 14:46:14', 1, '0000067', 'Refund against payment id 112720', 116, '112720', 12, '112724', 1),
	(67, 13, '2012-11-29 14:47:34', 1, '0000068', 'Refund against payment id 112704', 12, '112704', 13, '112727', 2),
	(68, 9, '2012-11-29 15:07:38', 1, '0000069', 'Refund against payment id 112708', 5, '112708', 9, '112728', 2),
	(69, 9, '2012-11-29 15:08:08', 1, '0000070', 'Refund against payment id 112708', 5, '112708', 9, '112729', 2),
	(70, 9, '2012-11-29 15:08:21', 1, '0000071', 'Refund against payment id 112708', 5, '112708', 9, '112730', 2),
	(71, 9.95, '2012-11-29 16:00:05', 1, '0000072', 'Refund against payment id 112678', 118, '112678', 9.95, '112731', 1),
	(72, 19.9, '2012-11-29 16:01:00', 1, '0000073', 'Refund against payment id 112697', 117, '112697', 19.9, '112732', 2),
	(73, 9.95, '2012-11-29 16:01:47', 1, '0000074', 'Refund against payment id 112725', 115, '112725', 9.95, '112733', 2),
	(74, 7.5, '2012-11-30 11:12:41', 1, '0000075', 'Refund against payment id 112709', 7, '112709', 7.5, '112734', 1),
	(75, 9, '2012-11-30 11:18:36', 1, '0000076', 'Refund against payment id 112708', 5, '112708', 9, '112735', 1),
	(76, 13, '2012-11-30 11:21:06', 1, '0000077', 'Refund against payment id 112704', 12, '112704', 13, '112736', 1),
	(77, 9.95, '2012-11-30 11:22:09', 1, '0000078', 'Refund against payment id 112725', 115, '112725', 9.95, '112737', 1),
	(78, 4, '2012-11-30 11:22:34', 1, '0000079', 'Refund against payment id 112714', 116, '112714', 4, '112738', 1),
	(79, 12, '2012-11-30 11:24:09', 1, '0000080', 'Refund against payment id 112722', 121, '112722', 12, '112739', 1),
	(80, 8, '2012-11-30 11:24:22', 1, '0000081', 'Refund against payment id 112702', 121, '112702', 8, '112740', 1),
	(81, 9, '2012-11-30 11:25:33', 1, '0000082', 'Refund against payment id 112726', 12, '112726', 9, '112741', 1),
	(82, 9.95, '2012-11-30 11:25:57', 1, '0000083', 'Refund against payment id 112692', 12, '112692', 9.95, '112742', 1),
	(83, 19.9, '2012-11-30 14:09:53', 1, '0000084', 'Refund against payment id 112697', 117, '112697', 19.9, '112745', 1),
	(84, 2.5, '2012-11-30 14:14:01', 1, '0000085', 'Refund against payment id 112715', 7, '112715', 2.5, '112746', 1),
	(85, 9, '2012-11-30 15:53:06', 1, '0000086', 'Refund against payment id 112717', 8, '112717', 9, '112747', 1),
	(86, 9, '2012-11-30 15:53:26', 1, '0000087', 'Refund against payment id 112718', 9, '112718', 9, '112748', 1),
	(87, 9.95, '2012-12-03 09:57:25', 1, '0000088', 'Refund against payment id 112751', 12, '112751', 9.95, '112754', 1),
	(88, 9.95, '2012-12-03 16:03:27', 1, '0000089', 'Refund against payment id 112757', 115, '112757', 9.95, '112759', 1),
	(89, 9.95, '2012-12-04 08:40:03', 1, '0000090', 'Refund against payment id 112760', 116, '112760', 9.95, '112766', 1),
	(90, 19.9, '2012-12-04 10:27:55', 1, '0000091', 'Refund against payment id 112768', 118, '112768', 19.9, '112769', 2),
	(91, 19.9, '2012-12-04 10:32:11', 1, '0000092', 'Refund against payment id 112768', 118, '112768', 19.9, '112770', 2),
	(92, 16.5, '2012-12-05 10:57:36', 1, '0000093', 'Refund against payment id 112703', 10, '112703', 16.5, '112771', 1),
	(93, 95, '2012-12-05 15:56:36', 100531, '0000094', 'Refund against payment id 112777', 124, '112777', 95, '112779', 2),
	(94, 9.95, '2012-12-06 10:15:36', 1, '0000095', 'Refund against payment id 112774', 116, '112774', 9.95, '112784', 1),
	(95, 9.95, '2012-12-07 10:33:42', 1, '0000096', 'Refund against payment id 112804', 73, '112804', 9.95, '112905', 1),
	(96, 9.95, '2012-12-07 10:33:55', 1, '0000097', 'Refund against payment id 112904', 113, '112904', 9.95, '112906', 2),
	(97, 9.95, '2012-12-07 10:36:50', 1, '0000098', 'Refund against payment id 112904', 113, '112904', 9.95, '112907', 2),
	(98, 95, '2012-12-07 15:23:28', 1, '0000099', 'Refund against payment id 112775', 5, '112775', 95, '112909', 2),
	(99, 95, '2012-12-07 16:03:39', 1, '0000100', 'Refund against payment id 112775', 5, '112775', 95, '112910', 2),
	(100, 9.95, '2012-12-10 09:56:34', 1, '0000101', 'Refund against payment id 112904', 113, '112904', 9.95, '112916', 1),
	(101, 19.9, '2012-12-10 09:57:09', 1, '0000102', 'Refund against payment id 112768', 118, '112768', 19.9, '112917', 2),
	(102, 19.9, '2012-12-10 09:57:16', 1, '0000103', 'Refund against payment id 112768', 118, '112768', 19.9, '112918', 2),
	(103, 9.95, '2012-12-10 10:53:18', 1, '0000104', 'Refund against payment id 112920', 73, '112920', 9.95, '112922', 2),
	(104, 4, '2012-12-10 10:53:31', 1, '0000105', 'Refund against payment id 112921', 73, '112921', 4, '112923', 2),
	(105, 95, '2012-12-10 11:16:24', 1, '0000106', 'Refund against payment id 112776', 5, '112776', 95, '112924', 2),
	(106, 9.95, '2012-12-10 13:25:23', 1, '0000107', 'Refund against payment id 112920', 73, '112920', 9.95, '112927', 2),
	(107, 4, '2012-12-10 13:25:29', 1, '0000108', 'Refund against payment id 112921', 73, '112921', 4, '112928', 2),
	(108, 95, '2012-12-10 15:56:42', 1, '0000109', 'Refund against payment id 112776', 5, '112776', 95, '112944', 2),
	(109, 95, '2012-12-11 10:29:55', 1, '0000110', 'Refund against payment id 112958\nTest Account', 142, '112958', 95, '112959', 2),
	(110, 95, '2012-12-11 13:59:40', 1, '0000111', 'Refund against payment id 112958', 142, '112958', 95, '112963', 2),
	(111, 95, '2012-12-11 14:00:08', 1, '0000112', 'Refund against payment id 112961', 143, '112961', 95, '112964', 2),
	(112, 4, '2012-12-12 09:47:07', 1, '0000113', 'Refund against payment id 112921', 73, '112921', 4, '112974', 1),
	(113, 9.95, '2012-12-12 09:47:16', 1, '0000114', 'Refund against payment id 112920', 73, '112920', 9.95, '112975', 1),
	(114, 9.95, '2012-12-12 14:05:08', 1, '0000115', 'Refund against payment id 112973', 73, '112973', 9.95, '112982', 2),
	(115, 95, '2012-12-12 14:06:51', 1, '0000116', 'Refund against payment id 112958', 142, '112958', 95, '112983', 1),
	(116, 9.95, '2012-12-12 14:10:38', 1, '0000117', 'Refund against payment id 112973', 73, '112973', 9.95, '112984', 2),
	(117, 95, '2012-12-13 08:45:59', 1, '0000118', 'Refund against payment id 112961', 143, '112961', 95, '112993', 1),
	(118, 9.95, '2012-12-13 10:12:30', 1, '0000119', 'Refund against payment id 112973', 73, '112973', 9.95, '112994', 1),
	(119, 7.5, '2012-12-14 09:00:19', 1, '0000120', 'Refund against payment id 112997', 142, '112997', 7.5, '112998', 2),
	(120, 7.5, '2012-12-14 09:35:19', 100612, '0000121', 'Refund against payment id 112997\nTests in Navy Yard', 142, '112997', 7.5, '112999', 2),
	(121, 19.9, '2012-12-14 13:18:11', 1, '0000122', 'Refund against payment id 112768', 118, '112768', 19.9, '113005', 2),
	(122, 9.95, '2012-12-14 14:59:46', 1, '0000123', 'Refund against payment id 113016', 113, '113016', 9.95, '113017', 2),
	(123, 9.95, '2012-12-14 14:59:56', 1, '0000124', 'Refund against payment id 113016', 113, '113016', 9.95, '113018', 2),
	(124, 9.95, '2012-12-14 15:27:34', 1, '0000125', 'Refund against payment id 113016', 113, '113016', 9.95, '113019', 2),
	(125, 9.95, '2012-12-14 15:45:05', 1, '0000126', 'Refund against payment id 113016', 113, '113016', 9.95, '113020', 2),
	(126, 9.95, '2012-12-14 16:06:49', 1, '0000127', 'Refund against payment id 112948', 113, '112948', 9.95, '113021', 1),
	(127, 9.95, '2012-12-14 16:07:10', 1, '0000128', 'Refund against payment id 113016', 113, '113016', 9.95, '113022', 2),
	(128, 2.5, '2012-12-17 11:19:27', 1, '0000129', 'Refund against payment id 112712', 9, '112712', 2.5, '113027', 2),
	(129, 21.95, '2012-12-17 13:17:27', 1, '0000130', 'Refund against payment id 113028', 73, '113028', 21.95, '113029', 2),
	(130, 21.95, '2012-12-17 13:17:35', 1, '0000131', 'Refund against payment id 113028', 73, '113028', 21.95, '113030', 2),
	(131, 21.95, '2012-12-17 14:11:42', 1, '0000132', 'Refund against payment id 113028', 73, '113028', 21.95, '113033', 2),
	(132, 7.5, '2012-12-18 11:15:53', 100612, '0000133', 'Refund against payment id 112997', 142, '112997', 7.5, '113043', 1);
/*!40000 ALTER TABLE `refund_data` ENABLE KEYS */;


-- Dumping structure for table naesta_cleanup.role
DROP TABLE IF EXISTS `role`;
CREATE TABLE IF NOT EXISTS `role` (
  `id` int(11) NOT NULL AUTO_INCREMENT,
  `description` varchar(255) DEFAULT NULL,
  `category` int(11) NOT NULL,
  `name` varchar(50) DEFAULT NULL,
  PRIMARY KEY (`id`)
) ENGINE=InnoDB AUTO_INCREMENT=251 DEFAULT CHARSET=latin1;

-- Dumping data for table naesta_cleanup.role: ~124 rows (approximately)
DELETE FROM `role`;
/*!40000 ALTER TABLE `role` DISABLE KEYS */;
INSERT INTO `role` (`id`, `description`, `category`, `name`) VALUES
	(4, 'View group management pages', 1, 'VIEW_GROUP'),
	(5, 'View role management pages', 1, 'VIEW_ROLE'),
	(6, 'View user management pages1', 1, 'VIEW_USER'),
	(7, 'View asset management pages', 1, 'VIEW_ASSET'),
	(8, 'A priviledge for viewing personal information', 1, 'VIEW_PERSONAL'),
	(9, 'A priviledge for viewing subscriber information', 1, 'VIEW_COSUBSCRIBER'),
	(10, 'A role forgbvbcvbcb all Users', 1, 'ACCESS_ROLE'),
	(11, 'Admin role for intellicus.', 1, 'INTERA_ADMIN'),
	(12, 'Basic functionality role for intellicus.', 1, 'INTERA_BASE'),
	(13, 'testw', 1, 'TEST_ROLE'),
	(21, 'ssdsd', 1, 'VIEW_END'),
	(31, 'test role', 1, 'TEST_USER'),
	(33, 'svn', 1, 'TEST_TWENTYFIRSTMAY'),
	(35, 'sss', 1, 'VIEW_NEW'),
	(37, 'JJj.,mc,.mc.,dDdsdd', 1, 'BBADAD_NBNMXC'),
	(39, '', 1, '_'),
	(41, 'test', 1, 'TESTPBSCABC'),
	(43, 'Role to view subscribers (SUB) list. This role will be required to add/update/remove/activate/deactive any subscriber.', 1, 'VIEW_SUB'),
	(45, 'Role to add subscriber (SUB) into the system', 1, 'ADD_SUB'),
	(47, 'Role to update existing subscriber (SUB) ', 1, 'UPDATE_SUB'),
	(49, 'Role to remove subscriber (SUB) from the system', 1, 'REMOVE_SUB'),
	(51, 'Role to activate subscriber\'s key.', 1, 'ACTIVATE_SUB_KEY'),
	(53, 'Role to deactivate subscriber\'s key', 1, 'DEACTIVATE_SUB_KEY'),
	(55, 'Role to activate subscriber', 1, 'ACTIVATE_SUB'),
	(57, 'Role to deactivate subscriber', 1, 'DEACTIVATE_SUB'),
	(59, 'Role to update subscriber\'s billing information', 1, 'UPDATE_SUB_BILLING_INFO'),
	(61, 'Role to allow access to subscriber\'s transaction refund option.', 1, 'SUB_TRANSACTION_REFUND'),
	(63, 'Role to allow access to subscriber\'s communication resend option.', 1, 'SUB_COMMUNICATION_RESEND'),
	(65, 'Role to view bikes (BK) list. This role will be required to add/update/remove any bike.', 1, 'VIEW_BK'),
	(67, 'Role to add bike (BK) into the system', 1, 'ADD_BK'),
	(69, 'Role to update existing bike (BK) ', 1, 'UPDATE_BK'),
	(71, 'Role to unregister bike (BK)', 1, 'UNREGISTER_BK'),
	(73, 'Role for itinerary tracking. This role will be required to view itinerary map', 1, 'VIEW_ITINERARY'),
	(75, 'Role to view stations (STX) list. This role will be required to add/update/remove any station.', 1, 'VIEW_STX'),
	(77, 'Role to add station (STX) into the system', 1, 'ADD_STX'),
	(79, 'Role to update existing station (STX) ', 1, 'UPDATE_STX'),
	(81, 'Role to unregister station (STX)  from the system', 1, 'UNREGISTER_STX'),
	(83, 'Role to export list of stations', 1, 'EXPORT_STX_LIST'),
	(85, 'Role to add point of interest corresponding to any existing station', 1, 'STX_ADD_POINT_OF_INTEREST'),
	(87, 'Role to add near by station for any existing station', 1, 'ADD_NEARBY_STX'),
	(89, 'Role to view docking points (DP) list. This role will be required to add/update/remove any  docking point.', 1, 'VIEW_DP'),
	(91, 'Role to add docking point (DP) into the system', 1, 'ADD_DP'),
	(93, 'Role to update existing docking point ', 1, 'UPDATE_DP'),
	(95, 'Role to remove docking point from the system', 1, 'REMOVE_DP'),
	(97, 'Role to lock any docking point', 1, 'LOCK_DP'),
	(99, 'Role to unlock any docking point', 1, 'UNLOCK_DP'),
	(101, 'Role to view kiosks (KSK) list.  This role will be required to add/update/remove any  kiosk.', 1, 'VIEW_KSK'),
	(103, 'Role to add kiosk (KSK) into the system', 1, 'ADD_KSK'),
	(105, 'Role to update existing kiosk ', 1, 'UPDATE_KSK'),
	(107, 'Role to remove kiosk  from the system', 1, 'REMOVE_KSK'),
	(109, 'Role to reboot kiosk', 1, 'REBOOT_KSK'),
	(111, 'Role to download kiosk log', 1, 'DOWNLOAD_KSK_LOG'),
	(113, 'Role to view keys list.  This role will be required to add/update/remove any  key.', 1, 'VIEW_KEY'),
	(115, 'Role to add key into the system', 1, 'ADD_KEY'),
	(117, 'Role to update existing key ', 1, 'UPDATE_KEY'),
	(119, 'Role to remove key from the system', 1, 'REMOVE_KEY'),
	(121, 'Role to view key assignment. This role will be required to add key batches and assign key to user/customer.', 1, 'VIEW_KEY_ASSIGN'),
	(123, 'Role to add new key batch in the system', 1, 'ADD_KEY_BATCH'),
	(125, 'Role to print key label', 1, 'KEY_PRINT_LABEL'),
	(127, 'Role to assign keys available in the system', 1, 'ASSIGN_KEY'),
	(129, 'Role to view rates list. This role will be required to add/update/remove rates.', 1, 'VIEW_RATES'),
	(131, 'Role to add rates into the system', 1, 'ADD_RATES'),
	(133, 'Role to update existing rates', 1, 'UPDATE_RATES'),
	(135, 'Role to remove rates  from the system', 1, 'REMOVE_RATES'),
	(137, 'Role to view list of subscription plans/types. This role will be required to add/update/remove any  subscription plan/type.', 1, 'VIEW_PLAN_TYPE'),
	(139, 'Role to add subscription plan/type into the system', 1, 'ADD_PLAN_TYPE'),
	(141, 'Role to update existing subscription plan/type ', 1, 'UPDATE_PLAN_TYPE'),
	(143, 'Role to remove subscription plan/type from the system', 1, 'REMOVE_PLAN_TYPE'),
	(145, 'Role to view list of invoices', 1, 'VIEW_INVOICE'),
	(146, 'Role to view system configurations', 1, 'VIEW_SYSCONFIG'),
	(147, 'Role to view Gift Certificates menu. This will be required to view and operate the sub menus.', 1, 'VIEW_GC_MENU'),
	(149, 'Role to view promotions list. This role will be required to add/update/remove promotions.', 1, 'VIEW_PROMOTION'),
	(151, 'Role to add promotion  into the system', 1, 'ADD_PROMOTION'),
	(153, 'Role to update existing promotion ', 1, 'UPDATE_PROMOTION'),
	(155, 'Role to remove promotion from the system', 1, 'REMOVE_PROMOTION'),
	(157, 'Role to view gift coupans list.  This role will be required to add/update/remove gift coupan.', 1, 'VIEW_GC'),
	(159, 'Role to add gift coupan   into the system', 1, 'ADD_GC'),
	(161, 'Role to update existing gift coupan', 1, 'UPDATE_GC'),
	(163, 'Role to remove gift coupan  from the system', 1, 'REMOVE_GC'),
	(165, 'Role to view organisations list.   This role will be required to add/update/remove organisation.', 1, 'VIEW_ORG'),
	(167, 'Role to add organisation  into the system', 1, 'ADD_ORG'),
	(169, 'Role to update existing organisation', 1, 'UPDATE_ORG'),
	(171, 'Role to remove organisation from the system', 1, 'REMOVE_ORG'),
	(173, 'Role to view issue GC screen..   This role will be required to add/update/activate gift coupan batch.', 1, 'VIEW_ISSUE_GC'),
	(175, 'Role to add GC batch into the system', 1, 'ADD_GC_BATCH'),
	(177, 'Role to update existing GC batch', 1, 'UPDATE_GC_BATCH'),
	(179, 'Role to activate GC batch', 1, 'ACTIVATE_GC_BATCH'),
	(181, 'Role to view batches', 1, 'VIEW_BK_BATCH'),
	(183, 'Role to add batch', 1, 'ADD_BK_BATCH'),
	(185, 'Role to update batch', 1, 'UPDATE_BK_BATCH'),
	(187, 'Role to remove batch', 1, 'REMOVE_BK_BATCH'),
	(189, 'Role to view dashboards', 1, 'VIEW_DASHBOARD'),
	(191, 'Role to view reports list. This will be required to view any report available in the system. ', 1, 'VIEW_REPORTS'),
	(193, 'Role to view canned reports', 1, 'VIEW_CANNED_RPT'),
	(195, 'Role to view adhoc reports', 1, 'VIEW_ADHOC_RPT'),
	(197, 'Role to view CSV reports', 1, 'VIEW_CSV_RPT'),
	(199, 'Role to view groups list.  This role will be required to add/update/remove group.', 1, 'VIEW_GROUP'),
	(201, 'Role to add group into the system.', 1, 'ADD_GROUP'),
	(203, 'Role to update group', 1, 'UPDATE_GROUP'),
	(205, 'Role to remove group from the system.', 1, 'REMOVE_GROUP'),
	(207, 'Role to add user to existing group in the system.', 1, 'ADD_USER_TO_GROUP'),
	(209, 'Role to remove user from existing group in the system.', 1, 'REMOVE_USER_FROM_GROUP'),
	(211, 'Role to add a new role to existing group in the system.', 1, 'ADD_ROLE_TO_GROUP'),
	(213, 'Role to remove any role from existing group in the system.', 1, 'REMOVE_ROLE_FROM_GROUP'),
	(215, 'Role to view list of roles available in the system.  This role will be required to add/update/remove roles.', 1, 'VIEW_ROLE'),
	(217, 'Role to add role into the system', 1, 'ADD_ROLE'),
	(219, 'Role to update role', 1, 'UPDATE_ROLE'),
	(221, 'Role to remove role from the system', 1, 'REMOVE_ROLE'),
	(223, 'Role to view users list. This role will be required to add/update/remove user.', 1, 'VIEW_USR'),
	(225, 'Role to add user into the system', 1, 'ADD_USR'),
	(227, 'Role to update user', 1, 'UPDATE_USR'),
	(229, 'Role to remove user from the system', 1, 'REMOVE_USR'),
	(231, 'Role to activate user', 1, 'ACTIVATE_USR'),
	(233, 'Role to deactivate user', 1, 'DEACTIVATE_USR'),
	(235, 'Role to change password of other users', 1, 'USR_CHNG_PWD'),
	(237, 'Role to view events list', 1, 'VIEW_EVENTS'),
	(239, 'Role to view/search assets', 1, 'VIEW_ASSETS'),
	(241, 'Role to view firmwares list. This role will be required to add/update/remove firmware.', 1, 'VIEW_FIRMWARE'),
	(243, 'Role to add firmware. into the system', 1, 'ADD_FIRMWARE'),
	(245, 'Role to update firmware', 1, 'UPDATE_FIRMWARE'),
	(247, 'Role to remove firmware from the system', 1, 'REMOVE_FIRMWARE'),
	(248, 'Role to view system configurations', 1, 'VIEW_SYSCONFIG'),
	(249, 'Role to view tax data', 1, 'VIEW_TAX'),
	(250, 'Role to view all billing_itme_type', 1, 'VIEW_BILLING_ITEM');
/*!40000 ALTER TABLE `role` ENABLE KEYS */;


-- Dumping structure for table naesta_cleanup.rolegroup
DROP TABLE IF EXISTS `rolegroup`;
CREATE TABLE IF NOT EXISTS `rolegroup` (
  `roleid` int(11) NOT NULL,
  `groupid` int(11) NOT NULL,
  PRIMARY KEY (`roleid`,`groupid`),
  KEY `FK_ROLEGROUP_ROLEID` (`roleid`),
  KEY `FK_ROLEGROUP_GROUPID` (`groupid`),
  CONSTRAINT `FK_ROLEGROUP_GROUPID` FOREIGN KEY (`groupid`) REFERENCES `groups` (`id`) ON DELETE CASCADE ON UPDATE NO ACTION,
  CONSTRAINT `FK_ROLEGROUP_ROLEID` FOREIGN KEY (`roleid`) REFERENCES `role` (`id`) ON DELETE CASCADE ON UPDATE NO ACTION
) ENGINE=InnoDB DEFAULT CHARSET=latin1;

-- Dumping data for table naesta_cleanup.rolegroup: ~303 rows (approximately)
DELETE FROM `rolegroup`;
/*!40000 ALTER TABLE `rolegroup` DISABLE KEYS */;
INSERT INTO `rolegroup` (`roleid`, `groupid`) VALUES
	(4, 1),
	(4, 3),
	(4, 39),
	(4, 41),
	(4, 67),
	(5, 1),
	(5, 39),
	(5, 41),
	(5, 67),
	(6, 1),
	(6, 39),
	(6, 67),
	(7, 1),
	(7, 39),
	(7, 67),
	(8, 1),
	(8, 39),
	(8, 67),
	(9, 1),
	(9, 4),
	(9, 39),
	(9, 67),
	(10, 1),
	(10, 2),
	(10, 3),
	(10, 4),
	(10, 39),
	(10, 67),
	(11, 1),
	(11, 39),
	(11, 67),
	(12, 1),
	(12, 39),
	(12, 41),
	(12, 43),
	(12, 67),
	(13, 1),
	(13, 39),
	(13, 67),
	(21, 1),
	(21, 39),
	(21, 67),
	(31, 1),
	(31, 67),
	(33, 1),
	(33, 67),
	(35, 1),
	(35, 39),
	(35, 67),
	(37, 1),
	(37, 67),
	(39, 1),
	(39, 67),
	(41, 1),
	(41, 67),
	(43, 1),
	(43, 39),
	(43, 67),
	(45, 1),
	(45, 67),
	(47, 1),
	(47, 67),
	(49, 1),
	(49, 67),
	(51, 1),
	(51, 67),
	(53, 1),
	(53, 67),
	(55, 1),
	(55, 67),
	(57, 1),
	(57, 67),
	(59, 1),
	(59, 67),
	(61, 1),
	(61, 67),
	(63, 1),
	(63, 67),
	(65, 1),
	(65, 39),
	(65, 43),
	(65, 67),
	(67, 1),
	(67, 67),
	(69, 1),
	(69, 67),
	(71, 1),
	(71, 67),
	(73, 1),
	(73, 39),
	(73, 43),
	(73, 67),
	(75, 1),
	(75, 39),
	(75, 43),
	(75, 67),
	(77, 1),
	(77, 67),
	(79, 1),
	(79, 67),
	(81, 1),
	(81, 67),
	(83, 1),
	(83, 43),
	(83, 67),
	(85, 1),
	(85, 67),
	(87, 1),
	(87, 67),
	(89, 1),
	(89, 39),
	(89, 43),
	(89, 67),
	(91, 1),
	(91, 67),
	(93, 1),
	(93, 67),
	(95, 1),
	(95, 67),
	(97, 1),
	(97, 67),
	(99, 1),
	(99, 67),
	(101, 1),
	(101, 39),
	(101, 67),
	(103, 1),
	(103, 67),
	(105, 1),
	(105, 67),
	(107, 1),
	(107, 67),
	(109, 1),
	(109, 67),
	(111, 1),
	(111, 67),
	(113, 1),
	(113, 39),
	(113, 67),
	(115, 1),
	(115, 67),
	(117, 1),
	(117, 67),
	(119, 1),
	(119, 67),
	(121, 1),
	(121, 39),
	(121, 67),
	(123, 1),
	(123, 67),
	(125, 1),
	(125, 67),
	(127, 1),
	(127, 67),
	(129, 1),
	(129, 39),
	(129, 67),
	(131, 1),
	(131, 67),
	(133, 1),
	(133, 67),
	(135, 1),
	(135, 67),
	(137, 1),
	(137, 39),
	(137, 67),
	(139, 1),
	(139, 67),
	(141, 1),
	(141, 67),
	(143, 1),
	(143, 67),
	(145, 1),
	(145, 39),
	(145, 67),
	(146, 1),
	(147, 1),
	(147, 39),
	(147, 67),
	(149, 1),
	(149, 39),
	(149, 67),
	(151, 1),
	(151, 67),
	(153, 1),
	(153, 67),
	(155, 1),
	(155, 67),
	(157, 1),
	(157, 39),
	(157, 67),
	(159, 1),
	(159, 67),
	(161, 1),
	(161, 67),
	(163, 1),
	(163, 67),
	(165, 1),
	(165, 39),
	(165, 67),
	(167, 1),
	(167, 67),
	(169, 1),
	(169, 67),
	(171, 1),
	(171, 67),
	(173, 1),
	(173, 39),
	(173, 67),
	(175, 1),
	(175, 67),
	(177, 1),
	(177, 67),
	(179, 1),
	(179, 67),
	(181, 1),
	(181, 39),
	(181, 67),
	(183, 1),
	(183, 67),
	(185, 1),
	(185, 67),
	(187, 1),
	(187, 67),
	(189, 1),
	(189, 39),
	(189, 43),
	(189, 67),
	(191, 1),
	(191, 39),
	(191, 43),
	(191, 67),
	(193, 1),
	(193, 39),
	(193, 43),
	(193, 67),
	(195, 1),
	(195, 39),
	(195, 43),
	(195, 67),
	(197, 1),
	(197, 39),
	(197, 43),
	(197, 67),
	(199, 1),
	(199, 39),
	(199, 67),
	(201, 1),
	(201, 67),
	(203, 1),
	(203, 67),
	(205, 1),
	(205, 67),
	(207, 1),
	(207, 67),
	(209, 1),
	(209, 67),
	(211, 1),
	(211, 67),
	(213, 1),
	(213, 67),
	(215, 1),
	(215, 39),
	(215, 67),
	(217, 1),
	(217, 67),
	(219, 1),
	(219, 67),
	(221, 1),
	(221, 67),
	(223, 1),
	(223, 39),
	(223, 67),
	(225, 1),
	(225, 67),
	(227, 1),
	(227, 67),
	(229, 1),
	(229, 67),
	(231, 1),
	(231, 67),
	(233, 1),
	(233, 67),
	(235, 1),
	(235, 67),
	(237, 1),
	(237, 39),
	(237, 43),
	(237, 67),
	(239, 1),
	(239, 39),
	(239, 67),
	(241, 1),
	(241, 67),
	(243, 1),
	(243, 67),
	(245, 1),
	(245, 67),
	(247, 1),
	(247, 67),
	(248, 1),
	(249, 1),
	(250, 1);
/*!40000 ALTER TABLE `rolegroup` ENABLE KEYS */;


-- Dumping structure for table naesta_cleanup.schema_version
DROP TABLE IF EXISTS `schema_version`;
CREATE TABLE IF NOT EXISTS `schema_version` (
  `version_rank` int(11) NOT NULL,
  `installed_rank` int(11) NOT NULL,
  `version` varchar(50) NOT NULL,
  `description` varchar(200) NOT NULL,
  `type` varchar(20) NOT NULL,
  `script` varchar(1000) NOT NULL,
  `checksum` int(11) DEFAULT NULL,
  `installed_by` varchar(30) NOT NULL,
  `installed_on` timestamp NOT NULL DEFAULT CURRENT_TIMESTAMP,
  `execution_time` int(11) NOT NULL,
  `success` tinyint(1) NOT NULL,
  KEY `schema_version_vr_idx` (`version_rank`),
  KEY `schema_version_ir_idx` (`installed_rank`),
  KEY `schema_version_s_idx` (`success`)
) ENGINE=InnoDB DEFAULT CHARSET=latin1;

-- Dumping data for table naesta_cleanup.schema_version: ~35 rows (approximately)
DELETE FROM `schema_version`;
/*!40000 ALTER TABLE `schema_version` DISABLE KEYS */;
INSERT INTO `schema_version` (`version_rank`, `installed_rank`, `version`, `description`, `type`, `script`, `checksum`, `installed_by`, `installed_on`, `execution_time`, `success`) VALUES
	(1, 1, '0', '<< Flyway Init >>', 'INIT', '<< Flyway Init >>', NULL, 'adminuser', '2013-03-12 18:03:12', 0, 1),
	(2, 2, '1', 'cleanup nonuse tables', 'SQL', 'V1__cleanup_nonuse_tables.sql', 694001310, 'adminuser', '2013-03-12 18:03:13', 53, 1),
	(3, 3, '2', 'rename stolen bike history', 'SQL', 'V2__rename_stolen_bike_history.sql', -1543486657, 'adminuser', '2013-03-12 18:03:13', 11, 1),
	(4, 4, '3', 'create system configuration', 'SQL', 'V3__create_system_configuration.sql', -1387026398, 'adminuser', '2013-03-12 18:03:13', 18, 1),
	(5, 5, '4', 'create new billing database', 'SQL', 'V4__create_new_billing_database.sql', 1999987782, 'adminuser', '2013-03-12 18:03:13', 16, 1),
	(6, 6, '5', 'modify customer for new billing', 'SPRING_JDBC', 'db.migration.V5__modify_customer_for_new_billing', NULL, 'adminuser', '2013-03-12 18:03:13', 107, 1),
	(7, 7, '6', 'clean product table', 'SPRING_JDBC', 'db.migration.V6__clean_product_table', NULL, 'adminuser', '2013-03-12 18:03:13', 4, 1),
	(8, 8, '7', 'add stolen fee to sysconfig', 'SQL', 'V7__add_stolen_fee_to_sysconfig.sql', 1580810248, 'adminuser', '2013-03-12 18:03:13', 19, 1),
	(9, 9, '8', 'add maximum usage fee', 'SQL', 'V8__add_maximum_usage_fee.sql', 963517526, 'adminuser', '2013-03-12 18:03:13', 12, 1),
	(10, 10, '9', 'add carry amount item type', 'SQL', 'V9__add_carry_amount_item_type.sql', 744968940, 'adminuser', '2013-03-12 18:03:13', 16, 1),
	(11, 11, '10', 'refactor lookups table', 'SQL', 'V10__refactor_lookups_table.sql', -1189058214, 'adminuser', '2013-03-12 18:03:13', 81, 1),
	(12, 12, '11', 'update lookups table', 'SQL', 'V11__update_lookups_table.sql', -2040181788, 'adminuser', '2013-03-12 18:03:13', 167, 1),
	(13, 13, '12', 'update system configs with money hold days', 'SQL', 'V12__update_system_configs_with_money_hold_days.sql', -1927854214, 'adminuser', '2013-03-12 18:03:13', 18, 1),
	(14, 14, '13', 'create counters table', 'SQL', 'V13__create_counters_table.sql', -313745741, 'adminuser', '2013-03-12 18:03:13', 5, 1),
	(15, 15, '14', 'add creator to invoice line', 'SPRING_JDBC', 'db.migration.V14__add_creator_to_invoice_line', NULL, 'adminuser', '2013-03-12 18:03:13', 3, 1),
	(16, 16, '15', 'drop unused fields in customer', 'SPRING_JDBC', 'db.migration.V15__drop_unused_fields_in_customer', NULL, 'adminuser', '2013-03-12 18:03:14', 100, 1),
	(17, 17, '16', 'drop sequence', 'SQL', 'V16__drop_sequence.sql', 782247, 'adminuser', '2013-03-12 18:03:14', 21, 1),
	(18, 18, '17', 'remove station from tripinfo', 'SPRING_JDBC', 'db.migration.V17__remove_station_from_tripinfo', NULL, 'adminuser', '2013-03-12 18:03:14', 30, 1),
	(19, 19, '18', 'remove token and bdp', 'SQL', 'V18__remove_token_and_bdp.sql', -1259321014, 'adminuser', '2013-03-12 18:03:14', 35, 1),
	(20, 20, '19', 'insert days password expire', 'SQL', 'V19__insert_days_password_expire.sql', 865324721, 'adminuser', '2013-03-12 18:03:14', 26, 1),
	(21, 21, '20', 'drop refund', 'SQL', 'V20__drop_refund.sql', -249945865, 'adminuser', '2013-03-12 18:03:14', 9, 1),
	(22, 22, '21', 'add bike last update time', 'SPRING_JDBC', 'db.migration.V21__add_bike_last_update_time', NULL, 'adminuser', '2013-03-12 18:03:14', 6, 1),
	(23, 23, '22', 'update id of gpswireless', 'SPRING_JDBC', 'db.migration.V22__update_id_of_gpswireless', NULL, 'adminuser', '2013-03-12 18:03:14', 38, 1),
	(24, 24, '23', 'refactor kiosk log file', 'SQL', 'V23__refactor_kiosk_log_file.sql', 994702121, 'adminuser', '2013-03-12 18:03:14', 39, 1),
	(25, 25, '24', 'clean unused tables', 'SQL', 'V24__clean_unused_tables.sql', 41858447, 'adminuser', '2013-03-12 18:03:14', 21, 1),
	(26, 26, '25', 'drop key batch uaid', 'SPRING_JDBC', 'db.migration.V25__drop_key_batch_uaid', NULL, 'adminuser', '2013-03-12 18:03:14', 6, 1),
	(27, 27, '26', 'refactor tax table', 'SQL', 'V26__refactor_tax_table.sql', -532412433, 'adminuser', '2013-03-12 18:03:14', 17, 1),
	(28, 28, '27', 'upgrade systemconfig and tax', 'SQL', 'V27__upgrade_systemconfig_and_tax.sql', 257944381, 'adminuser', '2013-03-12 18:03:14', 30, 1),
	(29, 29, '28', 'change is stolen to is missing', 'SPRING_JDBC', 'db.migration.V28__change_is_stolen_to_is_missing', NULL, 'adminuser', '2013-03-12 18:03:14', 7, 1),
	(30, 30, '29', 'update event master with missing bike event', 'SQL', 'V29__update_event_master_with_missing_bike_event.sql', -1157939917, 'adminuser', '2013-03-12 18:03:14', 21, 1),
	(31, 31, '30', 'add bikeid to invoice line', 'SPRING_JDBC', 'db.migration.V30__add_bikeid_to_invoice_line', NULL, 'adminuser', '2013-03-12 18:03:14', 43, 1),
	(32, 32, '31', 'update billing item type with missing fee', 'SQL', 'V31__update_billing_item_type_with_missing_fee.sql', -488793756, 'adminuser', '2013-03-12 18:03:14', 58, 1),
	(33, 33, '32', 'gao role update', 'SQL', 'V32__gao_role_update.sql', -1215204661, 'adminuser', '2013-03-12 18:03:14', 15, 1),
	(34, 34, '33', 'hoang update alarm events', 'SQL', 'V33__hoang_update_alarm_events.sql', -1458954848, 'adminuser', '2013-03-14 15:49:35', 691, 1),
	(35, 35, '34', 'remove unsed triggers', 'SQL', 'V34__remove_unsed_triggers.sql', 1161208053, 'adminuser', '2013-03-21 14:31:53', 35, 1),
	(36, 36, '35', 'remove lookup product type', 'SQL', 'V35__remove_lookup_product_type.sql', -1820444577, 'adminuser', '2013-03-22 14:22:22', 124, 1),
	(37, 37, '36', 'remove product type email from to', 'SPRING_JDBC', 'db.migration.V36__remove_product_type_email_from_to', NULL, 'adminuser', '2013-03-22 15:37:50', 2217, 1);
/*!40000 ALTER TABLE `schema_version` ENABLE KEYS */;


-- Dumping structure for table naesta_cleanup.scm
DROP TABLE IF EXISTS `scm`;
CREATE TABLE IF NOT EXISTS `scm` (
  `id` int(10) NOT NULL AUTO_INCREMENT,
  `uaid` varchar(45) NOT NULL,
  `msnbc` varchar(100) DEFAULT NULL,
  `msnemb` varchar(100) DEFAULT NULL,
  `obcn` varchar(100) DEFAULT NULL,
  `registeredon` timestamp NULL DEFAULT NULL,
  `kiosk_id` int(10) DEFAULT NULL,
  `status_operative` int(1) DEFAULT NULL,
  `status_enabled` varchar(1) DEFAULT NULL,
  PRIMARY KEY (`id`),
  UNIQUE KEY `uaid_UNIQUE` (`uaid`),
  UNIQUE KEY `msnbc` (`msnbc`),
  UNIQUE KEY `msnemb` (`msnemb`),
  UNIQUE KEY `obcn` (`obcn`)
) ENGINE=InnoDB DEFAULT CHARSET=latin1;

-- Dumping data for table naesta_cleanup.scm: ~0 rows (approximately)
DELETE FROM `scm`;
/*!40000 ALTER TABLE `scm` DISABLE KEYS */;
/*!40000 ALTER TABLE `scm` ENABLE KEYS */;


-- Dumping structure for table naesta_cleanup.scu
DROP TABLE IF EXISTS `scu`;
CREATE TABLE IF NOT EXISTS `scu` (
  `id` int(10) NOT NULL AUTO_INCREMENT,
  `uaid` varchar(45) NOT NULL,
  `msnbc` varchar(100) DEFAULT NULL,
  `msnemb` varchar(100) DEFAULT NULL,
  `obcn` varchar(100) DEFAULT NULL,
  `macadress` varchar(45) DEFAULT NULL,
  `registeredon` timestamp NULL DEFAULT NULL,
  `kiosk_id` int(10) DEFAULT NULL,
  `status_operative` int(1) DEFAULT NULL,
  `status_enable` varchar(1) DEFAULT NULL,
  PRIMARY KEY (`id`),
  UNIQUE KEY `uaid_UNIQUE` (`uaid`),
  UNIQUE KEY `msnbc` (`msnbc`),
  UNIQUE KEY `msnemb` (`msnemb`),
  UNIQUE KEY `obcn` (`obcn`),
  UNIQUE KEY `macadress` (`macadress`)
) ENGINE=InnoDB AUTO_INCREMENT=106 DEFAULT CHARSET=latin1;

-- Dumping data for table naesta_cleanup.scu: ~23 rows (approximately)
DELETE FROM `scu`;
/*!40000 ALTER TABLE `scu` DISABLE KEYS */;
INSERT INTO `scu` (`id`, `uaid`, `msnbc`, `msnemb`, `obcn`, `macadress`, `registeredon`, `kiosk_id`, `status_operative`, `status_enable`) VALUES
	(83, '0004543', '00:d0:69:45:a5:7a', '00:d0:69:45:a5:7a', '00:d0:69:45:a5:7a', '00:d0:69:45:a5:7a', '2012-09-25 09:25:44', 313, 1, '1'),
	(84, '0004564', '00:d0:69:45:a5:2a', '00:d0:69:45:a5:2a', '00:d0:69:45:a5:2a', '00:d0:69:45:a5:2a', '2012-10-10 10:53:12', 315, 1, '1'),
	(85, '0004683', '00:d0:69:45:c5:36', '00:d0:69:45:c5:36', '00:d0:69:45:c5:36', '00:d0:69:45:c5:36', '2012-10-14 17:00:46', 316, 1, '1'),
	(86, '0004701', '00:d0:69:45:a5:e8', '00:d0:69:45:a5:e8', '00:d0:69:45:a5:e8', '00:d0:69:45:a5:e8', '2012-10-17 12:13:10', 317, 1, '1'),
	(87, '0004702', '00:d0:69:45:d9:08', '00:d0:69:45:d9:08', '00:d0:69:45:d9:08', '00:d0:69:45:d9:08', '2012-10-17 00:00:00', 320, 1, '1'),
	(88, '0004703', '00:d0:69:45:c4:ae', '00:d0:69:45:c4:ae', '00:d0:69:45:c4:ae', '00:d0:69:45:c4:ae', '2012-10-18 00:00:00', 318, 1, '1'),
	(89, '0004704', '00:d0:69:45:c2:8b', '00:d0:69:45:c2:8b', '00:d0:69:45:c2:8b', '00:d0:69:45:c2:8b', '2012-10-18 00:00:00', 319, 1, '1'),
	(90, '0004705', '00:d0:69:45:c5:2b', '00:d0:69:45:c5:2b', '00:d0:69:45:c5:2b', '00:d0:69:45:c5:2b', '2012-10-18 00:00:00', 322, 1, '1'),
	(91, '0004706', '00:d0:69:45:66:a9', '00:d0:69:45:66:a9', '00:d0:69:45:66:a9', '00:d0:69:45:66:a9', '2012-10-18 00:00:00', 323, 1, '1'),
	(92, '0004707', '00:d0:69:45:a4:fb', '00:d0:69:45:a4:fb', '00:d0:69:45:a4:fb', '00:d0:69:45:a4:fb', '2012-10-18 00:00:00', 324, 1, '1'),
	(93, '0004708', '00:d0:69:45:a5:a0', '00:d0:69:45:a5:a0', '00:d0:69:45:a5:a0', '00:d0:69:45:a5:a0', '2012-10-18 00:00:00', 325, 1, '1'),
	(94, '0004709', '00:d0:69:45:a5:8c', '00:d0:69:45:a5:8c', '00:d0:69:45:a5:8c', '00:d0:69:45:a5:8c', '2012-10-18 00:00:00', 326, 1, '1'),
	(95, '0004710', '00:d0:69:45:c4:a8', '00:d0:69:45:c4:a8', '00:d0:69:45:c4:a8', '00:d0:69:45:c4:a8', '2012-10-18 00:00:00', 327, 1, '1'),
	(96, '0004711', '00:d0:69:45:c5:59', '00:d0:69:45:c5:59', '00:d0:69:45:c5:59', '00:d0:69:45:c5:59', '2012-10-18 00:00:00', 328, 1, '1'),
	(97, '0004848', '00:d0:69:45:a4:7c', '00:d0:69:45:a4:7c', '00:d0:69:45:a4:7c', '00:d0:69:45:a4:7c', '2012-10-18 15:59:41', 329, 1, '1'),
	(98, '0006007', '0283', '00:d0:69:45:c5:d0', '00:d0:69:45:c5:d0', '00:d0:69:45:c5:d0', '2012-12-06 10:53:25', 331, 1, '1'),
	(99, '0006009', '0282', '00:d0:69:45:c5:c4', '00:d0:69:45:c5:c4', '00:d0:69:45:c5:c4', '2012-12-06 10:58:27', 332, 1, '1'),
	(100, '0006011', '0277', '00:d0:69:45:d8:80', '00:d0:69:45:d8:80', '00:d0:69:45:d8:80', '2012-12-06 15:16:51', 333, 1, '1'),
	(101, '0006014', '0273', '00:d0:69:45:c5:dc', '00:d0:69:45:c5:dc', '00:d0:69:45:c5:dc', '2012-12-06 15:31:38', 334, 1, '1'),
	(102, '0006016', '0272', '00:d0:69:45:c5:bb', '00:d0:69:45:c5:bb', '00:d0:69:45:c5:bb', '2012-12-06 15:32:31', 335, 1, '1'),
	(103, '0006018', '0276', '00:d0:69:45:c6:09', '00:d0:69:45:c6:09', '00:d0:69:45:c6:09', '2012-12-06 16:38:35', 336, 1, '1'),
	(104, '0006023', '0267', '00:d0:69:45:c5:d4', '00:d0:69:45:c5:d4', '00:d0:69:45:c5:d4', '2012-12-07 11:27:29', 338, 1, '1'),
	(105, '0006024', '00:d0:69:45:c3:f8', '00:d0:69:45:c3:f8', '00:d0:69:45:c3:f8', '00:d0:69:45:c3:f8', '2013-02-19 18:14:50', 340, 1, '1');
/*!40000 ALTER TABLE `scu` ENABLE KEYS */;


-- Dumping structure for table naesta_cleanup.sponsor
DROP TABLE IF EXISTS `sponsor`;
CREATE TABLE IF NOT EXISTS `sponsor` (
  `id` int(10) NOT NULL,
  `name` varchar(45) NOT NULL,
  `description` varchar(45) DEFAULT NULL,
  PRIMARY KEY (`id`)
) ENGINE=InnoDB DEFAULT CHARSET=latin1;

-- Dumping data for table naesta_cleanup.sponsor: ~0 rows (approximately)
DELETE FROM `sponsor`;
/*!40000 ALTER TABLE `sponsor` DISABLE KEYS */;
/*!40000 ALTER TABLE `sponsor` ENABLE KEYS */;


-- Dumping structure for table naesta_cleanup.station
DROP TABLE IF EXISTS `station`;
CREATE TABLE IF NOT EXISTS `station` (
  `id` int(10) NOT NULL AUTO_INCREMENT,
  `name` varchar(45) NOT NULL,
  `location` varchar(45) DEFAULT NULL,
  `latitude` double DEFAULT NULL,
  `longitude` double DEFAULT NULL,
  `status` int(2) DEFAULT NULL,
  `dpcapacity` int(5) NOT NULL,
  `createdby` varchar(45) DEFAULT NULL,
  `lastModifiedBy` varchar(45) DEFAULT NULL,
  `uaid` varchar(15) DEFAULT NULL,
  `isSponsored` int(2) DEFAULT NULL,
  `sponsorId` varchar(45) DEFAULT NULL,
  `landmark` varchar(256) DEFAULT NULL,
  `stAddress1` varchar(256) DEFAULT NULL,
  `stAddress2` varchar(256) DEFAULT NULL,
  `city` varchar(45) DEFAULT NULL,
  `postalCode` varchar(10) DEFAULT NULL,
  `streetIntersection` varchar(256) DEFAULT NULL,
  `dateCreated` datetime DEFAULT NULL,
  `dateLastModified` datetime DEFAULT NULL,
  `promotionalText` varchar(256) DEFAULT NULL,
  `nearbyInterest` varchar(100) DEFAULT NULL,
  `altitude` varchar(255) DEFAULT NULL,
  `teststation` tinyint(1) NOT NULL DEFAULT '0',
  `isdeleted` tinyint(1) NOT NULL DEFAULT '0',
  `isReboot` int(1) DEFAULT '0',
  `isRebootSW` int(1) DEFAULT '0',
  `nearByDistance` double NOT NULL DEFAULT '0',
  `obcn` varchar(45) DEFAULT NULL,
  PRIMARY KEY (`id`),
  UNIQUE KEY `UNIQUE_STXNAME` (`name`),
  UNIQUE KEY `uaid` (`uaid`),
  UNIQUE KEY `uaid_2` (`uaid`)
) ENGINE=InnoDB AUTO_INCREMENT=1419 DEFAULT CHARSET=latin1;

-- Dumping data for table naesta_cleanup.station: ~35 rows (approximately)
DELETE FROM `station`;
/*!40000 ALTER TABLE `station` DISABLE KEYS */;
INSERT INTO `station` (`id`, `name`, `location`, `latitude`, `longitude`, `status`, `dpcapacity`, `createdby`, `lastModifiedBy`, `uaid`, `isSponsored`, `sponsorId`, `landmark`, `stAddress1`, `stAddress2`, `city`, `postalCode`, `streetIntersection`, `dateCreated`, `dateLastModified`, `promotionalText`, `nearbyInterest`, `altitude`, `teststation`, `isdeleted`, `isReboot`, `isRebootSW`, `nearByDistance`, `obcn`) VALUES
	(1375, 'Test PBSC 1', 'PBSC', 40.755467, -73.986536, 1, 31, 'superuser', 'superuserXXX', '0000112', NULL, NULL, 'PBSC', 'Montreal', '', '', '', '2113 32nd Avenue', '2012-09-24 17:18:53', '2012-11-28 13:39:17', '', NULL, '', 0, 0, 0, 0, 5000, NULL),
	(1376, 'Navy Yard Test', 'Navy Yard', 994, 9494, 3, 24, 'TEST_Tech1', 'superuserXXX', '0000116', NULL, NULL, 'Ship', 'Building 293', 'Blue One', 'Brooklyn', '09876', 'Kent & Clement', '2012-10-12 11:38:46', '2012-11-22 11:15:14', 'HELLO', NULL, '', 0, 0, 0, 0, 0, NULL),
	(1377, '002', 'Building 50 A', 40.698373, -73.97683, 3, 0, 'dquarrell', 'superuserXXX', '0000117', NULL, NULL, '', 'Chauncy Ave', '', '', '', '', '2012-10-16 11:06:47', '2012-11-22 11:16:25', '', NULL, '', 0, 0, 0, 0, 0, NULL),
	(1378, '004', 'Sand St Entrance', 40.699475, -73.978763, 3, 34, 'dquarrell', 'superuserXXX', '0000118', NULL, NULL, '', 'Sand Street', '', '', '', '', '2012-10-16 11:08:12', '2012-11-22 11:18:11', '', NULL, '', 0, 0, 0, 0, 0, NULL),
	(1379, '005', '', 40.70184, -73.977167, 3, 9, 'dquarrell', 'superuserXXX', '0000119', NULL, NULL, '', '2nd Street', '', '', '', '', '2012-10-16 11:11:07', '2012-11-22 11:16:33', '', NULL, '', 0, 0, 0, 0, 0, NULL),
	(1380, '007', 'Waterfront', 0, 0, 3, 0, 'dquarrell', 'superuserXXX', '0000120', NULL, NULL, '', '4th Street', '', '', '', '', '2012-10-16 11:11:29', '2012-11-22 11:19:48', '', NULL, '', 0, 0, 0, 0, 0, NULL),
	(1381, '008', 'Building 77', 40.699198, -73.970736, 3, 15, 'dquarrell', 'superuserXXX', '0000121', NULL, NULL, '', 'Pauldings Street', '', '', '', '', '2012-10-16 11:12:02', '2012-11-22 11:19:37', '', NULL, '', 0, 0, 0, 0, 0, NULL),
	(1382, '009', 'Building 5', 40.698971, -73.973292, 3, 15, 'dquarrell', 'superuserXXX', '0000122', NULL, NULL, '', '7th Ave', '', '', '', '', '2012-10-16 11:12:32', '2012-11-22 11:18:20', '', NULL, '', 0, 0, 0, 0, 0, NULL),
	(1383, '012', 'Post Office', 40.699206, -73.970894, 3, 0, 'dquarrell', 'superuserXXX', '0000123', NULL, NULL, '', 'Market Street', '', '', '', '', '2012-10-16 11:13:11', '2012-11-22 11:18:47', '', NULL, '', 0, 0, 0, 0, 0, NULL),
	(1384, '013', 'Drydock 2-3', 40.700307, -73.971829, 3, 23, 'dquarrell', 'superuserXXX', '0000124', NULL, NULL, '', 'Drydock 2-3', '', '', '', '', '2012-10-16 11:13:32', '2012-11-22 11:18:30', '', NULL, '', 0, 0, 0, 0, 0, NULL),
	(1385, '014', 'Building 92', 40.698361, -73.973659, 3, 17, 'dquarrell', 'superuserXXX', '0000125', NULL, NULL, '', '7th Ave', '', '', '', '', '2012-10-16 11:13:58', '2012-11-22 11:19:19', '', NULL, '', 0, 0, 0, 0, 0, NULL),
	(1386, '015', 'Parking Lot South', 40.70455, -73.970226, 3, 20, 'dquarrell', 'superuserXXX', '0000126', NULL, NULL, '', 'Railroad Ave', '', '', '', '', '2012-10-16 11:14:21', '2012-11-22 11:18:58', '', NULL, '', 0, 0, 0, 0, 0, NULL),
	(1387, '016', 'East of Building 292', 40.705427, -73.971012, 3, 12, 'dquarrell', 'superuserXXX', '0000127', NULL, NULL, '', 'Railroad Ave', '', '', '', '', '2012-10-16 11:15:41', '2012-11-22 11:19:08', '', NULL, '', 0, 0, 0, 0, 0, NULL),
	(1388, '018', 'Kent St Entrance', 40.703342, -73.967547, 3, 0, 'dquarrell', 'superuserXXX', '0000128', NULL, NULL, '', 'Washington Ave', '', '', '', '', '2012-10-16 11:16:19', '2012-11-22 11:17:00', '', NULL, '', 0, 0, 0, 0, 0, NULL),
	(1389, '019', 'NW of Warehouse', 40.703418, -73.970097, 3, 36, 'dquarrell', 'superuserXXX', '0000129', NULL, NULL, '', 'Gee Ave', '', '', '', '', '2012-10-16 11:16:57', '2012-11-22 11:17:22', '', NULL, '', 0, 0, 0, 0, 0, NULL),
	(1390, '020', 'Between bldg 7 & 8', 40.703019, -73.969035, 3, 12, 'dquarrell', 'superuserXXX', '0000130', NULL, NULL, '', 'Gee Ave', '', '', '', '', '2012-10-16 11:17:23', '2012-11-22 11:16:10', '', NULL, '', 0, 0, 0, 0, 0, NULL),
	(1391, '021', '', 40.699265, -73.967426, 3, 0, 'dquarrell', 'superuserXXX', '0000131', NULL, NULL, '', 'Washington Ave', '', '', '', '', '2012-10-16 11:18:01', '2012-11-22 11:16:02', '', NULL, '', 0, 0, 0, 0, 0, NULL),
	(1392, '022', '', 40.699951, -73.967451, 3, 0, 'dquarrell', 'superuserXXX', '0000132', NULL, NULL, '', 'Washington Ave', '', '', '', '', '2012-10-16 11:18:16', '2012-11-22 11:15:52', '', NULL, '', 0, 0, 0, 0, 0, NULL),
	(1393, '023', '', 40.700585, -73.967408, 3, 0, 'dquarrell', 'superuserXXX', '0000133', NULL, NULL, '', 'Washington Ave', '', '', '', '', '2012-10-16 11:18:28', '2012-11-22 11:15:41', '', NULL, '', 0, 0, 0, 0, 0, NULL),
	(1394, '024', '', 40.701248, -73.967397, 3, 0, 'dquarrell', 'dquarrell', '0000134', NULL, NULL, '', 'Washington Ave', '', '', '', '', '2012-10-16 11:18:43', '2012-12-05 16:11:17', '', NULL, '', 0, 0, 0, 0, 0, NULL),
	(1395, 'Test PBSC 2', 'PBSC', 40.755461, -73.986536, 1, 28, 'TEST_Tech1', 'superuserXXX', '0000135', NULL, NULL, 'PBSC', '2113 32nd Avenue', '', 'Lachine', '09040', '', '2012-10-17 13:04:09', '2012-11-22 11:17:51', '', NULL, '', 0, 0, 0, 0, 5000, NULL),
	(1396, 'Test PBSC George', 'George Office\r\n', 40.755467, -73.986536, 1, 1, 'superuser', 'superuserXXX', '0000136', NULL, NULL, 'PBSC', 'George Office', '', 'Lachine', '09040', '', '2012-10-17 00:00:00', '2012-11-22 11:14:37', '', NULL, '', 0, 0, 0, 0, 1000, NULL),
	(1397, 'Boston Chat Test', 'Boston Warehouse', 123.03, 123.02, 3, 0, 'superuser', 'superuserXXX', '0000137', NULL, NULL, 'EMC2', '45 South St', '', 'Hopkinton', '01748', 'South St & Main St', '2012-10-17 15:36:15', '2012-11-22 11:14:26', '', NULL, '453', 0, 0, 0, 0, 0, NULL),
	(1399, 'Boston NYC Test', '', 0, 0, 3, 0, 'superuser', 'superuserXXX', '0000140', NULL, NULL, 'EMC2', '45 South Street', '', 'Hopkinton', '', '', '2012-10-24 15:18:59', '2012-11-22 11:14:12', '', NULL, '', 0, 0, 0, 0, 0, NULL),
	(1402, 'Test PBSC Jimmi', 'PBSC', 40.755467, -73.986536, 1, 8, 'superuser', 'superuser', '0000220', NULL, NULL, 'PBSC', 'Jim Location', '', 'Lachine', '09040', '', '2012-10-17 00:00:00', '2013-03-12 13:40:06', '', NULL, '', 0, 0, 0, 0, 1000, '123'),
	(1403, 'Station 20', '', 40.703019, -73.969035, 1, 12, 'superuserXXX', NULL, '0000205', NULL, NULL, '', 'Station 20', '', '', '', '', '2012-12-06 10:51:45', NULL, '', NULL, '', 0, 0, 0, 0, 5000, NULL),
	(1404, 'Station 15', '', 40.70455, -73.970226, 1, 20, 'superuserXXX', 'dquarrell', '0000206', NULL, NULL, '', 'Station 15', '', '', '', '', '2012-12-06 10:57:43', '2012-12-06 16:02:06', '', NULL, '', 0, 0, 0, 0, 5000, NULL),
	(1405, 'Station 12', '', 40.699206, -73.970894, 1, 29, 'superuserXXX', 'superuserXXX', '0000207', NULL, NULL, '', 'Station 12', '', '', '', '', '2012-12-06 15:15:43', '2012-12-06 15:36:58', '', NULL, '', 0, 0, 0, 0, 5000, NULL),
	(1406, 'Station 9', '', 40.698971, -73.973292, 1, 15, 'superuserXXX', 'superuserXXX', '0000208', NULL, NULL, '', 'Station 9', '', '', '', '', '2012-12-06 15:30:31', '2012-12-11 16:07:06', '', NULL, '', 0, 0, 0, 0, 5000, NULL),
	(1407, 'Station 13', '', 40.700307, -73.971829, 1, 23, 'superuserXXX', 'superuserXXX', '0000209', NULL, NULL, '', 'Station 13', '', '', '', '', '2012-12-06 15:30:41', '2012-12-06 15:37:36', '', NULL, '', 0, 0, 0, 0, 5000, NULL),
	(1408, 'Station 14', '', 40.698361, -73.973659, 1, 8, 'superuserXXX', NULL, '0000210', NULL, NULL, '', 'Station 14', '', '', '', '', '2012-12-06 16:37:54', NULL, '', NULL, '', 0, 0, 0, 0, 5000, NULL),
	(1411, 'Station 4', '', 40.699475, -73.978763, 1, 18, 'superuserXXX', NULL, '0000213', NULL, NULL, '', 'Station 4', '', '', '', '', '2012-12-07 11:26:43', NULL, '', NULL, '', 0, 0, 0, 0, 5000, NULL),
	(1415, 'Test Station', '', 0, 0, 4, 0, 'superuserXXX', 'superuserXXX', '0000217', NULL, NULL, '', 'Down the block', '', 'Far Far away', '', '', '2012-12-10 13:53:23', '2012-12-10 13:53:49', '', NULL, '', 0, 0, 0, 0, 0, NULL),
	(1417, 'Test Station SF', '', 0, 0, 4, 0, 'superuser', 'superuser', '0000219', NULL, NULL, 'PBSC', 'Anywhere St / Lost Ave', '', '', '', 'Anywhere Street / Lost Avenue', '2013-02-01 08:45:06', '2013-02-01 08:49:36', '', NULL, '', 0, 0, 0, 0, 0, NULL),
	(1418, 'Test PBSC 4', 'PBSC', 40.755461, -73.986536, 1, 4, 'TEST_Tech1', 'superuser', '0000300', NULL, NULL, 'PBSC', '2113 32nd Avenue Test 4', '', 'Lachine', '09040', '', '2012-10-17 13:04:09', '2013-03-12 14:20:43', '', NULL, '', 0, 0, 0, 0, 5000, '234');
/*!40000 ALTER TABLE `station` ENABLE KEYS */;


-- Dumping structure for table naesta_cleanup.station_interest_point
DROP TABLE IF EXISTS `station_interest_point`;
CREATE TABLE IF NOT EXISTS `station_interest_point` (
  `id` int(10) NOT NULL AUTO_INCREMENT,
  `interestPoint` varchar(250) DEFAULT NULL,
  `distance` double DEFAULT NULL,
  `stationId` int(10) DEFAULT NULL,
  `uaid` varchar(7) DEFAULT NULL,
  `creationDate` datetime DEFAULT NULL,
  PRIMARY KEY (`id`)
) ENGINE=InnoDB AUTO_INCREMENT=4 DEFAULT CHARSET=latin1;

-- Dumping data for table naesta_cleanup.station_interest_point: ~3 rows (approximately)
DELETE FROM `station_interest_point`;
/*!40000 ALTER TABLE `station_interest_point` DISABLE KEYS */;
INSERT INTO `station_interest_point` (`id`, `interestPoint`, `distance`, `stationId`, `uaid`, `creationDate`) VALUES
	(1, 'Coffee Machine', 3, 1398, '0000103', '2012-10-23 14:04:51'),
	(2, 'Coffee Machine', 3, 1375, '0000104', '2012-11-08 13:37:09'),
	(3, 'Danny', 2, 1415, '0000201', '2012-12-10 13:56:31');
/*!40000 ALTER TABLE `station_interest_point` ENABLE KEYS */;


-- Dumping structure for table naesta_cleanup.systemconfig
DROP TABLE IF EXISTS `systemconfig`;
CREATE TABLE IF NOT EXISTS `systemconfig` (
  `id` int(10) NOT NULL AUTO_INCREMENT,
  `paramname` varchar(45) NOT NULL,
  `paramvalue` varchar(45) DEFAULT NULL,
  `category` int(10) unsigned NOT NULL,
  `subcategory` int(10) unsigned NOT NULL,
  `isremovable` int(2) unsigned NOT NULL,
  `createdby` varchar(45) NOT NULL,
  `createdon` timestamp NOT NULL DEFAULT CURRENT_TIMESTAMP ON UPDATE CURRENT_TIMESTAMP,
  `modifiedby` varchar(45) NOT NULL,
  `modifiedon` timestamp NOT NULL DEFAULT '0000-00-00 00:00:00',
  PRIMARY KEY (`id`)
) ENGINE=InnoDB AUTO_INCREMENT=46 DEFAULT CHARSET=latin1 ROW_FORMAT=COMPACT;

-- Dumping data for table naesta_cleanup.systemconfig: ~45 rows (approximately)
DELETE FROM `systemconfig`;
/*!40000 ALTER TABLE `systemconfig` DISABLE KEYS */;
INSERT INTO `systemconfig` (`id`, `paramname`, `paramvalue`, `category`, `subcategory`, `isremovable`, `createdby`, `createdon`, `modifiedby`, `modifiedon`) VALUES
	(1, 'schd_freq', '15', 1, 1, 0, 'superuser', '2012-10-15 15:43:46', 'superuser', '2012-10-15 15:43:46'),
	(2, 'NEARBY_STX_DIST', '2000', 2, 3, 0, 'superuser', '2012-10-15 15:43:46', 'superuser', '2012-10-15 15:43:46'),
	(3, 'NEARBY_STX_COUNT', '5', 2, 3, 0, 'superuser', '2012-10-15 15:43:46', 'superuser', '2012-10-15 15:43:46'),
	(4, 'GRACE_PERIOD_IN_DAYS', '5', 1, 1, 0, 'superuser', '2012-10-15 15:43:46', 'superuser', '2012-10-15 15:43:46'),
	(5, 'STATION_EMPTY_ALARM', '20', 2, 3, 0, 'superuser', '2012-10-15 15:43:46', 'superuser', '2012-10-15 15:43:46'),
	(6, 'STATION_FULL_ALARM', '80', 2, 3, 0, 'superuser', '2012-10-15 15:43:46', 'superuser', '2012-10-15 15:43:46'),
	(7, 'STATION_INACTIVETIME', '1', 2, 3, 0, 'superuser', '2012-10-15 15:43:46', 'superuserXXX', '2012-11-28 13:15:14'),
	(8, 'HEARTBEAT_INTERVAL', '600', 2, 3, 0, 'superuser', '2013-01-22 16:10:41', 'superuser', '2012-10-15 15:43:46'),
	(9, 'HB_COUNT_TIME_OUTS', '2', 2, 3, 0, 'superuser', '2012-10-15 15:43:46', 'superuser', '2012-10-15 15:43:46'),
	(10, 'BIKE_STOLEN_TIME', '86400', 2, 3, 0, 'superuser', '2012-10-15 15:43:46', 'superuser', '2012-10-15 15:43:46'),
	(11, 'AVAILABLE_BIKE_COUNT', '0', 1, 1, 0, 'superuser', '2012-10-15 15:43:46', 'superuserXXX', '2012-11-27 14:32:48'),
	(12, 'AVAILABLE_DOCK_COUNT', '0', 1, 1, 0, 'superuser', '2012-10-15 15:43:46', 'superuserXXX', '2012-11-27 14:41:57'),
	(13, 'BIKE_STOLEN_FEE', '900', 1, 1, 0, 'superuser', '2013-01-25 12:59:59', 'superuser', '2012-10-15 15:43:46'),
	(14, 'WHITELIST_UPDATE_INTERVAL', '24', 2, 3, 0, 'superuser', '2012-10-15 15:43:46', 'superuser', '2012-10-15 15:43:46'),
	(15, 'LOG_UPDATE_INTERVAL', '24', 2, 3, 0, 'superuser', '2012-10-15 15:43:46', 'superuser', '2012-10-15 15:43:46'),
	(16, 'LOG_FILE_MAX_SIZE', '5', 2, 3, 0, 'superuser', '2012-10-15 15:43:46', 'superuser', '2012-10-15 15:43:46'),
	(17, 'LCD_INTENSITY_LEVEL', '5', 2, 3, 0, 'superuser', '2012-10-15 15:43:46', 'superuser', '2012-10-15 15:43:46'),
	(18, 'SCU_APP_LOG_VERBOSITY', 'ERROR', 2, 3, 0, 'superuser', '2012-10-15 15:43:46', 'superuser', '2012-10-15 15:43:46'),
	(19, 'BSS_NAME', 'BIKE SHARING SYSTEM', 2, 3, 0, 'superuser', '2012-10-15 15:43:46', 'superuser', '2012-10-15 15:43:46'),
	(20, 'UNLOCK_CODE_EXPIRATION', '5', 2, 3, 0, 'superuser', '2012-10-15 15:43:46', 'superuser', '2012-10-15 15:43:46'),
	(21, 'MAX_BIKE_RENTALS', '2', 2, 3, 0, 'superuser', '2012-10-15 15:43:46', 'superuserXXX', '2012-11-22 16:16:26'),
	(22, 'AMT_DEDUCTED_FROM_MEMBERSHIP_AC', '6', 2, 3, 0, 'superuser', '2012-10-15 15:43:46', 'superuser', '2012-10-15 15:43:46'),
	(23, 'AMT_HOLD_ON_CC', '101', 2, 3, 0, 'superuser', '2012-10-15 15:43:46', 'superuser', '2012-10-15 15:43:46'),
	(24, 'PRINTED_RECEIPT_FEE', '1', 2, 3, 0, 'superuser', '2012-10-15 15:43:46', 'superuser', '2012-10-15 15:43:46'),
	(25, 'REQUESTED_TIMECREDIT', '15', 2, 3, 0, 'superuser', '2012-10-15 15:43:46', 'superuser', '2012-10-15 15:43:46'),
	(26, 'BDP_ BAUDRATE', '115200', 2, 5, 0, 'superuser', '2012-10-15 15:43:46', 'superuser', '2012-10-15 15:43:46'),
	(27, 'BDP_ BUZZER_FREQ', '300', 2, 5, 0, 'superuser', '2012-10-15 15:43:46', 'superuser', '2012-10-15 15:43:46'),
	(28, 'MOTOR_TIMEOUT', '500', 2, 5, 0, 'superuser', '2012-10-15 15:43:46', 'superuser', '2012-10-15 15:43:46'),
	(29, 'BAUDRATE', '115200', 2, 5, 0, 'superuser', '2012-10-15 15:43:46', 'superuser', '2012-10-15 15:43:46'),
	(30, 'BDP_PORT_NAME', '/dev/TBS', 2, 5, 0, 'superuser', '2012-10-15 15:43:46', 'superuser', '2012-10-15 15:43:46'),
	(31, 'SCM_BAUDRATE', '115200', 2, 4, 0, 'superuser', '2012-10-15 15:43:46', 'superuser', '2012-10-15 15:43:46'),
	(32, 'SCM_PORTNAME', '/dev/TBS', 2, 4, 0, 'superuser', '2012-10-15 15:43:46', 'superuser', '2012-10-15 15:43:46'),
	(33, 'GPS_SAMPLE_RATE', '6', 2, 6, 0, 'superuser', '2012-10-15 15:43:46', 'superuser', '2012-10-15 15:43:46'),
	(34, 'HW_LOG_FILE_NAME', 'ScuDevice.log', 2, 7, 0, 'superuser', '2012-10-15 15:43:46', 'superuser', '2012-10-15 15:43:46'),
	(35, 'HW_LOG_VERBOSITY', 'ERROR', 2, 7, 0, 'superuser', '2012-10-15 15:43:46', 'superuser', '2012-10-15 15:43:46'),
	(36, 'SECURITY_KEY', 'TBD', 1, 1, 0, 'superuser', '2012-10-15 15:43:46', 'superuser', '2012-10-15 15:43:46'),
	(37, 'BDP_NUM', '64', 2, 5, 0, 'superuser', '2012-10-15 15:43:46', 'superuser', '2012-10-15 15:43:46'),
	(38, 'KEY_LABEL_WIDTH', '1.2', 1, 1, 0, 'superuserXXX', '2013-01-08 11:17:29', 'superuserXXX', '2013-01-08 11:16:26'),
	(39, 'KEY_LABEL_HEIGHT', '1.2', 1, 1, 0, 'superuserXXX', '2013-01-08 11:17:33', 'superuserXXX', '2013-01-08 11:17:01'),
	(40, 'KEY_LABEL_PADDING', '0.1', 1, 1, 0, 'superuserXXX', '2013-01-08 11:17:36', 'superuserXXX', '2013-01-08 11:17:17'),
	(41, 'MAX_INV_AUTO_PAY', '100', 1, 1, 0, 'superuser', '2013-01-31 10:24:41', 'superuser', '2013-01-31 10:24:41'),
	(42, 'DAYS_HOLD_AMOUNT', '5', 2, 2, 0, 'superuser', '2013-02-12 10:25:34', 'superuser', '2013-02-12 10:28:44'),
	(43, 'DAYS_PASSWORD_EXPIRE', '30', 1, 1, 0, 'superuser', '2013-02-22 11:44:31', 'superuser', '2013-02-22 11:44:31'),
	(44, 'DAY_UBE_INVOICE', '3', 1, 1, 0, 'superuser', '2013-02-27 15:40:36', 'superuser', '2013-02-27 15:40:36'),
	(45, 'ALARM_SEND_MAIL_FRQ', '10', 1, 1, 0, 'superuser', '2013-02-13 14:46:32', 'superuser', '2013-03-14 14:46:32');
/*!40000 ALTER TABLE `systemconfig` ENABLE KEYS */;


-- Dumping structure for table naesta_cleanup.tax
DROP TABLE IF EXISTS `tax`;
CREATE TABLE IF NOT EXISTS `tax` (
  `ID` int(11) unsigned NOT NULL AUTO_INCREMENT,
  `EFFECTIVE_DATE` date NOT NULL,
  `TAX1_NAME` varchar(150) DEFAULT NULL,
  `TAX1_PERCENT` double DEFAULT '0',
  `TAX2_NAME` varchar(150) DEFAULT NULL,
  `TAX2_PERCENT` double DEFAULT '0',
  `COMPOUND` tinyint(1) DEFAULT '0',
  `ACTIVE` tinyint(1) DEFAULT '1',
  PRIMARY KEY (`ID`)
) ENGINE=InnoDB AUTO_INCREMENT=3 DEFAULT CHARSET=latin1;

-- Dumping data for table naesta_cleanup.tax: ~1 rows (approximately)
DELETE FROM `tax`;
/*!40000 ALTER TABLE `tax` DISABLE KEYS */;
INSERT INTO `tax` (`ID`, `EFFECTIVE_DATE`, `TAX1_NAME`, `TAX1_PERCENT`, `TAX2_NAME`, `TAX2_PERCENT`, `COMPOUND`, `ACTIVE`) VALUES
	(2, '2013-01-01', 'Sales Tax', 0.08875, NULL, 0, 0, 1);
/*!40000 ALTER TABLE `tax` ENABLE KEYS */;


-- Dumping structure for table naesta_cleanup.temp
DROP TABLE IF EXISTS `temp`;
CREATE TABLE IF NOT EXISTS `temp` (
  `id` int(11) NOT NULL AUTO_INCREMENT,
  `event_id` int(11) DEFAULT NULL,
  `event_type` int(11) DEFAULT NULL,
  PRIMARY KEY (`id`)
) ENGINE=InnoDB DEFAULT CHARSET=latin1;

-- Dumping data for table naesta_cleanup.temp: ~0 rows (approximately)
DELETE FROM `temp`;
/*!40000 ALTER TABLE `temp` DISABLE KEYS */;
/*!40000 ALTER TABLE `temp` ENABLE KEYS */;


-- Dumping structure for table naesta_cleanup.temp1
DROP TABLE IF EXISTS `temp1`;
CREATE TABLE IF NOT EXISTS `temp1` (
  `num` bigint(21) NOT NULL DEFAULT '0',
  `location` varchar(111) DEFAULT NULL,
  `dateval` varchar(35) CHARACTER SET utf8 DEFAULT NULL
) ENGINE=MyISAM DEFAULT CHARSET=latin1;

-- Dumping data for table naesta_cleanup.temp1: 0 rows
DELETE FROM `temp1`;
/*!40000 ALTER TABLE `temp1` DISABLE KEYS */;
/*!40000 ALTER TABLE `temp1` ENABLE KEYS */;


-- Dumping structure for table naesta_cleanup.temp2
DROP TABLE IF EXISTS `temp2`;
CREATE TABLE IF NOT EXISTS `temp2` (
  `dateval` varchar(35) CHARACTER SET utf8 DEFAULT NULL,
  `New York, NY` bigint(21) DEFAULT NULL,
  `Washing, DC` bigint(21) DEFAULT NULL,
  `Portland, OR` bigint(21) DEFAULT NULL
) ENGINE=MyISAM DEFAULT CHARSET=latin1;

-- Dumping data for table naesta_cleanup.temp2: 0 rows
DELETE FROM `temp2`;
/*!40000 ALTER TABLE `temp2` DISABLE KEYS */;
/*!40000 ALTER TABLE `temp2` ENABLE KEYS */;


-- Dumping structure for table naesta_cleanup.timecredit
DROP TABLE IF EXISTS `timecredit`;
CREATE TABLE IF NOT EXISTS `timecredit` (
  `id` int(10) NOT NULL AUTO_INCREMENT,
  `tripid` int(10) NOT NULL,
  `timecredited` int(5) NOT NULL,
  `stationid` int(10) NOT NULL,
  `timeofrequest` timestamp NOT NULL DEFAULT CURRENT_TIMESTAMP ON UPDATE CURRENT_TIMESTAMP,
  PRIMARY KEY (`id`),
  KEY `timecredittripid` (`tripid`),
  KEY `timcreditstationid` (`stationid`),
  KEY `FK_trip` (`id`),
  KEY `FK4A73F006FE738061` (`tripid`),
  KEY `FK_STATION` (`stationid`),
  CONSTRAINT `FK_STATION` FOREIGN KEY (`stationid`) REFERENCES `station` (`id`) ON DELETE NO ACTION ON UPDATE NO ACTION,
  CONSTRAINT `FK_TRIP` FOREIGN KEY (`tripid`) REFERENCES `tripinfo` (`id`) ON DELETE NO ACTION ON UPDATE NO ACTION
) ENGINE=InnoDB DEFAULT CHARSET=latin1;

-- Dumping data for table naesta_cleanup.timecredit: ~0 rows (approximately)
DELETE FROM `timecredit`;
/*!40000 ALTER TABLE `timecredit` DISABLE KEYS */;
/*!40000 ALTER TABLE `timecredit` ENABLE KEYS */;


-- Dumping structure for table naesta_cleanup.transaction_history
DROP TABLE IF EXISTS `transaction_history`;
CREATE TABLE IF NOT EXISTS `transaction_history` (
  `id` int(10) NOT NULL AUTO_INCREMENT,
  `order_line_id` int(11) NOT NULL,
  `order_id` int(11) NOT NULL,
  `transaction_type` int(2) NOT NULL,
  `amount` double NOT NULL,
  `create_datetime` datetime NOT NULL,
  `description` varchar(256) NOT NULL,
  `customer_id` int(10) NOT NULL,
  `customer_billing_id` varchar(255) NOT NULL,
  `created_by` varchar(45) NOT NULL,
  PRIMARY KEY (`id`),
  UNIQUE KEY `ORDER_LINE_ID_UNIQUE` (`order_line_id`)
) ENGINE=InnoDB AUTO_INCREMENT=10 DEFAULT CHARSET=latin1 ROW_FORMAT=COMPACT;

-- Dumping data for table naesta_cleanup.transaction_history: ~9 rows (approximately)
DELETE FROM `transaction_history`;
/*!40000 ALTER TABLE `transaction_history` DISABLE KEYS */;
INSERT INTO `transaction_history` (`id`, `order_line_id`, `order_id`, `transaction_type`, `amount`, `create_datetime`, `description`, `customer_id`, `customer_billing_id`, `created_by`) VALUES
	(1, 215946, 213261, 2, 1, '2012-11-28 14:13:55', 'TEST TO ADD A TRANSACTION', 61, '3633', 'superuserXXX'),
	(2, 215948, 213262, 2, 1, '2012-11-28 14:18:47', 'test2', 61, '3633', 'superuserXXX'),
	(3, 215952, 213244, 1, 10, '2012-11-28 14:28:53', 'Reversal - 24 Hour Subscription', 116, '3750', 'superuserXXX'),
	(4, 215954, 213244, 1, 9.9, '2012-11-28 14:30:04', 'Reversal - 24 Hour Subscription', 116, '3750', 'superuserXXX'),
	(5, 216643, 213541, 1, 9.95, '2012-12-10 13:49:54', 'Reversal - 24 Hour Subscription', 139, '3807', 'superuserXXX'),
	(6, 216707, 213548, 2, 1, '2012-12-11 10:52:59', 'Add a charge', 86, '3682', 'superuserXXX'),
	(7, 216708, 213548, 1, 1, '2012-12-11 10:55:45', 'Discount, process a refund testing', 86, '3682', 'superuserXXX'),
	(8, 216995, 213609, 1, 19.9, '2012-12-12 15:46:32', 'Reversal - 24 Hour Subscription\n-Testing at Navy Yard-', 147, '3821', 'superuserXXX'),
	(9, 6, 5, 2, 25, '2013-01-10 16:08:23', 'my testing for billing', 152, '11705417', 'superuser');
/*!40000 ALTER TABLE `transaction_history` ENABLE KEYS */;


-- Dumping structure for table naesta_cleanup.tripinfo
DROP TABLE IF EXISTS `tripinfo`;
CREATE TABLE IF NOT EXISTS `tripinfo` (
  `id` int(10) NOT NULL AUTO_INCREMENT,
  `customerid` int(10) DEFAULT NULL,
  `starttime` timestamp NULL DEFAULT NULL,
  `stoptime` timestamp NULL DEFAULT NULL,
  `bikeid` int(10) NOT NULL,
  `distancetravelled` float DEFAULT NULL,
  `calorieburnt` float DEFAULT NULL,
  `fuelsaved` float DEFAULT NULL,
  `tripduration` float DEFAULT NULL,
  `userId` int(10) DEFAULT NULL,
  `uaid` varchar(7) DEFAULT NULL,
  `billingOrderId` bigint(20) DEFAULT NULL,
  `usageFee` double DEFAULT NULL,
  `fromdp` int(10) DEFAULT NULL,
  `todp` int(10) DEFAULT NULL,
  PRIMARY KEY (`id`),
  KEY `tripbikeid` (`bikeid`),
  KEY `FK5A173E539DE34F45` (`customerid`),
  KEY `FK5A173E538FFDC98B` (`bikeid`),
  KEY `FK_User` (`userId`),
  CONSTRAINT `FK5A173E538FFDC98B` FOREIGN KEY (`bikeid`) REFERENCES `bike` (`id`),
  CONSTRAINT `FK5A173E539DE34F45` FOREIGN KEY (`customerid`) REFERENCES `customer` (`id`),
  CONSTRAINT `FK_User` FOREIGN KEY (`userId`) REFERENCES `user` (`id`)
) ENGINE=InnoDB DEFAULT CHARSET=latin1;

-- Dumping data for table naesta_cleanup.tripinfo: ~0 rows (approximately)
DELETE FROM `tripinfo`;
/*!40000 ALTER TABLE `tripinfo` DISABLE KEYS */;
/*!40000 ALTER TABLE `tripinfo` ENABLE KEYS */;


-- Dumping structure for table naesta_cleanup.triptemp
DROP TABLE IF EXISTS `triptemp`;
CREATE TABLE IF NOT EXISTS `triptemp` (
  `Day` varchar(64) CHARACTER SET utf8 DEFAULT NULL,
  `Trips System-wide` bigint(21) NOT NULL DEFAULT '0',
  `Average Number of Trips System-wide` decimal(24,4) DEFAULT NULL
) ENGINE=MyISAM DEFAULT CHARSET=latin1;

-- Dumping data for table naesta_cleanup.triptemp: 0 rows
DELETE FROM `triptemp`;
/*!40000 ALTER TABLE `triptemp` DISABLE KEYS */;
/*!40000 ALTER TABLE `triptemp` ENABLE KEYS */;


-- Dumping structure for table naesta_cleanup.user
DROP TABLE IF EXISTS `user`;
CREATE TABLE IF NOT EXISTS `user` (
  `id` int(10) NOT NULL AUTO_INCREMENT,
  `username` varchar(45) NOT NULL,
  `password` varchar(45) DEFAULT NULL,
  `enabled` tinyint(1) DEFAULT NULL,
  `usertype` int(11) NOT NULL,
  `firstname` varchar(45) NOT NULL,
  `middlename` varchar(45) DEFAULT NULL,
  `lastname` varchar(45) NOT NULL,
  `email` varchar(45) NOT NULL,
  `address` varchar(100) DEFAULT NULL,
  `phone` varchar(15) DEFAULT NULL,
  `language` varchar(10) DEFAULT NULL,
  `security_question_id` int(10) DEFAULT NULL,
  `answer` varchar(255) DEFAULT NULL,
  `status` varchar(10) DEFAULT NULL,
  `uaid` varchar(50) DEFAULT NULL,
  `passwordExpireTime` timestamp NULL DEFAULT NULL,
  PRIMARY KEY (`id`,`usertype`),
  UNIQUE KEY `UNIQUE_USERNAME` (`username`)
) ENGINE=InnoDB AUTO_INCREMENT=100654 DEFAULT CHARSET=latin1;

-- Dumping data for table naesta_cleanup.user: ~122 rows (approximately)
DELETE FROM `user`;
/*!40000 ALTER TABLE `user` DISABLE KEYS */;
INSERT INTO `user` (`id`, `username`, `password`, `enabled`, `usertype`, `firstname`, `middlename`, `lastname`, `email`, `address`, `phone`, `language`, `security_question_id`, `answer`, `status`, `uaid`, `passwordExpireTime`) VALUES
	(1, 'superuser', '3a494a7773d1b99a977a97ed57b4dd96', 1, 2, 'Admin', '', 'Admin', 'yuri@publicbikesystem.com', NULL, '1234567890', 'en', 1, 'answer', 'Active', '0000001', '2022-02-20 19:35:47'),
	(2, 'technician', 'd3dff84c04db414de3e17a2727c4fc26', 1, 5, 'Alain', NULL, 'Ayotte', 'yuri@publicbikesystem.com', NULL, '', NULL, 1, 'answer', 'Active', '0000002', NULL),
	(3, 'KIOSK_USER', 'eb1be14926ab2dcaf64cd15fc70773d7', 1, 2, 'Kiosk', NULL, 'User', 'noemail', NULL, NULL, NULL, 1, 'answer', 'Active', '0000003', NULL),
	(99, 'aperez', '637431a6ad1f6babeab28e0f5ea2c4b4', 1, 2, 'ALIRIO', '', 'PEREZ', 'a@a.com', NULL, NULL, 'en', 1, 'answer', 'Active', '9999999', NULL),
	(100531, 'dquarrell', '86729bbc0cd50c2cf42734787badd173', 1, 5, 'Danny', NULL, 'Quarell', 'dannyquarrell@altabicycleshare.com', NULL, '503-200-3278', NULL, 1, 'answer', 'Active', '0000179', NULL),
	(100532, 'wvictoria1', '34722f750148e327f76864b23aa0000c', 1, 5, 'Wilson', NULL, 'Victoria', 'wvictoria@publicbikesystem.com', NULL, '', NULL, 1, 'answer', 'Deleted', '0000180', NULL),
	(100533, 'TEST_Adm1', '6184000787fa9db8645756bd93708e70', 1, 5, 'Test', NULL, 'Adm1', 'TEST_Adm1@publicbikesystem.com', NULL, '', NULL, 1, 'answer', 'Active', '0000184', NULL),
	(100534, 'TEST_Adm2', '6184000787fa9db8645756bd93708e70', 1, 5, 'Test', NULL, 'Adm2', 'TEST_Adm2@publicbikesystem.com', NULL, '', NULL, 1, 'answer', 'Active', '0000185', NULL),
	(100535, 'TEST_Adm3', '6184000787fa9db8645756bd93708e70', 1, 5, 'Test', NULL, 'Adm3', 'TEST_Adm3@publicbikesystem.com', NULL, '', NULL, 1, 'answer', 'Active', '0000186', NULL),
	(100536, 'TEST_Tech1', '6184000787fa9db8645756bd93708e70', 1, 2, 'Test', NULL, 'Tech1', 'TEST_Tech1@publicbikesystem.com', NULL, '', NULL, 1, 'answer', 'Active', '0000187', NULL),
	(100537, 'TEST_Tech2', '6184000787fa9db8645756bd93708e70', 1, 2, 'Test', NULL, 'Tech2', 'test_tech2@publicbikesystem.com', NULL, '', NULL, 1, 'answer', 'Active', '0000188', NULL),
	(100538, 'TEST_Tech3', '6184000787fa9db8645756bd93708e70', 1, 2, 'Test', NULL, 'Tech3', 'test_tech3@publicbikesystem.com', NULL, '', NULL, 1, 'answer', 'Active', '0000189', NULL),
	(100539, 'TEST_Sup1', '6184000787fa9db8645756bd93708e70', 1, 5, 'Test', NULL, 'Sup1', 'test_sup1@publicbikesystem.com', NULL, '', NULL, 1, 'answer', 'Active', '0000190', NULL),
	(100540, 'TEST_Sup2', '6184000787fa9db8645756bd93708e70', 1, 5, 'Test', NULL, 'Sup2', 'test_sup2@publicbikesystem.com', NULL, '', NULL, 1, 'answer', 'Active', '0000191', NULL),
	(100541, 'TEST_Sup3', '6184000787fa9db8645756bd93708e70', 1, 5, 'Test', NULL, 'Sup3', 'test_sup3@publicbikesystem.com', NULL, '', NULL, 1, 'answer', 'Active', '0000192', NULL),
	(100542, 'TEST_Op1', '6184000787fa9db8645756bd93708e70', 1, 5, 'Test', NULL, 'Op1', 'test_op1@publicbikesystem.com', NULL, '', NULL, 1, 'answer', 'Active', '0000193', NULL),
	(100543, 'TEST_Op2', '6184000787fa9db8645756bd93708e70', 1, 5, 'Test', NULL, 'Op2', 'test_op2@publicbikesystem.com', NULL, '', NULL, 1, 'answer', 'Active', '0000194', NULL),
	(100544, 'TEST_Op3', '6184000787fa9db8645756bd93708e70', 1, 5, 'Test', NULL, 'Op3', 'test_op3@publicbikesystem.com', NULL, '', NULL, 1, 'answer', 'Active', '0000195', NULL),
	(100545, 'TEST_Iadm1', '6184000787fa9db8645756bd93708e70', 1, 5, 'Test', NULL, 'Iadm1', 'TEST_Iadm1@publicbikesystem.com', NULL, '', NULL, 1, 'answer', 'Active', '0000196', NULL),
	(100546, 'TEST_Iadm2', '6184000787fa9db8645756bd93708e70', 1, 5, 'Test', NULL, 'Iadm2', 'TEST_Iadm2@publicbikesystem.com', NULL, '', NULL, 1, 'answer', 'Active', '0000197', NULL),
	(100547, 'TEST_ITec1', '6184000787fa9db8645756bd93708e70', 1, 2, 'Test', NULL, 'ITec1', 'TEST_ITec1@publicbikesystem.com', NULL, '', NULL, 1, 'answer', 'Active', '0000198', NULL),
	(100548, 'TEST_ITec2', '6184000787fa9db8645756bd93708e70', 1, 2, 'Test', NULL, 'ITec2', 'TEST_ITec2@publicbikesystem.com', NULL, '', NULL, 1, 'answer', 'Active', '0000199', NULL),
	(100549, 'TEST_ISup1', '6184000787fa9db8645756bd93708e70', 1, 5, 'Test', NULL, 'ISup1', 'TEST_ISup1@publicbikesystem.com', NULL, '', NULL, 1, 'answer', 'Active', '0000200', NULL),
	(100550, 'TEST_ISup2', '6184000787fa9db8645756bd93708e70', 1, 5, 'Test', NULL, 'ISup2', 'TEST_ISup2@publicbikesystem.com', NULL, '', NULL, 1, 'answer', 'Active', '0000201', NULL),
	(100551, 'TEST_IOp1', '6184000787fa9db8645756bd93708e70', 1, 5, 'Test', NULL, 'IOp1', 'TEST_IOp1@publicbikesystem.com', NULL, '', NULL, 1, 'answer', 'Active', '0000202', NULL),
	(100552, 'TEST_IOp2', '6184000787fa9db8645756bd93708e70', 1, 5, 'Test', NULL, 'IOp2', 'TEST_IOp2@publicbikesystem.com', NULL, '', NULL, 1, 'answer', 'Active', '0000203', NULL),
	(100553, 'blake', 'd01b68b2f076bc7bd62d6728c45acad2', 1, 5, 'Blake', NULL, 'Perry', 'bperry@publicbikesystem.com', NULL, '', NULL, 1, 'answer', 'Active', '0000204', NULL),
	(100554, 'agenovese', '785258b4dbc4df19b0aa37b5746dc155', 1, 2, 'Anthony', NULL, 'Genovese', 'agenovese@personica.com', NULL, '', NULL, 1, 'answer', 'Active', '0000205', NULL),
	(100555, 'acohen', '6f2cb7358b398b777fb313a841b7e777', 1, 2, 'alison', NULL, 'cohen', 'alisoncohen@altabicycleshare.com', NULL, '', NULL, 1, 'answer', 'Active', '0000206', NULL),
	(100556, 'phoban', '6f2cb7358b398b777fb313a841b7e777', 1, 5, 'peter', NULL, 'hoban', 'peterhoban@altabicycleshare.com', NULL, '', NULL, 1, 'answer', 'Active', '0000207', NULL),
	(100557, 'dclark', '6f2cb7358b398b777fb313a841b7e777', 1, 5, 'dave', NULL, 'clark', 'davidclark@nycbicycleshare.com', NULL, '', NULL, 1, 'answer', 'Active', '0000208', NULL),
	(100558, 'pcapezio', '6f2cb7358b398b777fb313a841b7e777', 1, 5, 'Phil', NULL, 'Capezio', 'philcapezio@nycbicycleshare.com', NULL, '', NULL, 1, 'answer', 'Active', '0000209', NULL),
	(100559, 'hasibi', '6f2cb7358b398b777fb313a841b7e777', 1, 5, 'Hasib', NULL, 'Ikramullah', 'hasibikramullah@nycbicycleshare.com', NULL, '', NULL, 1, 'answer', 'Active', '0000210', NULL),
	(100560, 'ecrotty', '384a76935bd3a1b7a93d8e822de69842', 1, 5, 'Emilia', NULL, 'Crotty', 'emiliacrotty@nycbicycleshare.com', NULL, '', NULL, 1, 'answer', 'Active', '0000211', NULL),
	(100561, 'katef', '9a32479f1e91891dd31abbeeb3594aa9', 1, 4, 'Kate', NULL, 'Fillen-Yeh', 'info@nycbicycleshare.com', NULL, '', NULL, 1, 'answer', 'Active', '0000212', NULL),
	(100562, 'janettesk', '9a32479f1e91891dd31abbeeb3594aa9', 1, 4, 'Janette', NULL, 'Sadik-Khan', 'info@nycbicycleshare.com', NULL, '', NULL, 1, 'answer', 'Active', '0000213', NULL),
	(100563, 'jono', '9a32479f1e91891dd31abbeeb3594aa9', 1, 4, 'Jon', NULL, 'Orcutt', 'info@nycbicycleshare.com', NULL, '', NULL, 1, 'answer', 'Active', '0000214', NULL),
	(100564, 'cordells', '9a32479f1e91891dd31abbeeb3594aa9', 1, 4, 'Cordell', NULL, 'Schachter', 'info@nycbicycleshare.com', NULL, '', NULL, 1, 'answer', 'Active', '0000215', NULL),
	(100565, 'varghesek', '9a32479f1e91891dd31abbeeb3594aa9', 1, 4, 'Varghese', NULL, 'Kottayadi', 'info@nycbicycleshare.com', NULL, '', NULL, 1, 'answer', 'Active', '0000216', NULL),
	(100566, 'johnf', '9a32479f1e91891dd31abbeeb3594aa9', 1, 4, 'John', NULL, 'Frost', 'info@nycbicyleshare.com', NULL, '', NULL, 1, 'answer', 'Active', '0000217', NULL),
	(100567, 'andreww', '9a32479f1e91891dd31abbeeb3594aa9', 1, 4, 'Andrew', NULL, 'Watanabe', 'info@nycbicycleshare.com', NULL, '', NULL, 1, 'answer', 'Active', '0000218', NULL),
	(100568, 'stephaniel', '9a32479f1e91891dd31abbeeb3594aa9', 1, 4, 'Stephanie', NULL, 'Levinsky', 'info@nycbicycleshare.com', NULL, '', NULL, 1, 'answer', 'Active', '0000219', NULL),
	(100569, 'devinm', '9a32479f1e91891dd31abbeeb3594aa9', 1, 4, 'Devin', NULL, 'McDowall', 'info@nycbicycleshare.com', NULL, '', NULL, 1, 'answer', 'Active', '0000220', NULL),
	(100570, 'ruchitaa', '9a32479f1e91891dd31abbeeb3594aa9', 1, 4, 'Ruchita', NULL, 'Acharya', 'info@nycbicycleshare.com', NULL, '', NULL, 1, 'answer', 'Active', '0000221', NULL),
	(100571, 'phillipd', '9a32479f1e91891dd31abbeeb3594aa9', 1, 4, 'Phillip', NULL, 'Damashek', 'info@nycbicycleshare.com', NULL, '', NULL, 1, 'answer', 'Active', '0000222', NULL),
	(100572, 'michaelb', '9a32479f1e91891dd31abbeeb3594aa9', 1, 4, 'Michael', NULL, 'Barone', 'info@nycbicycleshare.com', NULL, '', NULL, 1, 'answer', 'Active', '0000223', NULL),
	(100573, 'andrewb', '9a32479f1e91891dd31abbeeb3594aa9', 1, 4, 'Andrew', NULL, 'Burdess', 'info@nycbicycleshare.com', NULL, '', NULL, 1, 'answer', 'Active', '0000224', NULL),
	(100574, 'kerit', '9a32479f1e91891dd31abbeeb3594aa9', 1, 4, 'Keri', NULL, 'Tyler', 'info@nycbicycleshare.com', NULL, '', NULL, 1, 'answer', 'Active', '0000225', NULL),
	(100575, 'wendyf', '9a32479f1e91891dd31abbeeb3594aa9', 1, 4, 'Wendy', NULL, 'Feuer', 'info@nycbicycleshare.com', NULL, '', NULL, 1, 'answer', 'Active', '0000226', NULL),
	(100576, 'lindab', '9a32479f1e91891dd31abbeeb3594aa9', 1, 4, 'Linda', NULL, 'Bailey', 'info@nycbicycleshare.com', NULL, '', NULL, 1, 'answer', 'Active', '0000227', NULL),
	(100577, 'margaretn', '9a32479f1e91891dd31abbeeb3594aa9', 1, 4, 'Margaret', NULL, 'Newman', 'info@nycbicycleshare.com', NULL, '', NULL, 1, 'answer', 'Active', '0000228', NULL),
	(100578, 'michellec', '9a32479f1e91891dd31abbeeb3594aa9', 1, 4, 'Michelle', NULL, 'Cravin', 'info@nycbicycleshare.com', NULL, '', NULL, 1, 'answer', 'Active', '0000229', NULL),
	(100579, 'jiny', '9a32479f1e91891dd31abbeeb3594aa9', 1, 4, 'Jin', NULL, 'Yang', 'info@nycbicycleshare.com', NULL, '', NULL, 1, 'answer', 'Active', '0000230', NULL),
	(100580, 'felixl', '9a32479f1e91891dd31abbeeb3594aa9', 1, 4, 'Felix', NULL, 'Lubo', 'info@nycbicycleshare.com', NULL, '', NULL, 1, 'answer', 'Active', '0000231', NULL),
	(100581, 'robertr', '9a32479f1e91891dd31abbeeb3594aa9', 1, 4, 'Robert', NULL, 'Randazzo', 'info@nycbicycleshare.com', NULL, '', NULL, 1, 'answer', 'Active', '0000232', NULL),
	(100582, 'johns', '9a32479f1e91891dd31abbeeb3594aa9', 1, 4, 'John', NULL, 'Schneider', 'info@nycbicycleshare.com', NULL, '', NULL, 1, 'answer', 'Active', '0000233', NULL),
	(100583, 'domc', '9a32479f1e91891dd31abbeeb3594aa9', 1, 4, 'Dom', NULL, 'Carpentieri', 'info@nycbicycleshare.com', NULL, '', NULL, 1, 'answer', 'Active', '0000234', NULL),
	(100584, 'meic', '9a32479f1e91891dd31abbeeb3594aa9', 1, 4, 'Mei', NULL, 'Chiu', 'info@nycbicycleshare.com', NULL, '', NULL, 1, 'answer', 'Active', '0000235', NULL),
	(100585, 'karins', '9a32479f1e91891dd31abbeeb3594aa9', 1, 4, 'Karin', NULL, 'Sommer', 'info@nycbicycleshare.com', NULL, '', NULL, 1, 'answer', 'Active', '0000236', NULL),
	(100586, 'christinew', '9a32479f1e91891dd31abbeeb3594aa9', 1, 4, 'Christine', NULL, 'Weeks Smit', 'info@nycbicycleshare.com', NULL, '', NULL, 1, 'answer', 'Active', '0000237', NULL),
	(100587, 'neilf', '9a32479f1e91891dd31abbeeb3594aa9', 1, 4, 'Neil', NULL, 'Freeman', 'info@nycbicycleshare.com', NULL, '', NULL, 1, 'answer', 'Active', '0000238', NULL),
	(100588, 'robinlk', '9a32479f1e91891dd31abbeeb3594aa9', 1, 4, 'Robin', NULL, 'Lester Kenton', 'info@nycbicycleshare.com', NULL, '', NULL, 1, 'answer', 'Active', '0000239', NULL),
	(100589, 'seths', '9a32479f1e91891dd31abbeeb3594aa9', 1, 4, 'Seth', NULL, 'Solomonow', 'info@nycbicycleshare.com', NULL, '', NULL, 1, 'answer', 'Active', '0000240', NULL),
	(100590, 'nicholasm', '9a32479f1e91891dd31abbeeb3594aa9', 1, 4, 'Nicholas', NULL, 'Mosquera', 'info@nycbicycleshare.com', NULL, '', NULL, 1, 'answer', 'Active', '0000241', NULL),
	(100591, 'nicoleg', '9a32479f1e91891dd31abbeeb3594aa9', 1, 4, 'Nicole', NULL, 'Garcia', 'info@nycbicycleshare.com', NULL, '', NULL, 1, 'answer', 'Active', '0000242', NULL),
	(100592, 'joshb', '9a32479f1e91891dd31abbeeb3594aa9', 1, 4, 'Josh', NULL, 'Benson', 'info@nycbicycleshare.com', NULL, '', NULL, 1, 'answer', 'Active', '0000243', NULL),
	(100593, 'jenniferh', '9a32479f1e91891dd31abbeeb3594aa9', 1, 4, 'Jennifer', NULL, 'Harris-Hernandez', 'info@nycbicycleshare.com', NULL, '', NULL, 1, 'answer', 'Active', '0000244', NULL),
	(100594, 'wallacem', '9a32479f1e91891dd31abbeeb3594aa9', 1, 4, 'Wallace', NULL, 'Murray', 'info@nycbicycleshare.com', NULL, '', NULL, 1, 'answer', 'Active', '0000245', NULL),
	(100595, 'jeffm', '9a32479f1e91891dd31abbeeb3594aa9', 1, 4, 'Jeff', NULL, 'Malamy', 'info@nycbicycleshare.com', NULL, '', NULL, 1, 'answer', 'Active', '0000246', NULL),
	(100596, 'johannag', '9a32479f1e91891dd31abbeeb3594aa9', 1, 4, 'Johanna', NULL, 'Greenbaum', 'info@nycbicycleshare.com', NULL, '', NULL, 1, 'answer', 'Active', '0000247', NULL),
	(100597, 'joshuag', '9a32479f1e91891dd31abbeeb3594aa9', 1, 4, 'Joshua', NULL, 'Goldstein', 'info@nycbicycleshare.com', NULL, '', NULL, 1, 'answer', 'Active', '0000248', NULL),
	(100598, 'michaeld', '9a32479f1e91891dd31abbeeb3594aa9', 1, 4, 'Michael', NULL, 'Dardia', 'info@nycbicycleshare.com', NULL, '', NULL, 1, 'answer', 'Active', '0000249', NULL),
	(100599, 'tedw', '9a32479f1e91891dd31abbeeb3594aa9', 1, 4, 'Ted', NULL, 'Wright', 'info@nycbicycleshare.com', NULL, '', NULL, 1, 'answer', 'Active', '0000250', NULL),
	(100600, 'Jsellman', '6f2cb7358b398b777fb313a841b7e777', 1, 4, 'Jon', NULL, 'Sellman', 'info@nycbicycleshare.com', NULL, '', NULL, 1, 'answer', 'Active', '0000251', NULL),
	(100601, 'SampleR', '6f2cb7358b398b777fb313a841b7e777', 1, 4, 'Sample', NULL, 'Rider', 'info@nycbicycleshare.com', NULL, '', NULL, 1, 'answer', 'Active', '0000252', NULL),
	(100602, 'clapointe', 'db6f33e77f2911f7d310a59390f8bac0', 1, 5, 'Chantal', NULL, 'Lapointe', 'clapointe@publicbikesystem.com', NULL, '514-676-9574', NULL, 1, 'answer', 'Active', '0000253', NULL),
	(100603, 'clapointe1', '6184000787fa9db8645756bd93708e70', 1, 2, 'Chantalita', NULL, 'Lapointe1', 'chantalita_98@yahoo.com', NULL, '', NULL, 1, 'answer', 'Deleted', '0000254', NULL),
	(100604, 'erikharper', 'da2b271f72acfef2f93dd2cc6e1ebd96', 1, 5, 'Erik', NULL, 'Harper', 'erikharper@altabicycleshare.com', NULL, '', NULL, 1, 'answer', 'Active', '0000255', NULL),
	(100605, 'techwriter', '6184000787fa9db8645756bd93708e70', 1, 2, 'Chantal', NULL, 'Lapointe', 'chantalita_98@yahoo.com', NULL, '', NULL, 1, 'answer', 'Active', '0000256', NULL),
	(100606, 'sminty', '6184000787fa9db8645756bd93708e70', 1, 2, 'Steven', NULL, 'Minty', 'sminty@publicbikesystem.com', NULL, '', NULL, 1, 'answer', 'Active', '0000257', NULL),
	(100607, 'jmcbrine', '86729bbc0cd50c2cf42734787badd173', 1, 2, 'Jared', NULL, 'McBrine', 'jmcbrine@personica.com', NULL, '', NULL, 1, 'answer', 'Active', '0000258', NULL),
	(100608, 'TESTPBSC1', '6184000787fa9db8645756bd93708e70', 1, 1, 'TEST', NULL, 'PBSC', 'clapointe@publicbikesystem.com', NULL, '514-789-2494', NULL, 1, 'answer', 'Active', '0000259', NULL),
	(100609, 'PBSCTEST9', '6184000787fa9db8645756bd93708e70', 1, 2, 'testchantal', NULL, 'chantal', 'clapointe@publicbikesystem.com', NULL, '514-789-2494', NULL, 1, 'answer', 'Deleted', '0000260', NULL),
	(100610, 'TESTNOV1', '9d39d65ca95bab856ef22abcbd9a96e4', 1, 2, 'OP', NULL, 'LINUX', 'icat03@gmail.com', NULL, '', NULL, 1, 'answer', 'Deleted', '0000261', NULL),
	(100611, 'dgaudin', '1632facb654f20a057f0e98e0fb45002', 1, 5, 'Dominique', NULL, 'Gaudin', 'DGaudin@publicbikesystem.com', NULL, '', NULL, 1, 'answer', 'Active', '0000262', NULL),
	(100612, 'sfaubert', '1632facb654f20a057f0e98e0fb45002', 1, 2, 'Suzelle', NULL, 'Faubert', 'SFaubert@publicbikesystem.com', '', '514-789-2494', NULL, 1, 'answer', 'Active', '0000263', NULL),
	(100613, 'TestUser', '384a76935bd3a1b7a93d8e822de69842', 1, 5, 'Test', NULL, 'User1', 'sfaubert@publicbikesystem.com', NULL, '', NULL, 1, 'answer', 'Deleted', '0000301', NULL),
	(100614, 'dgaudin1', '3a494a7773d1b99a977a97ed57b4dd96', 1, 2, 'Dominique', NULL, 'Gaudin', 'dgaudin@publicbikesystem.com', NULL, '514-789-2494', NULL, 1, 'answer', 'Active', '0000302', NULL),
	(100615, 'bperry', '3a494a7773d1b99a977a97ed57b4dd96', 1, 2, 'Blake', NULL, 'Perry', 'bperry@publicbikesystem.com', NULL, '514-789-2494', NULL, 1, 'answer', 'Active', '0000303', NULL),
	(100616, 'mhoule', '3a494a7773d1b99a977a97ed57b4dd96', 1, 2, 'MarieHelene', NULL, 'Houle', 'mhoule@publicbikesystem.com', NULL, '514-789-2494', NULL, 1, 'answer', 'Active', '0000304', NULL),
	(100617, 'cvermette', '86729bbc0cd50c2cf42734787badd173', 1, 5, 'Christian', NULL, 'Vermette', 'cvermette@publicbikesystem.com', NULL, '', NULL, 1, 'answer', 'Active', '0000305', NULL),
	(100618, 'mlafortune', '86729bbc0cd50c2cf42734787badd173', 1, 5, 'Mario', NULL, 'Lafortune', 'mlafortune@publicbikesystem.com', NULL, '', NULL, 1, 'answer', 'Active', '0000306', NULL),
	(100619, 'sminty1', '86729bbc0cd50c2cf42734787badd173', 1, 5, 'Steven', NULL, 'Minty', 'sminty@publicbikesystem.com', NULL, '', NULL, 1, 'answer', 'Active', '0000307', NULL),
	(100620, 'peterhoban', 'b05b27a2924888f5abc88ed344f1d4e2', 1, 5, 'Peter', NULL, 'Hoabn', 'peterhoban@altabicycleshare.com', NULL, '', NULL, 1, 'answer', 'Active', '0000308', NULL),
	(100621, 'Fake', '3a494a7773d1b99a977a97ed57b4dd96', 1, 2, 'Todelete', NULL, 'User', 'sfaubert@publicbikesystem.com', NULL, '', NULL, 1, 'answer', 'Deleted', '0000309', NULL),
	(100622, 'sumh', '3a494a7773d1b99a977a97ed57b4dd96', 1, 5, 'Sumh', NULL, 'Mhsu', 'sfaubert@publicbikesystem.com', NULL, '', NULL, 1, 'answer', 'Active', '0000310', NULL),
	(100623, 'wvictoria', '86729bbc0cd50c2cf42734787badd173', 1, 5, 'Wilson', NULL, 'Victoria', 'wvictoria@publicbikesystem.com', NULL, '', NULL, 1, 'answer', 'Active', '0000311', NULL),
	(100624, 'VIP1', '6f2cb7358b398b777fb313a841b7e777', 1, 2, 'Jane', NULL, 'Doe', 'info@nycbicycleshare.com', NULL, '', NULL, 1, 'answer', 'Active', '0000312', NULL),
	(100625, 'VIP2', '6f2cb7358b398b777fb313a841b7e777', 1, 2, 'Jane', NULL, 'Doe', 'info@nycbicycleshare.com', NULL, '', NULL, 1, 'answer', 'Active', '0000313', NULL),
	(100626, 'VIP3', '6f2cb7358b398b777fb313a841b7e777', 1, 2, 'Jane', NULL, 'Doe', 'info@nycbicycleshare.com', NULL, '', NULL, 1, 'answer', 'Active', '0000314', NULL),
	(100627, 'VIP4', '6f2cb7358b398b777fb313a841b7e777', 1, 2, 'Jane', NULL, 'Doe', 'info@nycbicycleshare.com', NULL, '', NULL, 1, 'answer', 'Active', '0000315', NULL),
	(100628, 'VIP5', '6f2cb7358b398b777fb313a841b7e777', 1, 2, 'Jane', NULL, 'Doe', 'info@nycbicycleshare.com', NULL, '', NULL, 1, 'answer', 'Active', '0000316', NULL),
	(100629, 'VIP6', '6f2cb7358b398b777fb313a841b7e777', 1, 2, 'Jane', NULL, 'Doe', 'info@nycbicycleshare.com', NULL, '', NULL, 1, 'answer', 'Active', '0000317', NULL),
	(100630, 'VIP7', '6f2cb7358b398b777fb313a841b7e777', 1, 2, 'Jane', NULL, 'Doe', 'info@nycbicycleshare.com', NULL, '', NULL, 1, 'answer', 'Active', '0000318', NULL),
	(100631, 'VIP8', '6f2cb7358b398b777fb313a841b7e777', 1, 2, 'Jane', NULL, 'Doe', 'info@nycbicycleshare.com', NULL, '', NULL, 1, 'answer', 'Active', '0000319', NULL),
	(100632, 'VIP9', '6f2cb7358b398b777fb313a841b7e777', 1, 2, 'Jane', NULL, 'Doe', 'info@nycbicycleshare.com', NULL, '', NULL, 1, 'answer', 'Active', '0000320', NULL),
	(100633, 'VIP10', '6f2cb7358b398b777fb313a841b7e777', 1, 2, 'Jane', NULL, 'Doe', 'info@nycbicycleshare.com', NULL, '', NULL, 1, 'answer', 'Active', '0000321', NULL),
	(100634, 'VIP11', '6f2cb7358b398b777fb313a841b7e777', 1, 2, 'Jane', NULL, 'Doe', 'info@nycbicycleshare.com', NULL, '', NULL, 1, 'answer', 'Active', '0000322', NULL),
	(100635, 'VIP12', '6f2cb7358b398b777fb313a841b7e777', 1, 2, 'Jane', NULL, 'Doe', 'info@nycbicycleshare.com', NULL, '', NULL, 1, 'answer', 'Active', '0000323', NULL),
	(100636, 'VIP13', '6f2cb7358b398b777fb313a841b7e777', 1, 2, 'Jane', NULL, 'Doe', 'info@nycbicycleshare.com', NULL, '', NULL, 1, 'answer', 'Active', '0000324', NULL),
	(100637, 'VIP14', '6f2cb7358b398b777fb313a841b7e777', 1, 2, 'Jane', NULL, 'Doe', 'info@nycbicycleshare.com', NULL, '', NULL, 1, 'answer', 'Active', '0000325', NULL),
	(100638, 'VIP15', '6f2cb7358b398b777fb313a841b7e777', 1, 2, 'Jane', NULL, 'Doe', 'info@nycbicycleshare.com', NULL, '', NULL, 1, 'answer', 'Active', '0000326', NULL),
	(100639, 'VIP16', '6f2cb7358b398b777fb313a841b7e777', 1, 2, 'Jane', NULL, 'Doe', 'info@nycbicycleshare.com', NULL, '', NULL, 1, 'answer', 'Active', '0000327', NULL),
	(100640, 'VIP17', '6f2cb7358b398b777fb313a841b7e777', 1, 2, 'Jane', NULL, 'Doe', 'info@nycbicycleshare.com', NULL, '', NULL, 1, 'answer', 'Active', '0000328', NULL),
	(100641, 'VIP18', '6f2cb7358b398b777fb313a841b7e777', 1, 2, 'Jane', NULL, 'Doe', 'info@nycbicycleshare.com', NULL, '', NULL, 1, 'answer', 'Active', '0000329', NULL),
	(100642, 'VIP19', '6f2cb7358b398b777fb313a841b7e777', 1, 2, 'Jane', NULL, 'Doe', 'info@nycbicycleshare.com', NULL, '', NULL, 1, 'answer', 'Active', '0000330', NULL),
	(100643, 'VIP20', '6f2cb7358b398b777fb313a841b7e777', 1, 2, 'Jane', NULL, 'Doe', 'info@nycbicycleshare.com', NULL, '', NULL, 1, 'answer', 'Active', '0000331', NULL),
	(100644, 'agenovese1', '86729bbc0cd50c2cf42734787badd173', 1, 5, 'Tony', NULL, 'Genovese', 'agenovese@uyujhj.com', NULL, '', NULL, 1, 'answer', 'Active', '0000332', NULL),
	(100645, 'soapui', '3a494a7773d1b99a977a97ed57b4dd96', 1, 5, 'soapui', '', 'user', 'soapui@publicbikesystem.com', NULL, '', 'en', 1, 'answer', 'Active', '0000333', NULL),
	(100646, 'Test188', 'e1fe0c77dbf7f43d21da5720b0177f25', NULL, 2, 'Test', NULL, 'User', 'sfaubert@publicbikesystem.com', '', '', NULL, 1, 'answer', 'Deleted', '0000334', NULL),
	(100651, 'nhat', 'a3f7dc31b1e41b5b5e72d58de99f7063', NULL, 2, 'ANHA', NULL, 'Hoang', 'abc@xyz.com', '', '', NULL, 1, 'answer', 'Active', 'U2', NULL),
	(100653, 'user1', '3a494a7773d1b99a977a97ed57b4dd96', 1, 2, 'Admin', '', 'Admin', 'yuri@publicbikesystem.com', NULL, '1234567890', 'en', 1, 'answer', 'Active', '0000001', NULL);
/*!40000 ALTER TABLE `user` ENABLE KEYS */;


-- Dumping structure for table naesta_cleanup.usergroup
DROP TABLE IF EXISTS `usergroup`;
CREATE TABLE IF NOT EXISTS `usergroup` (
  `groupid` int(11) NOT NULL,
  `userid` int(11) NOT NULL,
  PRIMARY KEY (`groupid`,`userid`),
  UNIQUE KEY `USERGROUP_UNIQUE` (`userid`,`groupid`),
  KEY `FK_USERGROUP_USERID` (`userid`),
  KEY `FK_USERGROUP_GROUPID` (`groupid`),
  KEY `FK8A5BE154B0FD06DF` (`userid`),
  CONSTRAINT `FK_USERGROUP_GROUPID` FOREIGN KEY (`groupid`) REFERENCES `groups` (`id`) ON DELETE CASCADE ON UPDATE NO ACTION,
  CONSTRAINT `FK_USERGROUP_USERID` FOREIGN KEY (`userid`) REFERENCES `user` (`id`) ON DELETE CASCADE ON UPDATE NO ACTION
) ENGINE=InnoDB DEFAULT CHARSET=latin1;

-- Dumping data for table naesta_cleanup.usergroup: ~152 rows (approximately)
DELETE FROM `usergroup`;
/*!40000 ALTER TABLE `usergroup` DISABLE KEYS */;
INSERT INTO `usergroup` (`groupid`, `userid`) VALUES
	(1, 1),
	(2, 1),
	(3, 1),
	(4, 1),
	(39, 1),
	(41, 1),
	(43, 1),
	(59, 1),
	(2, 2),
	(39, 2),
	(67, 2),
	(2, 3),
	(2, 99),
	(2, 100531),
	(41, 100531),
	(67, 100531),
	(2, 100532),
	(2, 100533),
	(2, 100534),
	(2, 100535),
	(2, 100536),
	(39, 100536),
	(2, 100537),
	(39, 100537),
	(2, 100538),
	(39, 100538),
	(2, 100539),
	(2, 100540),
	(2, 100541),
	(2, 100542),
	(2, 100543),
	(2, 100544),
	(2, 100545),
	(2, 100546),
	(2, 100547),
	(39, 100547),
	(2, 100548),
	(39, 100548),
	(2, 100549),
	(2, 100550),
	(2, 100551),
	(2, 100552),
	(2, 100553),
	(67, 100553),
	(2, 100554),
	(2, 100555),
	(2, 100556),
	(2, 100557),
	(2, 100558),
	(2, 100559),
	(2, 100560),
	(67, 100560),
	(2, 100561),
	(2, 100562),
	(2, 100563),
	(2, 100564),
	(2, 100565),
	(2, 100566),
	(2, 100567),
	(2, 100568),
	(2, 100569),
	(2, 100570),
	(2, 100571),
	(2, 100572),
	(2, 100573),
	(2, 100574),
	(2, 100575),
	(2, 100576),
	(2, 100577),
	(2, 100578),
	(2, 100579),
	(2, 100580),
	(2, 100581),
	(2, 100582),
	(2, 100583),
	(2, 100584),
	(2, 100585),
	(2, 100586),
	(2, 100587),
	(2, 100588),
	(2, 100589),
	(2, 100590),
	(2, 100591),
	(2, 100592),
	(2, 100593),
	(2, 100594),
	(2, 100595),
	(2, 100596),
	(2, 100597),
	(2, 100598),
	(2, 100599),
	(2, 100600),
	(2, 100601),
	(2, 100602),
	(2, 100603),
	(2, 100604),
	(67, 100604),
	(2, 100605),
	(2, 100606),
	(67, 100606),
	(2, 100607),
	(39, 100607),
	(2, 100608),
	(2, 100609),
	(2, 100610),
	(2, 100611),
	(67, 100611),
	(2, 100612),
	(67, 100612),
	(2, 100613),
	(2, 100614),
	(67, 100614),
	(2, 100615),
	(67, 100615),
	(2, 100616),
	(67, 100616),
	(2, 100617),
	(67, 100617),
	(2, 100618),
	(67, 100618),
	(2, 100619),
	(67, 100619),
	(2, 100620),
	(2, 100621),
	(2, 100622),
	(2, 100623),
	(67, 100623),
	(2, 100624),
	(2, 100625),
	(2, 100626),
	(2, 100627),
	(2, 100628),
	(2, 100629),
	(2, 100630),
	(2, 100631),
	(2, 100632),
	(2, 100633),
	(2, 100634),
	(2, 100635),
	(2, 100636),
	(2, 100637),
	(2, 100638),
	(2, 100639),
	(2, 100640),
	(2, 100641),
	(2, 100642),
	(2, 100643),
	(2, 100644),
	(67, 100644),
	(2, 100646),
	(2, 100651),
	(2, 100653);
/*!40000 ALTER TABLE `usergroup` ENABLE KEYS */;


-- Dumping structure for table naesta_cleanup.wirelessmodule
DROP TABLE IF EXISTS `wirelessmodule`;
CREATE TABLE IF NOT EXISTS `wirelessmodule` (
  `id` int(10) NOT NULL AUTO_INCREMENT,
  `uaid` varchar(45) NOT NULL,
  `msnbc` varchar(100) DEFAULT NULL,
  `msnemb` varchar(100) DEFAULT NULL,
  `obcn` varchar(100) DEFAULT NULL,
  `macadress` varchar(45) DEFAULT NULL,
  `registeredon` timestamp NULL DEFAULT NULL,
  `kiosk_id` int(10) DEFAULT NULL,
  `status_operative` int(1) DEFAULT NULL,
  `status_enable` varchar(1) DEFAULT NULL,
  PRIMARY KEY (`id`),
  UNIQUE KEY `uaid_UNIQUE` (`uaid`),
  UNIQUE KEY `msnbc` (`msnbc`),
  UNIQUE KEY `msnemb` (`msnemb`),
  UNIQUE KEY `obcn` (`obcn`),
  UNIQUE KEY `macadress` (`macadress`)
) ENGINE=InnoDB DEFAULT CHARSET=latin1;

-- Dumping data for table naesta_cleanup.wirelessmodule: ~0 rows (approximately)
DELETE FROM `wirelessmodule`;
/*!40000 ALTER TABLE `wirelessmodule` DISABLE KEYS */;
/*!40000 ALTER TABLE `wirelessmodule` ENABLE KEYS */;


-- Dumping structure for trigger naesta_cleanup.faulty_Bike_Event
DROP TRIGGER IF EXISTS `faulty_Bike_Event`;
SET @OLDTMP_SQL_MODE=@@SQL_MODE, SQL_MODE='';
DELIMITER //
CREATE TRIGGER `faulty_Bike_Event` AFTER UPDATE ON `dockingpoint` FOR EACH ROW BEGIN
DECLARE BikeId INT;
DECLARE dockingPointId INT;
DECLARE Station INT;
DECLARE kskId INT;
    
    # Check if previous status and new status of bike is not same
    IF(new.holdDefectiveBK = 1) THEN
		#IF(new.id is not null) THEN    
			SET BikeId = (SELECT id from bike where bike.dpid = old.id);
			# Inserting data for faulty bike entries into event_transaction table
			INSERT INTO event_transaction(eventId,receptiondt,eventcreationdt,eventclosedt,station,kiosk,bike,dock,event_value) 
			VALUES(46,NOW(),NOW(),NOW(),old.stationid,old.kskId,BikeId,old.id, 'Faulty');
		#END IF;
    END IF;
END//
DELIMITER ;
SET SQL_MODE=@OLDTMP_SQL_MODE;


-- Dumping structure for trigger naesta_cleanup.USERAFTER_ADDTOGROUPUSER
DROP TRIGGER IF EXISTS `USERAFTER_ADDTOGROUPUSER`;
SET @OLDTMP_SQL_MODE=@@SQL_MODE, SQL_MODE='NO_ENGINE_SUBSTITUTION';
DELIMITER //
CREATE TRIGGER `USERAFTER_ADDTOGROUPUSER` AFTER INSERT ON `user` FOR EACH ROW BEGIN
    DECLARE groupid INT;
    SELECT g.id into groupid FROM groups g WHERE g.name = 'USER';
    INSERT INTO usergroup VALUES (groupid,NEW.id);
END//
DELIMITER ;
SET SQL_MODE=@OLDTMP_SQL_MODE;


-- Dumping structure for trigger naesta_cleanup.USERAFTER_DELETEFROMGROUPUSER
DROP TRIGGER IF EXISTS `USERAFTER_DELETEFROMGROUPUSER`;
SET @OLDTMP_SQL_MODE=@@SQL_MODE, SQL_MODE='NO_ENGINE_SUBSTITUTION';
DELIMITER //
CREATE TRIGGER `USERAFTER_DELETEFROMGROUPUSER` AFTER DELETE ON `user` FOR EACH ROW BEGIN
    DECLARE gid INT;
    SELECT g.id into gid FROM groups g WHERE g.name = 'USER';
    DELETE FROM usergroup where userid = OLD.id and groupid = gid;
END//
DELIMITER ;
SET SQL_MODE=@OLDTMP_SQL_MODE;
/*!40101 SET SQL_MODE=IFNULL(@OLD_SQL_MODE, '') */;
/*!40014 SET FOREIGN_KEY_CHECKS=IF(@OLD_FOREIGN_KEY_CHECKS IS NULL, 1, @OLD_FOREIGN_KEY_CHECKS) */;
/*!40101 SET CHARACTER_SET_CLIENT=@OLD_CHARACTER_SET_CLIENT */;
